UniProt	Site	AminoAcid	GlyTouCan	Composition	GlycoType	Glycopeptides
O75636	189	Asn	G08293MJ	HexNAc(4)Hex(5)dHex(1)NeuAc(1)	N-Glycan	PE000574
O75636	189	Asn	G88374WZ	HexNAc(4)Hex(5)dHex(1)NeuAc(2)	N-Glycan	PE000575
O75882	325	Asn	G00912UN	HexNAc(4)Hex(5)NeuAc(2)	N-Glycan	PE000022
O75882	428	Asn	G01650EU	HexNAc(3)Hex(6)NeuAc(1)	N-Glycan	PE000850
O75882	428	Asn	G28541PG	HexNAc(3)Hex(6)	N-Glycan	PE001127
O75882	428	Asn	G37399XV	HexNAc(3)Hex(5)NeuAc(1)	N-Glycan	PE001128
O75882	428	Asn	G57776ZU	HexNAc(3)Hex(4)	N-Glycan	PE001131
O75882	731	Asn	G00912UN	HexNAc(4)Hex(5)NeuAc(2)	N-Glycan	PE000531
O75882	731	Asn	G47737VJ	HexNAc(4)Hex(5)dHex(2)NeuAc(1)	N-Glycan	PE000907
O75882	1043	Asn	G00912UN	HexNAc(4)Hex(5)NeuAc(2)	N-Glycan	PE000674
P00450	138	Asn	G00912UN	HexNAc(4)Hex(5)NeuAc(2)	N-Glycan	PE000235,PE000679
P00450	138	Asn	G06247RL	HexNAc(5)Hex(6)NeuAc(3)	N-Glycan	PE000567
P00450	138	Asn	G10486CT	HexNAc(4)Hex(5)	N-Glycan	PE000278
P00450	138	Asn	G27947YN	HexNAc(5)Hex(6)NeuAc(2)	N-Glycan	PE000857
P00450	138	Asn	G59626AS	HexNAc(4)Hex(5)NeuAc(1)	N-Glycan	PE000478
P00450	138	Asn	G83555HU	HexNAc(4)Hex(5)dHex(1)	N-Glycan	PE000086
P00450	138	Asn	G85144OK	HexNAc(5)Hex(6)dHex(1)NeuAc(2)	N-Glycan	PE000858
P00450	138	Asn	G86752LQ	HexNAc(5)Hex(6)dHex(1)NeuAc(1)	N-Glycan	PE001135
P00450	138	Asn	G88374WZ	HexNAc(4)Hex(5)dHex(1)NeuAc(2)	N-Glycan	PE000479
P00450	138	Asn	G94917XT	HexNAc(5)Hex(6)dHex(1)NeuAc(3)	N-Glycan	PE000568
P00450	358	Asn	G00912UN	HexNAc(4)Hex(5)NeuAc(2)	N-Glycan	PE000007
P00450	358	Asn	G10486CT	HexNAc(4)Hex(5)	N-Glycan	PE000106
P00450	358	Asn	G44211QA	HexNAc(5)Hex(6)dHex(1)	N-Glycan	PE000354
P00450	358	Asn	G83555HU	HexNAc(4)Hex(5)dHex(1)	N-Glycan	PE000297
P00450	397	Asn	G00912UN	HexNAc(4)Hex(5)NeuAc(2)	N-Glycan	PE000589
P00450	397	Asn	G06247RL	HexNAc(5)Hex(6)NeuAc(3)	N-Glycan	PE000590
P00450	397	Asn	G10486CT	HexNAc(4)Hex(5)	N-Glycan	PE000287
P00450	397	Asn	G59626AS	HexNAc(4)Hex(5)NeuAc(1)	N-Glycan	PE000485
P00450	397	Asn	G88374WZ	HexNAc(4)Hex(5)dHex(1)NeuAc(2)	N-Glycan	PE000591
P00450	397	Asn	G94917XT	HexNAc(5)Hex(6)dHex(1)NeuAc(3)	N-Glycan	PE000592
P00450	762	Asn	G00912UN	HexNAc(4)Hex(5)NeuAc(2)	N-Glycan	PE000480,PE000665
P00450	762	Asn	G06247RL	HexNAc(5)Hex(6)NeuAc(3)	N-Glycan	PE000481,PE000639
P00450	762	Asn	G10486CT	HexNAc(4)Hex(5)	N-Glycan	PE000282
P00450	762	Asn	G27947YN	HexNAc(5)Hex(6)NeuAc(2)	N-Glycan	PE000859,PE000862
P00450	762	Asn	G40926MX	HexNAc(5)Hex(6)NeuAc(1)	N-Glycan	PE000860,PE000863
P00450	762	Asn	G44211QA	HexNAc(5)Hex(6)dHex(1)	N-Glycan	PE000352
P00450	762	Asn	G59626AS	HexNAc(4)Hex(5)NeuAc(1)	N-Glycan	PE000482,PE000483
P00450	762	Asn	G60033FS	HexNAc(5)Hex(6)	N-Glycan	PE000290
P00450	762	Asn	G66933CM	HexNAc(5)Hex(6)dHex(2)	N-Glycan	PE001047
P00450	762	Asn	G83555HU	HexNAc(4)Hex(5)dHex(1)	N-Glycan	PE000286
P00450	762	Asn	G85144OK	HexNAc(5)Hex(6)dHex(1)NeuAc(2)	N-Glycan	PE000861,PE000864
P00450	762	Asn	G86752LQ	HexNAc(5)Hex(6)dHex(1)NeuAc(1)	N-Glycan	PE001136,PE001167
P00450	762	Asn	G88374WZ	HexNAc(4)Hex(5)dHex(1)NeuAc(2)	N-Glycan	PE000484
P00450	762	Asn	G94917XT	HexNAc(5)Hex(6)dHex(1)NeuAc(3)	N-Glycan	PE000608,PE000640
P00734	143	Asn	G00912UN	HexNAc(4)Hex(5)NeuAc(2)	N-Glycan	PE000550
P00734	143	Asn	G08578KJ	HexNAc(9)Hex(9)dHex(1)	N-Glycan	PE001151
P00734	143	Asn	G10486CT	HexNAc(4)Hex(5)	N-Glycan	PE000551
P00734	143	Asn	G47737VJ	HexNAc(4)Hex(5)dHex(2)NeuAc(1)	N-Glycan	PE000913
P00734	143	Asn	G59626AS	HexNAc(4)Hex(5)NeuAc(1)	N-Glycan	PE000552
P00734	416	Asn	G59626AS	HexNAc(4)Hex(5)NeuAc(1)	N-Glycan	PE000457
P00736	514	Asn	G00912UN	HexNAc(4)Hex(5)NeuAc(2)	N-Glycan	PE000638
P00738	184	Asn	G00912UN	HexNAc(4)Hex(5)NeuAc(2)	N-Glycan	PE000015,PE000041
P00738	184	Asn	G06247RL	HexNAc(5)Hex(6)NeuAc(3)	N-Glycan	PE000269,PE000437
P00738	184	Asn	G08293MJ	HexNAc(4)Hex(5)dHex(1)NeuAc(1)	N-Glycan	PE000127
P00738	184	Asn	G10486CT	HexNAc(4)Hex(5)	N-Glycan	PE000021,PE000023
P00738	184	Asn	G27126ED	HexNAc(4)Hex(6)NeuAc(1)	N-Glycan	PE001120,PE001121
P00738	184	Asn	G27947YN	HexNAc(5)Hex(6)NeuAc(2)	N-Glycan	PE000779
P00738	184	Asn	G40926MX	HexNAc(5)Hex(6)NeuAc(1)	N-Glycan	PE000824,PE000844
P00738	184	Asn	G44211QA	HexNAc(5)Hex(6)dHex(1)	N-Glycan	PE000343
P00738	184	Asn	G45504EY	HexNAc(4)Hex(4)NeuAc(1)	N-Glycan	PE000845
P00738	184	Asn	G47737VJ	HexNAc(4)Hex(5)dHex(2)NeuAc(1)	N-Glycan	PE000822,PE000825
P00738	184	Asn	G59626AS	HexNAc(4)Hex(5)NeuAc(1)	N-Glycan	PE000119,PE000151
P00738	184	Asn	G60033FS	HexNAc(5)Hex(6)	N-Glycan	PE000040,PE000042
P00738	184	Asn	G83555HU	HexNAc(4)Hex(5)dHex(1)	N-Glycan	PE000065
P00738	184	Asn	G85144OK	HexNAc(5)Hex(6)dHex(1)NeuAc(2)	N-Glycan	PE000823,PE000826
P00738	184	Asn	G86182NS	HexNAc(5)Hex(4)NeuAc(1)	N-Glycan	PE000846
P00738	184	Asn	G88374WZ	HexNAc(4)Hex(5)dHex(1)NeuAc(2)	N-Glycan	PE000120,PE000133
P00738	184	Asn	G94917XT	HexNAc(5)Hex(6)dHex(1)NeuAc(3)	N-Glycan	PE000124,PE000153
P00738	184	Asn	G95865ZB	HexNAc(3)Hex(4)NeuAc(1)	N-Glycan	PE001124
P00738	207	Asn	G00912UN	HexNAc(4)Hex(5)NeuAc(2)	N-Glycan	PE000599
P00738	241	Asn	G00912UN	HexNAc(4)Hex(5)NeuAc(2)	N-Glycan	PE000053
P00738	241	Asn	G06247RL	HexNAc(5)Hex(6)NeuAc(3)	N-Glycan	PE000150
P00738	241	Asn	G07799LX	HexNAc(4)Hex(5)dHex(3)NeuAc(1)	N-Glycan	PE001095
P00738	241	Asn	G08293MJ	HexNAc(4)Hex(5)dHex(1)NeuAc(1)	N-Glycan	PE000217
P00738	241	Asn	G10486CT	HexNAc(4)Hex(5)	N-Glycan	PE000083
P00738	241	Asn	G11115RO	HexNAc(6)Hex(7)NeuAc(4)	N-Glycan	PE000934
P00738	241	Asn	G27126ED	HexNAc(4)Hex(6)NeuAc(1)	N-Glycan	PE001110
P00738	241	Asn	G27947YN	HexNAc(5)Hex(6)NeuAc(2)	N-Glycan	PE000813
P00738	241	Asn	G31986NC	HexNAc(4)Hex(7)NeuAc(1)	N-Glycan	PE001096
P00738	241	Asn	G40926MX	HexNAc(5)Hex(6)NeuAc(1)	N-Glycan	PE000836
P00738	241	Asn	G41044JW	HexNAc(6)Hex(7)dHex(1)NeuAc(3)	N-Glycan	PE000814
P00738	241	Asn	G43669FQ	HexNAc(6)Hex(7)	N-Glycan	PE001072
P00738	241	Asn	G44211QA	HexNAc(5)Hex(6)dHex(1)	N-Glycan	PE000350
P00738	241	Asn	G44753VC	HexNAc(6)Hex(7)NeuAc(1)	N-Glycan	PE001084
P00738	241	Asn	G45504EY	HexNAc(4)Hex(4)NeuAc(1)	N-Glycan	PE000815
P00738	241	Asn	G59626AS	HexNAc(4)Hex(5)NeuAc(1)	N-Glycan	PE000137
P00738	241	Asn	G60033FS	HexNAc(5)Hex(6)	N-Glycan	PE000078
P00738	241	Asn	G60923RB	HexNAc(4)Hex(5)dHex(2)	N-Glycan	PE000837
P00738	241	Asn	G87051GH	HexNAc(4)Hex(5)dHex(3)	N-Glycan	PE001111
P00738	241	Asn	G88374WZ	HexNAc(4)Hex(5)dHex(1)NeuAc(2)	N-Glycan	PE000064
P00738	241	Asn	G94917XT	HexNAc(5)Hex(6)dHex(1)NeuAc(3)	N-Glycan	PE000066
P00738	241	Asn	G99679NM	HexNAc(6)Hex(7)NeuAc(3)	N-Glycan	PE000816
P00751	122	Asn	G00912UN	HexNAc(4)Hex(5)NeuAc(2)	N-Glycan	PE000654
P00751	122	Asn	G10486CT	HexNAc(4)Hex(5)	N-Glycan	PE000422
P00751	285	Asn	G00912UN	HexNAc(4)Hex(5)NeuAc(2)	N-Glycan	PE000102
P00751	378	Asn	G00912UN	HexNAc(4)Hex(5)NeuAc(2)	N-Glycan	PE000416
P00751	378	Asn	G88374WZ	HexNAc(4)Hex(5)dHex(1)NeuAc(2)	N-Glycan	PE000110
P01008	128	Asn	G00912UN	HexNAc(4)Hex(5)NeuAc(2)	N-Glycan	PE000111,PE000369
P01008	128	Asn	G10486CT	HexNAc(4)Hex(5)	N-Glycan	PE000371
P01008	128	Asn	G59626AS	HexNAc(4)Hex(5)NeuAc(1)	N-Glycan	PE000435,PE000521
P01008	128	Asn	G88374WZ	HexNAc(4)Hex(5)dHex(1)NeuAc(2)	N-Glycan	PE000436
P01008	187	Asn	G00912UN	HexNAc(4)Hex(5)NeuAc(2)	N-Glycan	PE000370
P01008	187	Asn	G10486CT	HexNAc(4)Hex(5)	N-Glycan	PE000541
P01008	187	Asn	G59626AS	HexNAc(4)Hex(5)NeuAc(1)	N-Glycan	PE000542
P01008	187	Asn	G88374WZ	HexNAc(4)Hex(5)dHex(1)NeuAc(2)	N-Glycan	PE000049
P01009	70	Asn	G15038BD	HexNAc(4)Hex(6)dHex(1)NeuAc(1)	N-Glycan	PE000780
P01009	70	Asn	G41044JW	HexNAc(6)Hex(7)dHex(1)NeuAc(3)	N-Glycan	PE000781
P01009	70	Asn	G44211QA	HexNAc(5)Hex(6)dHex(1)	N-Glycan	PE000377,PE000381
P01009	107	Asn	G00912UN	HexNAc(4)Hex(5)NeuAc(2)	N-Glycan	PE000242
P01009	107	Asn	G06247RL	HexNAc(5)Hex(6)NeuAc(3)	N-Glycan	PE000241
P01009	107	Asn	G08293MJ	HexNAc(4)Hex(5)dHex(1)NeuAc(1)	N-Glycan	PE000001
P01009	107	Asn	G10486CT	HexNAc(4)Hex(5)	N-Glycan	PE000341
P01009	107	Asn	G12341GU	HexNAc(7)Hex(8)NeuAc(1)	N-Glycan	PE001028
P01009	107	Asn	G15038BD	HexNAc(4)Hex(6)dHex(1)NeuAc(1)	N-Glycan	PE000769
P01009	107	Asn	G27947YN	HexNAc(5)Hex(6)NeuAc(2)	N-Glycan	PE000803
P01009	107	Asn	G37412TK	HexNAc(5)Hex(4)NeuAc(2)	N-Glycan	PE001029
P01009	107	Asn	G43669FQ	HexNAc(6)Hex(7)	N-Glycan	PE001045
P01009	107	Asn	G44211QA	HexNAc(5)Hex(6)dHex(1)	N-Glycan	PE000342
P01009	107	Asn	G49739MP	HexNAc(6)Hex(7)dHex(1)	N-Glycan	PE001073
P01009	107	Asn	G59626AS	HexNAc(4)Hex(5)NeuAc(1)	N-Glycan	PE000006
P01009	107	Asn	G60033FS	HexNAc(5)Hex(6)	N-Glycan	PE000351
P01009	107	Asn	G66933CM	HexNAc(5)Hex(6)dHex(2)	N-Glycan	PE001046
P01009	107	Asn	G83555HU	HexNAc(4)Hex(5)dHex(1)	N-Glycan	PE000360
P01009	107	Asn	G85144OK	HexNAc(5)Hex(6)dHex(1)NeuAc(2)	N-Glycan	PE000805
P01009	107	Asn	G88374WZ	HexNAc(4)Hex(5)dHex(1)NeuAc(2)	N-Glycan	PE000258
P01009	107	Asn	G94917XT	HexNAc(5)Hex(6)dHex(1)NeuAc(3)	N-Glycan	PE000323,PE000407
P01009	271	Asn	G00912UN	HexNAc(4)Hex(5)NeuAc(2)	N-Glycan	PE000045,PE000247,PE000272
P01009	271	Asn	G06247RL	HexNAc(5)Hex(6)NeuAc(3)	N-Glycan	PE000260
P01009	271	Asn	G10486CT	HexNAc(4)Hex(5)	N-Glycan	PE000346,PE000359
P01009	271	Asn	G57776ZU	HexNAc(3)Hex(4)	N-Glycan	PE001085
P01009	271	Asn	G59626AS	HexNAc(4)Hex(5)NeuAc(1)	N-Glycan	PE000220,PE000549
P01009	271	Asn	G60923RB	HexNAc(4)Hex(5)dHex(2)	N-Glycan	PE000851
P01009	271	Asn	G83555HU	HexNAc(4)Hex(5)dHex(1)	N-Glycan	PE000103,PE000368
P01009	271	Asn	G88374WZ	HexNAc(4)Hex(5)dHex(1)NeuAc(2)	N-Glycan	PE000072,PE000254
P01009	271	Asn	G94917XT	HexNAc(5)Hex(6)dHex(1)NeuAc(3)	N-Glycan	PE000073
P01011	93	Asn	G00912UN	HexNAc(4)Hex(5)NeuAc(2)	N-Glycan	PE000243,PE000270
P01011	93	Asn	G10486CT	HexNAc(4)Hex(5)	N-Glycan	PE000306
P01011	93	Asn	G94917XT	HexNAc(5)Hex(6)dHex(1)NeuAc(3)	N-Glycan	PE000321
P01011	106	Asn	G00912UN	HexNAc(4)Hex(5)NeuAc(2)	N-Glycan	PE000017
P01011	106	Asn	G06247RL	HexNAc(5)Hex(6)NeuAc(3)	N-Glycan	PE000018
P01011	106	Asn	G11115RO	HexNAc(6)Hex(7)NeuAc(4)	N-Glycan	PE000806
P01011	106	Asn	G43669FQ	HexNAc(6)Hex(7)	N-Glycan	PE001048
P01011	106	Asn	G49739MP	HexNAc(6)Hex(7)dHex(1)	N-Glycan	PE001075
P01011	106	Asn	G60033FS	HexNAc(5)Hex(6)	N-Glycan	PE000071
P01011	106	Asn	G94917XT	HexNAc(5)Hex(6)dHex(1)NeuAc(3)	N-Glycan	PE000401
P01011	106	Asn	G95678HJ	HexNAc(6)Hex(7)dHex(1)NeuAc(4)	N-Glycan	PE000807
P01011	127	Asn	G00912UN	HexNAc(4)Hex(5)NeuAc(2)	N-Glycan	PE000656
P01011	127	Asn	G06247RL	HexNAc(5)Hex(6)NeuAc(3)	N-Glycan	PE000657
P01011	127	Asn	G40926MX	HexNAc(5)Hex(6)NeuAc(1)	N-Glycan	PE000888
P01011	186	Asn	G00912UN	HexNAc(4)Hex(5)NeuAc(2)	N-Glycan	PE000158,PE000159
P01011	186	Asn	G06247RL	HexNAc(5)Hex(6)NeuAc(3)	N-Glycan	PE000160
P01011	186	Asn	G88374WZ	HexNAc(4)Hex(5)dHex(1)NeuAc(2)	N-Glycan	PE000157
P01011	271	Asn	G00912UN	HexNAc(4)Hex(5)NeuAc(2)	N-Glycan	PE000077,PE000117
P01011	271	Asn	G06247RL	HexNAc(5)Hex(6)NeuAc(3)	N-Glycan	PE000079,PE000081,PE000115
P01011	271	Asn	G11115RO	HexNAc(6)Hex(7)NeuAc(4)	N-Glycan	PE000721
P01011	271	Asn	G12341GU	HexNAc(7)Hex(8)NeuAc(1)	N-Glycan	PE001102
P01011	271	Asn	G27947YN	HexNAc(5)Hex(6)NeuAc(2)	N-Glycan	PE000722
P01011	271	Asn	G44211QA	HexNAc(5)Hex(6)dHex(1)	N-Glycan	PE000339
P01011	271	Asn	G60033FS	HexNAc(5)Hex(6)	N-Glycan	PE000298
P01011	271	Asn	G85144OK	HexNAc(5)Hex(6)dHex(1)NeuAc(2)	N-Glycan	PE000723
P01011	271	Asn	G88374WZ	HexNAc(4)Hex(5)dHex(1)NeuAc(2)	N-Glycan	PE000156
P01011	271	Asn	G94917XT	HexNAc(5)Hex(6)dHex(1)NeuAc(3)	N-Glycan	PE000080,PE000082,PE000328
P01011	271	Asn	G95678HJ	HexNAc(6)Hex(7)dHex(1)NeuAc(4)	N-Glycan	PE000724
P01011	271	Asn	G99679NM	HexNAc(6)Hex(7)NeuAc(3)	N-Glycan	PE000725
P01019	47	Asn	G00912UN	HexNAc(4)Hex(5)NeuAc(2)	N-Glycan	PE000068
P01019	47	Asn	G10486CT	HexNAc(4)Hex(5)	N-Glycan	PE000546
P01019	47	Asn	G47737VJ	HexNAc(4)Hex(5)dHex(2)NeuAc(1)	N-Glycan	PE000838
P01019	47	Asn	G59626AS	HexNAc(4)Hex(5)NeuAc(1)	N-Glycan	PE000218
P01019	47	Asn	G60923RB	HexNAc(4)Hex(5)dHex(2)	N-Glycan	PE000839
P01019	170	Asn	G00912UN	HexNAc(4)Hex(5)NeuAc(2)	N-Glycan	PE000116
P01023	55	Asn	G00912UN	HexNAc(4)Hex(5)NeuAc(2)	N-Glycan	PE000097
P01023	55	Asn	G10486CT	HexNAc(4)Hex(5)	N-Glycan	PE000024
P01023	55	Asn	G47737VJ	HexNAc(4)Hex(5)dHex(2)NeuAc(1)	N-Glycan	PE000821
P01023	247	Asn	G10486CT	HexNAc(4)Hex(5)	N-Glycan	PE000301
P01023	247	Asn	G94917XT	HexNAc(5)Hex(6)dHex(1)NeuAc(3)	N-Glycan	PE000409,PE000410
P01023	869	Asn	G01650EU	HexNAc(3)Hex(6)NeuAc(1)	N-Glycan	PE000782,PE000931
P01023	869	Asn	G02815KT	HexNAc(2)Hex(5)	N-Glycan	PE000800
P01023	869	Asn	G10486CT	HexNAc(4)Hex(5)	N-Glycan	PE000054,PE000283
P01023	869	Asn	G28541PG	HexNAc(3)Hex(6)	N-Glycan	PE001068,PE001070
P01023	869	Asn	G37399XV	HexNAc(3)Hex(5)NeuAc(1)	N-Glycan	PE001165
P01023	869	Asn	G39446WN	HexNAc(3)Hex(5)	N-Glycan	PE001071,PE001080
P01023	869	Asn	G41247ZX	HexNAc(2)Hex(6)	N-Glycan	PE000793
P01023	869	Asn	G45504EY	HexNAc(4)Hex(4)NeuAc(1)	N-Glycan	PE000922
P01023	869	Asn	G59626AS	HexNAc(4)Hex(5)NeuAc(1)	N-Glycan	PE000232,PE000653
P01023	869	Asn	G72787SB	HexNAc(4)Hex(4)	N-Glycan	PE001069
P01023	869	Asn	G85740DB	HexNAc(5)Hex(5)dHex(1)	N-Glycan	PE000380
P01023	869	Asn	G94917XT	HexNAc(5)Hex(6)dHex(1)NeuAc(3)	N-Glycan	PE000375
P01023	1424	Asn	G00912UN	HexNAc(4)Hex(5)NeuAc(2)	N-Glycan	PE000237,PE000244,PE000262,PE000268
P01023	1424	Asn	G06247RL	HexNAc(5)Hex(6)NeuAc(3)	N-Glycan	PE000252
P01023	1424	Asn	G08293MJ	HexNAc(4)Hex(5)dHex(1)NeuAc(1)	N-Glycan	PE000250,PE000273,PE000454
P01023	1424	Asn	G10486CT	HexNAc(4)Hex(5)	N-Glycan	PE000105
P01023	1424	Asn	G40926MX	HexNAc(5)Hex(6)NeuAc(1)	N-Glycan	PE000801
P01023	1424	Asn	G43669FQ	HexNAc(6)Hex(7)	N-Glycan	PE001041
P01023	1424	Asn	G59626AS	HexNAc(4)Hex(5)NeuAc(1)	N-Glycan	PE000245,PE000455
P01023	1424	Asn	G85144OK	HexNAc(5)Hex(6)dHex(1)NeuAc(2)	N-Glycan	PE000853
P01023	1424	Asn	G88374WZ	HexNAc(4)Hex(5)dHex(1)NeuAc(2)	N-Glycan	PE000239,PE000266
P01023	1424	Asn	G94917XT	HexNAc(5)Hex(6)dHex(1)NeuAc(3)	N-Glycan	PE000322
P01024	85	Asn	G01650EU	HexNAc(3)Hex(6)NeuAc(1)	N-Glycan	PE000835
P01024	85	Asn	G02815KT	HexNAc(2)Hex(5)	N-Glycan	PE000796,PE000849
P01024	85	Asn	G31852PQ	HexNAc(2)Hex(7)	N-Glycan	PE000797,PE000880
P01024	85	Asn	G41247ZX	HexNAc(2)Hex(6)	N-Glycan	PE000790,PE000795
P01031	741	Asn	G10486CT	HexNAc(4)Hex(5)	N-Glycan	PE000464
P01042	169	Asn	G00912UN	HexNAc(4)Hex(5)NeuAc(2)	N-Glycan	PE000025
P01042	169	Asn	G06247RL	HexNAc(5)Hex(6)NeuAc(3)	N-Glycan	PE000149,PE000499
P01042	169	Asn	G10486CT	HexNAc(4)Hex(5)	N-Glycan	PE000500,PE000502
P01042	169	Asn	G23505EP	HexNAc(6)Hex(4)NeuAc(1)	N-Glycan	PE001089,PE001090
P01042	169	Asn	G27947YN	HexNAc(5)Hex(6)NeuAc(2)	N-Glycan	PE000872
P01042	169	Asn	G40926MX	HexNAc(5)Hex(6)NeuAc(1)	N-Glycan	PE000869
P01042	169	Asn	G44753VC	HexNAc(6)Hex(7)NeuAc(1)	N-Glycan	PE001139
P01042	169	Asn	G59626AS	HexNAc(4)Hex(5)NeuAc(1)	N-Glycan	PE000501,PE000503
P01042	169	Asn	G85144OK	HexNAc(5)Hex(6)dHex(1)NeuAc(2)	N-Glycan	PE000870,PE000873
P01042	169	Asn	G86752LQ	HexNAc(5)Hex(6)dHex(1)NeuAc(1)	N-Glycan	PE001140
P01042	169	Asn	G94917XT	HexNAc(5)Hex(6)dHex(1)NeuAc(3)	N-Glycan	PE000504
P01042	169	Asn	G99679NM	HexNAc(6)Hex(7)NeuAc(3)	N-Glycan	PE000871,PE000874
P01042	205	Asn	G00912UN	HexNAc(4)Hex(5)NeuAc(2)	N-Glycan	PE000509
P01042	205	Asn	G88374WZ	HexNAc(4)Hex(5)dHex(1)NeuAc(2)	N-Glycan	PE000615
P01042	294	Asn	G00912UN	HexNAc(4)Hex(5)NeuAc(2)	N-Glycan	PE000524
P01042	294	Asn	G47737VJ	HexNAc(4)Hex(5)dHex(2)NeuAc(1)	N-Glycan	PE000904
P01591	71	Asn	G00912UN	HexNAc(4)Hex(5)NeuAc(2)	N-Glycan	PE000414
P01591	71	Asn	G10339FR	HexNAc(3)Hex(4)dHex(1)	N-Glycan	PE001050
P01591	71	Asn	G10486CT	HexNAc(4)Hex(5)	N-Glycan	PE000426
P01591	71	Asn	G59626AS	HexNAc(4)Hex(5)NeuAc(1)	N-Glycan	PE000415
P01591	71	Asn	G83555HU	HexNAc(4)Hex(5)dHex(1)	N-Glycan	PE000420
P01591	71	Asn	G88374WZ	HexNAc(4)Hex(5)dHex(1)NeuAc(2)	N-Glycan	PE000671
P01857	180	Asn	G08293MJ	HexNAc(4)Hex(5)dHex(1)NeuAc(1)	N-Glycan	PE000400
P01857	180	Asn	G10486CT	HexNAc(4)Hex(5)	N-Glycan	PE000399
P01857	180	Asn	G25987BV	HexNAc(4)Hex(3)dHex(1)	N-Glycan	PE000694,PE000703,PE000708
P01857	180	Asn	G50073PQ	HexNAc(4)Hex(4)dHex(2)	N-Glycan	PE000952
P01857	180	Asn	G59937CP	HexNAc(4)Hex(4)dHex(1)	N-Glycan	PE000697,PE000699,PE000706
P01857	180	Asn	G61855PQ	HexNAc(4)Hex(3)dHex(2)	N-Glycan	PE001130
P01857	180	Asn	G68318VE	HexNAc(5)Hex(4)dHex(1)	N-Glycan	PE000955
P01857	180	Asn	G72787SB	HexNAc(4)Hex(4)	N-Glycan	PE000976
P01857	180	Asn	G83555HU	HexNAc(4)Hex(5)dHex(1)	N-Glycan	PE000387,PE000390
P01857	180	Asn	G88725PI	HexNAc(5)Hex(3)dHex(1)	N-Glycan	PE000956
P01859	176	Asn	G08293MJ	HexNAc(4)Hex(5)dHex(1)NeuAc(1)	N-Glycan	PE000476
P01859	176	Asn	G12580WI	HexNAc(5)Hex(5)dHex(1)NeuAc(1)	N-Glycan	PE001152
P01859	176	Asn	G25987BV	HexNAc(4)Hex(3)dHex(1)	N-Glycan	PE000785,PE000798
P01859	176	Asn	G54600FO	HexNAc(4)Hex(4)dHex(1)NeuAc(1)	N-Glycan	PE001155
P01859	176	Asn	G59937CP	HexNAc(4)Hex(4)dHex(1)	N-Glycan	PE000786,PE000799
P01859	176	Asn	G83555HU	HexNAc(4)Hex(5)dHex(1)	N-Glycan	PE000055
P01859	176	Asn	G88374WZ	HexNAc(4)Hex(5)dHex(1)NeuAc(2)	N-Glycan	PE000565
P01859	176	Asn	G88725PI	HexNAc(5)Hex(3)dHex(1)	N-Glycan	PE001042,PE001074
P01860	227	Asn	G72787SB	HexNAc(4)Hex(4)	N-Glycan	PE001133
P01861	177	Asn	G02886BB	HexNAc(4)Hex(6)	N-Glycan	PE001092
P01861	177	Asn	G08293MJ	HexNAc(4)Hex(5)dHex(1)NeuAc(1)	N-Glycan	PE000477
P01861	177	Asn	G10486CT	HexNAc(4)Hex(5)	N-Glycan	PE000458
P01861	177	Asn	G25987BV	HexNAc(4)Hex(3)dHex(1)	N-Glycan	PE000787
P01861	177	Asn	G27126ED	HexNAc(4)Hex(6)NeuAc(1)	N-Glycan	PE001132
P01861	177	Asn	G59937CP	HexNAc(4)Hex(4)dHex(1)	N-Glycan	PE000788
P01861	177	Asn	G65184UU	HexNAc(5)Hex(5)	N-Glycan	PE001126
P01861	177	Asn	G68318VE	HexNAc(5)Hex(4)dHex(1)	N-Glycan	PE001093
P01861	177	Asn	G83555HU	HexNAc(4)Hex(5)dHex(1)	N-Glycan	PE000056
P01871	46	Asn	G01650EU	HexNAc(3)Hex(6)NeuAc(1)	N-Glycan	PE000766
P01871	46	Asn	G02815KT	HexNAc(2)Hex(5)	N-Glycan	PE000767
P01871	46	Asn	G08293MJ	HexNAc(4)Hex(5)dHex(1)NeuAc(1)	N-Glycan	PE000315
P01871	46	Asn	G10339FR	HexNAc(3)Hex(4)dHex(1)	N-Glycan	PE001027
P01871	46	Asn	G10486CT	HexNAc(4)Hex(5)	N-Glycan	PE000312
P01871	46	Asn	G41247ZX	HexNAc(2)Hex(6)	N-Glycan	PE000768
P01871	46	Asn	G85740DB	HexNAc(5)Hex(5)dHex(1)	N-Glycan	PE000353
P01871	209	Asn	G00912UN	HexNAc(4)Hex(5)NeuAc(2)	N-Glycan	PE000610
P01871	209	Asn	G05933EN	HexNAc(4)Hex(5)dHex(4)	N-Glycan	PE001016
P01871	209	Asn	G06853GH	HexNAc(7)Hex(4)dHex(1)	N-Glycan	PE001017
P01871	209	Asn	G08293MJ	HexNAc(4)Hex(5)dHex(1)NeuAc(1)	N-Glycan	PE000310,PE000313
P01871	209	Asn	G12580WI	HexNAc(5)Hex(5)dHex(1)NeuAc(1)	N-Glycan	PE001014,PE001018
P01871	209	Asn	G36670VW	HexNAc(5)Hex(5)dHex(1)NeuAc(2)	N-Glycan	PE000758
P01871	209	Asn	G44953PJ	HexNAc(5)Hex(4)dHex(1)NeuAc(1)	N-Glycan	PE001015,PE001138
P01871	209	Asn	G59626AS	HexNAc(4)Hex(5)NeuAc(1)	N-Glycan	PE000311
P01871	209	Asn	G68318VE	HexNAc(5)Hex(4)dHex(1)	N-Glycan	PE001049
P01871	209	Asn	G83555HU	HexNAc(4)Hex(5)dHex(1)	N-Glycan	PE000307
P01871	209	Asn	G83646BJ	HexNAc(5)Hex(5)NeuAc(1)	N-Glycan	PE000759
P01871	209	Asn	G85740DB	HexNAc(5)Hex(5)dHex(1)	N-Glycan	PE000337,PE000361
P01871	209	Asn	G86752LQ	HexNAc(5)Hex(6)dHex(1)NeuAc(1)	N-Glycan	PE001019
P01871	209	Asn	G88374WZ	HexNAc(4)Hex(5)dHex(1)NeuAc(2)	N-Glycan	PE000316,PE000317
P01871	209	Asn	G98611JV	HexNAc(5)Hex(5)NeuAc(2)	N-Glycan	PE001020
P01871	440	Asn	G02815KT	HexNAc(2)Hex(5)	N-Glycan	PE000761
P01871	440	Asn	G31852PQ	HexNAc(2)Hex(7)	N-Glycan	PE000762,PE000794
P01871	440	Asn	G41247ZX	HexNAc(2)Hex(6)	N-Glycan	PE000763,PE000764,PE000789
P01871	440	Asn	G44211QA	HexNAc(5)Hex(6)dHex(1)	N-Glycan	PE000413
P01871	440	Asn	G59626AS	HexNAc(4)Hex(5)NeuAc(1)	N-Glycan	PE000314
P01871	440	Asn	G62765YT	HexNAc(2)Hex(8)	N-Glycan	PE001023,PE001025,PE001026
P01871	440	Asn	G80920RR	HexNAc(2)Hex(9)	N-Glycan	PE001081
P01876	144	Asn	G59626AS	HexNAc(4)Hex(5)NeuAc(1)	N-Glycan	PE000246
P01876	340	Asn	G02815KT	HexNAc(2)Hex(5)	N-Glycan	PE000791
P01876	340	Asn	G08293MJ	HexNAc(4)Hex(5)dHex(1)NeuAc(1)	N-Glycan	PE000514,PE000515
P01876	340	Asn	G10486CT	HexNAc(4)Hex(5)	N-Glycan	PE000004
P01876	340	Asn	G12580WI	HexNAc(5)Hex(5)dHex(1)NeuAc(1)	N-Glycan	PE001141
P01876	340	Asn	G36670VW	HexNAc(5)Hex(5)dHex(1)NeuAc(2)	N-Glycan	PE000772,PE000877
P01876	340	Asn	G44211QA	HexNAc(5)Hex(6)dHex(1)	N-Glycan	PE000364
P01876	340	Asn	G68318VE	HexNAc(5)Hex(4)dHex(1)	N-Glycan	PE001052
P01876	340	Asn	G83555HU	HexNAc(4)Hex(5)dHex(1)	N-Glycan	PE000038,PE000069
P01876	340	Asn	G83646BJ	HexNAc(5)Hex(5)NeuAc(1)	N-Glycan	PE000917
P01876	340	Asn	G85144OK	HexNAc(5)Hex(6)dHex(1)NeuAc(2)	N-Glycan	PE000918
P01876	340	Asn	G85740DB	HexNAc(5)Hex(5)dHex(1)	N-Glycan	PE000340,PE000347
P01876	340	Asn	G88374WZ	HexNAc(4)Hex(5)dHex(1)NeuAc(2)	N-Glycan	PE000275,PE000516
P01876	340	Asn	G88725PI	HexNAc(5)Hex(3)dHex(1)	N-Glycan	PE001053
P01876	340	Asn	G98596OT	HexNAc(6)Hex(6)dHex(1)NeuAc(2)	N-Glycan	PE001163
P01877	47	Asn	G85740DB	HexNAc(5)Hex(5)dHex(1)	N-Glycan	PE000367
P01877	47	Asn	G94917XT	HexNAc(5)Hex(6)dHex(1)NeuAc(3)	N-Glycan	PE000374,PE000404
P01877	205	Asn	G68318VE	HexNAc(5)Hex(4)dHex(1)	N-Glycan	PE001149
P01877	327	Asn	G83555HU	HexNAc(4)Hex(5)dHex(1)	N-Glycan	PE000349
P02675	394	Asn	G00912UN	HexNAc(4)Hex(5)NeuAc(2)	N-Glycan	PE000594,PE000613,PE000646,PE000685
P02675	394	Asn	G10486CT	HexNAc(4)Hex(5)	N-Glycan	PE000075,PE000417,PE000418,PE000425
P02675	394	Asn	G15038BD	HexNAc(4)Hex(6)dHex(1)NeuAc(1)	N-Glycan	PE000916
P02675	394	Asn	G59626AS	HexNAc(4)Hex(5)NeuAc(1)	N-Glycan	PE000074,PE000076,PE000432,PE000611,PE000612,PE000684
P02675	394	Asn	G60923RB	HexNAc(4)Hex(5)dHex(2)	N-Glycan	PE000817,PE000936
P02675	394	Asn	G83555HU	HexNAc(4)Hex(5)dHex(1)	N-Glycan	PE000419
P02679	78	Asn	G00912UN	HexNAc(4)Hex(5)NeuAc(2)	N-Glycan	PE000605,PE000635
P02679	78	Asn	G06247RL	HexNAc(5)Hex(6)NeuAc(3)	N-Glycan	PE000636
P02679	78	Asn	G08293MJ	HexNAc(4)Hex(5)dHex(1)NeuAc(1)	N-Glycan	PE000658,PE000682
P02679	78	Asn	G10486CT	HexNAc(4)Hex(5)	N-Glycan	PE000338,PE000362
P02679	78	Asn	G40926MX	HexNAc(5)Hex(6)NeuAc(1)	N-Glycan	PE000925
P02679	78	Asn	G45504EY	HexNAc(4)Hex(4)NeuAc(1)	N-Glycan	PE000926
P02679	78	Asn	G59626AS	HexNAc(4)Hex(5)NeuAc(1)	N-Glycan	PE000057,PE000637,PE000683
P02679	78	Asn	G72787SB	HexNAc(4)Hex(4)	N-Glycan	PE001083
P02679	78	Asn	G83555HU	HexNAc(4)Hex(5)dHex(1)	N-Glycan	PE000366
P02679	78	Asn	G86182NS	HexNAc(5)Hex(4)NeuAc(1)	N-Glycan	PE000927
P02745	146	Asn	G08293MJ	HexNAc(4)Hex(5)dHex(1)NeuAc(1)	N-Glycan	PE000539,PE000677
P02745	146	Asn	G59626AS	HexNAc(4)Hex(5)NeuAc(1)	N-Glycan	PE000678
P02745	146	Asn	G83555HU	HexNAc(4)Hex(5)dHex(1)	N-Glycan	PE000540,PE000692
P02745	146	Asn	G88374WZ	HexNAc(4)Hex(5)dHex(1)NeuAc(2)	N-Glycan	PE000680
P02748	277	Asn	G00912UN	HexNAc(4)Hex(5)NeuAc(2)	N-Glycan	PE000096
P02748	415	Asn	G59626AS	HexNAc(4)Hex(5)NeuAc(1)	N-Glycan	PE000092
P02749	162	Asn	G00912UN	HexNAc(4)Hex(5)NeuAc(2)	N-Glycan	PE000264
P02749	162	Asn	G06247RL	HexNAc(5)Hex(6)NeuAc(3)	N-Glycan	PE000277
P02749	162	Asn	G12341GU	HexNAc(7)Hex(8)NeuAc(1)	N-Glycan	PE001043
P02749	162	Asn	G55216FT	HexNAc(7)Hex(8)dHex(1)	N-Glycan	PE001044
P02749	162	Asn	G88374WZ	HexNAc(4)Hex(5)dHex(1)NeuAc(2)	N-Glycan	PE000547
P02749	162	Asn	G94917XT	HexNAc(5)Hex(6)dHex(1)NeuAc(3)	N-Glycan	PE000548
P02749	183	Asn	G44211QA	HexNAc(5)Hex(6)dHex(1)	N-Glycan	PE000405
P02749	253	Asn	G00912UN	HexNAc(4)Hex(5)NeuAc(2)	N-Glycan	PE000522
P02749	253	Asn	G10486CT	HexNAc(4)Hex(5)	N-Glycan	PE000295
P02750	79	Asn	G00912UN	HexNAc(4)Hex(5)NeuAc(2)	N-Glycan	PE000276
P02750	79	Asn	G06247RL	HexNAc(5)Hex(6)NeuAc(3)	N-Glycan	PE000271
P02750	79	Asn	G10486CT	HexNAc(4)Hex(5)	N-Glycan	PE000300
P02750	79	Asn	G44211QA	HexNAc(5)Hex(6)dHex(1)	N-Glycan	PE000345
P02750	79	Asn	G55216FT	HexNAc(7)Hex(8)dHex(1)	N-Glycan	PE001038
P02750	79	Asn	G85740DB	HexNAc(5)Hex(5)dHex(1)	N-Glycan	PE000378
P02750	79	Asn	G94917XT	HexNAc(5)Hex(6)dHex(1)NeuAc(3)	N-Glycan	PE000327
P02750	186	Asn	G00912UN	HexNAc(4)Hex(5)NeuAc(2)	N-Glycan	PE000261,PE000452
P02750	186	Asn	G10486CT	HexNAc(4)Hex(5)	N-Glycan	PE000293
P02750	186	Asn	G59626AS	HexNAc(4)Hex(5)NeuAc(1)	N-Glycan	PE000513,PE000525
P02750	269	Asn	G44211QA	HexNAc(5)Hex(6)dHex(1)	N-Glycan	PE000411
P02750	269	Asn	G94917XT	HexNAc(5)Hex(6)dHex(1)NeuAc(3)	N-Glycan	PE000412
P02751	430	Asn	G10486CT	HexNAc(4)Hex(5)	N-Glycan	PE000491
P02751	430	Asn	G45504EY	HexNAc(4)Hex(4)NeuAc(1)	N-Glycan	PE000868
P02751	430	Asn	G59626AS	HexNAc(4)Hex(5)NeuAc(1)	N-Glycan	PE000101,PE000492
P02751	528	Asn	G00912UN	HexNAc(4)Hex(5)NeuAc(2)	N-Glycan	PE000473,PE000606
P02751	528	Asn	G10486CT	HexNAc(4)Hex(5)	N-Glycan	PE000688
P02751	528	Asn	G15038BD	HexNAc(4)Hex(6)dHex(1)NeuAc(1)	N-Glycan	PE000901
P02751	528	Asn	G59626AS	HexNAc(4)Hex(5)NeuAc(1)	N-Glycan	PE000472,PE000475
P02751	542	Asn	G00912UN	HexNAc(4)Hex(5)NeuAc(2)	N-Glycan	PE000595,PE000631
P02751	542	Asn	G59626AS	HexNAc(4)Hex(5)NeuAc(1)	N-Glycan	PE000632
P02751	1007	Asn	G00912UN	HexNAc(4)Hex(5)NeuAc(2)	N-Glycan	PE000518,PE000687
P02751	1007	Asn	G10486CT	HexNAc(4)Hex(5)	N-Glycan	PE000691
P02751	1007	Asn	G15038BD	HexNAc(4)Hex(6)dHex(1)NeuAc(1)	N-Glycan	PE000919
P02751	1007	Asn	G47737VJ	HexNAc(4)Hex(5)dHex(2)NeuAc(1)	N-Glycan	PE000930
P02751	1007	Asn	G59626AS	HexNAc(4)Hex(5)NeuAc(1)	N-Glycan	PE000519
P02751	1007	Asn	G88374WZ	HexNAc(4)Hex(5)dHex(1)NeuAc(2)	N-Glycan	PE000648
P02751	1244	Asn	G59626AS	HexNAc(4)Hex(5)NeuAc(1)	N-Glycan	PE000672
P02751	1244	Asn	G60923RB	HexNAc(4)Hex(5)dHex(2)	N-Glycan	PE000929
P02760	115	Asn	G00912UN	HexNAc(4)Hex(5)NeuAc(2)	N-Glycan	PE000206
P02763	33	Asn	G44211QA	HexNAc(5)Hex(6)dHex(1)	N-Glycan	PE000383
P02763	33	Asn	G94917XT	HexNAc(5)Hex(6)dHex(1)NeuAc(3)	N-Glycan	PE000376
P02763	93	Asn	G06247RL	HexNAc(5)Hex(6)NeuAc(3)	N-Glycan	PE000624
P02763	93	Asn	G11115RO	HexNAc(6)Hex(7)NeuAc(4)	N-Glycan	PE000898
P02763	93	Asn	G47737VJ	HexNAc(4)Hex(5)dHex(2)NeuAc(1)	N-Glycan	PE000908
P02763	93	Asn	G60033FS	HexNAc(5)Hex(6)	N-Glycan	PE000291
P02763	93	Asn	G94917XT	HexNAc(5)Hex(6)dHex(1)NeuAc(3)	N-Glycan	PE000625
P02763	93	Asn	G99679NM	HexNAc(6)Hex(7)NeuAc(3)	N-Glycan	PE000909
P02765	156	Asn	G00912UN	HexNAc(4)Hex(5)NeuAc(2)	N-Glycan	PE000200,PE000204,PE000207,PE000212
P02765	156	Asn	G06247RL	HexNAc(5)Hex(6)NeuAc(3)	N-Glycan	PE000190,PE000205,PE000208
P02765	156	Asn	G10486CT	HexNAc(4)Hex(5)	N-Glycan	PE000202,PE000363
P02765	156	Asn	G12341GU	HexNAc(7)Hex(8)NeuAc(1)	N-Glycan	PE001007
P02765	156	Asn	G15038BD	HexNAc(4)Hex(6)dHex(1)NeuAc(1)	N-Glycan	PE000750
P02765	156	Asn	G27947YN	HexNAc(5)Hex(6)NeuAc(2)	N-Glycan	PE000754
P02765	156	Asn	G31986NC	HexNAc(4)Hex(7)NeuAc(1)	N-Glycan	PE001004
P02765	156	Asn	G44211QA	HexNAc(5)Hex(6)dHex(1)	N-Glycan	PE000372
P02765	156	Asn	G59626AS	HexNAc(4)Hex(5)NeuAc(1)	N-Glycan	PE000191
P02765	156	Asn	G60033FS	HexNAc(5)Hex(6)	N-Glycan	PE000355
P02765	156	Asn	G83555HU	HexNAc(4)Hex(5)dHex(1)	N-Glycan	PE000373
P02765	156	Asn	G85144OK	HexNAc(5)Hex(6)dHex(1)NeuAc(2)	N-Glycan	PE000757
P02765	156	Asn	G88374WZ	HexNAc(4)Hex(5)dHex(1)NeuAc(2)	N-Glycan	PE000194,PE000219
P02765	156	Asn	G94917XT	HexNAc(5)Hex(6)dHex(1)NeuAc(3)	N-Glycan	PE000334,PE000335
P02765	156	Asn	G95865ZB	HexNAc(3)Hex(4)NeuAc(1)	N-Glycan	PE001010
P02765	156	Asn	G98596OT	HexNAc(6)Hex(6)dHex(1)NeuAc(2)	N-Glycan	PE001011
P02765	176	Asn	G00912UN	HexNAc(4)Hex(5)NeuAc(2)	N-Glycan	PE000046,PE000211
P02765	176	Asn	G06247RL	HexNAc(5)Hex(6)NeuAc(3)	N-Glycan	PE000201
P02765	176	Asn	G10486CT	HexNAc(4)Hex(5)	N-Glycan	PE000348
P02765	176	Asn	G15038BD	HexNAc(4)Hex(6)dHex(1)NeuAc(1)	N-Glycan	PE000746
P02765	176	Asn	G37412TK	HexNAc(5)Hex(4)NeuAc(2)	N-Glycan	PE001013
P02765	176	Asn	G40926MX	HexNAc(5)Hex(6)NeuAc(1)	N-Glycan	PE000748
P02765	176	Asn	G47737VJ	HexNAc(4)Hex(5)dHex(2)NeuAc(1)	N-Glycan	PE000749
P02765	176	Asn	G58087IP	HexNAc(2)Hex(11)	N-Glycan	PE000999
P02765	176	Asn	G59626AS	HexNAc(4)Hex(5)NeuAc(1)	N-Glycan	PE000209
P02765	176	Asn	G88374WZ	HexNAc(4)Hex(5)dHex(1)NeuAc(2)	N-Glycan	PE000192
P02765	176	Asn	G92597CK	HexNAc(3)Hex(4)dHex(2)	N-Glycan	PE001000
P02765	176	Asn	G94917XT	HexNAc(5)Hex(6)dHex(1)NeuAc(3)	N-Glycan	PE000336
P02765	176	Asn	G98596OT	HexNAc(6)Hex(6)dHex(1)NeuAc(2)	N-Glycan	PE001001
P02765	176	Asn	G98611JV	HexNAc(5)Hex(5)NeuAc(2)	N-Glycan	PE001002
P02787	432	Asn	G00912UN	HexNAc(4)Hex(5)NeuAc(2)	N-Glycan	PE000228
P02787	432	Asn	G10486CT	HexNAc(4)Hex(5)	N-Glycan	PE000294
P02787	432	Asn	G32926LW	HexNAc(6)Hex(7)dHex(1)NeuAc(2)	N-Glycan	PE001161
P02787	432	Asn	G59626AS	HexNAc(4)Hex(5)NeuAc(1)	N-Glycan	PE000467
P02787	432	Asn	G80735OA	HexNAc(6)Hex(6)dHex(1)	N-Glycan	PE001166
P02787	630	Asn	G00912UN	HexNAc(4)Hex(5)NeuAc(2)	N-Glycan	PE000050,PE000227
P02787	630	Asn	G06247RL	HexNAc(5)Hex(6)NeuAc(3)	N-Glycan	PE000251
P02787	630	Asn	G08293MJ	HexNAc(4)Hex(5)dHex(1)NeuAc(1)	N-Glycan	PE000536
P02787	630	Asn	G10486CT	HexNAc(4)Hex(5)	N-Glycan	PE000003
P02787	630	Asn	G27947YN	HexNAc(5)Hex(6)NeuAc(2)	N-Glycan	PE000810
P02787	630	Asn	G59626AS	HexNAc(4)Hex(5)NeuAc(1)	N-Glycan	PE000048
P02787	630	Asn	G85144OK	HexNAc(5)Hex(6)dHex(1)NeuAc(2)	N-Glycan	PE000884
P02787	630	Asn	G85740DB	HexNAc(5)Hex(5)dHex(1)	N-Glycan	PE000203
P02787	630	Asn	G88374WZ	HexNAc(4)Hex(5)dHex(1)NeuAc(2)	N-Glycan	PE000230
P02787	630	Asn	G94917XT	HexNAc(5)Hex(6)dHex(1)NeuAc(3)	N-Glycan	PE000324
P02790	64	Asn	G00912UN	HexNAc(4)Hex(5)NeuAc(2)	N-Glycan	PE000016,PE000664
P02790	64	Asn	G10486CT	HexNAc(4)Hex(5)	N-Glycan	PE000299
P02790	64	Asn	G59626AS	HexNAc(4)Hex(5)NeuAc(1)	N-Glycan	PE000468
P02790	187	Asn	G00912UN	HexNAc(4)Hex(5)NeuAc(2)	N-Glycan	PE000152
P02790	187	Asn	G06247RL	HexNAc(5)Hex(6)NeuAc(3)	N-Glycan	PE000633
P02790	187	Asn	G10486CT	HexNAc(4)Hex(5)	N-Glycan	PE000013
P02790	187	Asn	G59626AS	HexNAc(4)Hex(5)NeuAc(1)	N-Glycan	PE000544
P02790	187	Asn	G88374WZ	HexNAc(4)Hex(5)dHex(1)NeuAc(2)	N-Glycan	PE000655
P02790	187	Asn	G94917XT	HexNAc(5)Hex(6)dHex(1)NeuAc(3)	N-Glycan	PE000634
P02790	246	Asn	G59626AS	HexNAc(4)Hex(5)NeuAc(1)	N-Glycan	PE000494
P02790	453	Asn	G00912UN	HexNAc(4)Hex(5)NeuAc(2)	N-Glycan	PE000036
P02790	453	Asn	G10486CT	HexNAc(4)Hex(5)	N-Glycan	PE000014
P02790	453	Asn	G59626AS	HexNAc(4)Hex(5)NeuAc(1)	N-Glycan	PE000008
P03952	127	Asn	G59626AS	HexNAc(4)Hex(5)NeuAc(1)	N-Glycan	PE000497
P03952	308	Asn	G59626AS	HexNAc(4)Hex(5)NeuAc(1)	N-Glycan	PE000510
P03952	396	Asn	G00912UN	HexNAc(4)Hex(5)NeuAc(2)	N-Glycan	PE000434
P03952	453	Asn	G00912UN	HexNAc(4)Hex(5)NeuAc(2)	N-Glycan	PE000108
P03952	494	Asn	G00912UN	HexNAc(4)Hex(5)NeuAc(2)	N-Glycan	PE000039
P03952	494	Asn	G59626AS	HexNAc(4)Hex(5)NeuAc(1)	N-Glycan	PE000527
P04003	221	Asn	G00912UN	HexNAc(4)Hex(5)NeuAc(2)	N-Glycan	PE000134
P04003	221	Asn	G06247RL	HexNAc(5)Hex(6)NeuAc(3)	N-Glycan	PE000129
P04003	221	Asn	G10486CT	HexNAc(4)Hex(5)	N-Glycan	PE000296
P04003	221	Asn	G12341GU	HexNAc(7)Hex(8)NeuAc(1)	N-Glycan	PE001088
P04003	221	Asn	G88374WZ	HexNAc(4)Hex(5)dHex(1)NeuAc(2)	N-Glycan	PE000095
P04003	221	Asn	G94917XT	HexNAc(5)Hex(6)dHex(1)NeuAc(3)	N-Glycan	PE000020
P04004	86	Asn	G59626AS	HexNAc(4)Hex(5)NeuAc(1)	N-Glycan	PE000534
P04004	86	Asn	G94917XT	HexNAc(5)Hex(6)dHex(1)NeuAc(3)	N-Glycan	PE000601
P04004	169	Asn	G00912UN	HexNAc(4)Hex(5)NeuAc(2)	N-Glycan	PE000196,PE000256
P04004	169	Asn	G59626AS	HexNAc(4)Hex(5)NeuAc(1)	N-Glycan	PE000225,PE000530
P04004	242	Asn	G00912UN	HexNAc(4)Hex(5)NeuAc(2)	N-Glycan	PE000248,PE000265
P04004	242	Asn	G10486CT	HexNAc(4)Hex(5)	N-Glycan	PE000305
P04004	242	Asn	G59626AS	HexNAc(4)Hex(5)NeuAc(1)	N-Glycan	PE000676
P04004	242	Asn	G85144OK	HexNAc(5)Hex(6)dHex(1)NeuAc(2)	N-Glycan	PE000881
P04004	242	Asn	G88374WZ	HexNAc(4)Hex(5)dHex(1)NeuAc(2)	N-Glycan	PE000652
P04004	242	Asn	G94917XT	HexNAc(5)Hex(6)dHex(1)NeuAc(3)	N-Glycan	PE000532,PE000643
P04114	3465	Asn	G10486CT	HexNAc(4)Hex(5)	N-Glycan	PE000428
P04114	3895	Asn	G00912UN	HexNAc(4)Hex(5)NeuAc(2)	N-Glycan	PE000644
P04114	3895	Asn	G10486CT	HexNAc(4)Hex(5)	N-Glycan	PE000424
P04114	4237	Asn	G10486CT	HexNAc(4)Hex(5)	N-Glycan	PE000423
P04196	125	Asn	G00912UN	HexNAc(4)Hex(5)NeuAc(2)	N-Glycan	PE000058,PE000059
P04196	125	Asn	G01650EU	HexNAc(3)Hex(6)NeuAc(1)	N-Glycan	PE000742
P04196	125	Asn	G27126ED	HexNAc(4)Hex(6)NeuAc(1)	N-Glycan	PE000991
P04196	125	Asn	G28541PG	HexNAc(3)Hex(6)	N-Glycan	PE000992
P04196	125	Asn	G37399XV	HexNAc(3)Hex(5)NeuAc(1)	N-Glycan	PE000993
P04196	125	Asn	G39446WN	HexNAc(3)Hex(5)	N-Glycan	PE000994
P04196	125	Asn	G41247ZX	HexNAc(2)Hex(6)	N-Glycan	PE000744
P04196	125	Asn	G44753VC	HexNAc(6)Hex(7)NeuAc(1)	N-Glycan	PE000995
P04196	125	Asn	G49018RC	HexNAc(4)Hex(7)	N-Glycan	PE000996
P04196	125	Asn	G59626AS	HexNAc(4)Hex(5)NeuAc(1)	N-Glycan	PE000215
P04196	125	Asn	G83646BJ	HexNAc(5)Hex(5)NeuAc(1)	N-Glycan	PE000745
P04196	345	Asn	G08293MJ	HexNAc(4)Hex(5)dHex(1)NeuAc(1)	N-Glycan	PE000572
P04196	345	Asn	G10486CT	HexNAc(4)Hex(5)	N-Glycan	PE000318
P04196	345	Asn	G59626AS	HexNAc(4)Hex(5)NeuAc(1)	N-Glycan	PE000507
P04217	179	Asn	G00912UN	HexNAc(4)Hex(5)NeuAc(2)	N-Glycan	PE000224,PE000229
P04217	179	Asn	G06247RL	HexNAc(5)Hex(6)NeuAc(3)	N-Glycan	PE000585,PE000628
P04217	179	Asn	G10486CT	HexNAc(4)Hex(5)	N-Glycan	PE000284,PE000537
P04217	179	Asn	G15038BD	HexNAc(4)Hex(6)dHex(1)NeuAc(1)	N-Glycan	PE000902
P04217	179	Asn	G27947YN	HexNAc(5)Hex(6)NeuAc(2)	N-Glycan	PE000856
P04217	179	Asn	G47737VJ	HexNAc(4)Hex(5)dHex(2)NeuAc(1)	N-Glycan	PE000911
P04217	179	Asn	G59626AS	HexNAc(4)Hex(5)NeuAc(1)	N-Glycan	PE000249,PE000538
P04217	179	Asn	G88374WZ	HexNAc(4)Hex(5)dHex(1)NeuAc(2)	N-Glycan	PE000607,PE000629
P04217	179	Asn	G94917XT	HexNAc(5)Hex(6)dHex(1)NeuAc(3)	N-Glycan	PE000586,PE000630
P04217	371	Asn	G00912UN	HexNAc(4)Hex(5)NeuAc(2)	N-Glycan	PE000094
P05090	65	Asn	G06247RL	HexNAc(5)Hex(6)NeuAc(3)	N-Glycan	PE000582
P05090	98	Asn	G00912UN	HexNAc(4)Hex(5)NeuAc(2)	N-Glycan	PE000558,PE000576
P05090	98	Asn	G06247RL	HexNAc(5)Hex(6)NeuAc(3)	N-Glycan	PE000577
P05090	98	Asn	G08293MJ	HexNAc(4)Hex(5)dHex(1)NeuAc(1)	N-Glycan	PE000459
P05090	98	Asn	G10339FR	HexNAc(3)Hex(4)dHex(1)	N-Glycan	PE001156
P05090	98	Asn	G10486CT	HexNAc(4)Hex(5)	N-Glycan	PE000460
P05090	98	Asn	G27947YN	HexNAc(5)Hex(6)NeuAc(2)	N-Glycan	PE000892
P05090	98	Asn	G41044JW	HexNAc(6)Hex(7)dHex(1)NeuAc(3)	N-Glycan	PE000893
P05090	98	Asn	G44211QA	HexNAc(5)Hex(6)dHex(1)	N-Glycan	PE000461
P05090	98	Asn	G59626AS	HexNAc(4)Hex(5)NeuAc(1)	N-Glycan	PE000462,PE000559
P05090	98	Asn	G83555HU	HexNAc(4)Hex(5)dHex(1)	N-Glycan	PE000690
P05090	98	Asn	G85144OK	HexNAc(5)Hex(6)dHex(1)NeuAc(2)	N-Glycan	PE000894
P05090	98	Asn	G86752LQ	HexNAc(5)Hex(6)dHex(1)NeuAc(1)	N-Glycan	PE001154
P05090	98	Asn	G87051GH	HexNAc(4)Hex(5)dHex(3)	N-Glycan	PE001153
P05090	98	Asn	G88374WZ	HexNAc(4)Hex(5)dHex(1)NeuAc(2)	N-Glycan	PE000560,PE000578
P05090	98	Asn	G94917XT	HexNAc(5)Hex(6)dHex(1)NeuAc(3)	N-Glycan	PE000579
P05154	262	Asn	G00912UN	HexNAc(4)Hex(5)NeuAc(2)	N-Glycan	PE000216
P05155	69	Asn	G06247RL	HexNAc(5)Hex(6)NeuAc(3)	N-Glycan	PE000044
P05155	69	Asn	G44211QA	HexNAc(5)Hex(6)dHex(1)	N-Glycan	PE000384
P05155	238	Asn	G00912UN	HexNAc(4)Hex(5)NeuAc(2)	N-Glycan	PE000326
P05155	253	Asn	G00912UN	HexNAc(4)Hex(5)NeuAc(2)	N-Glycan	PE000060
P05155	253	Asn	G06247RL	HexNAc(5)Hex(6)NeuAc(3)	N-Glycan	PE000061
P05155	253	Asn	G27947YN	HexNAc(5)Hex(6)NeuAc(2)	N-Glycan	PE000889
P05155	253	Asn	G88374WZ	HexNAc(4)Hex(5)dHex(1)NeuAc(2)	N-Glycan	PE000062
P05155	253	Asn	G94917XT	HexNAc(5)Hex(6)dHex(1)NeuAc(3)	N-Glycan	PE000063
P05155	352	Asn	G00912UN	HexNAc(4)Hex(5)NeuAc(2)	N-Glycan	PE000147
P05155	352	Asn	G10486CT	HexNAc(4)Hex(5)	N-Glycan	PE000005
P05156	464	Asn	G00912UN	HexNAc(4)Hex(5)NeuAc(2)	N-Glycan	PE000453
P05160	162	Asn	G00912UN	HexNAc(4)Hex(5)NeuAc(2)	N-Glycan	PE000511,PE000587
P05160	162	Asn	G47737VJ	HexNAc(4)Hex(5)dHex(2)NeuAc(1)	N-Glycan	PE000897
P05543	253	Asn	G00912UN	HexNAc(4)Hex(5)NeuAc(2)	N-Glycan	PE000213
P05546	49	Asn	G00912UN	HexNAc(4)Hex(5)NeuAc(2)	N-Glycan	PE000047,PE000489
P05546	49	Asn	G10486CT	HexNAc(4)Hex(5)	N-Glycan	PE000490,PE000689
P05546	49	Asn	G94917XT	HexNAc(5)Hex(6)dHex(1)NeuAc(3)	N-Glycan	PE000670
P05546	188	Asn	G00912UN	HexNAc(4)Hex(5)NeuAc(2)	N-Glycan	PE000026,PE000093
P06681	29	Asn	G94917XT	HexNAc(5)Hex(6)dHex(1)NeuAc(3)	N-Glycan	PE000403
P06681	621	Asn	G41247ZX	HexNAc(2)Hex(6)	N-Glycan	PE000885
P07357	437	Asn	G00912UN	HexNAc(4)Hex(5)NeuAc(2)	N-Glycan	PE000593
P07358	243	Asn	G00912UN	HexNAc(4)Hex(5)NeuAc(2)	N-Glycan	PE000569
P08185	96	Asn	G00912UN	HexNAc(4)Hex(5)NeuAc(2)	N-Glycan	PE000466
P08603	217	Asn	G00912UN	HexNAc(4)Hex(5)NeuAc(2)	N-Glycan	PE000143
P08603	217	Asn	G06247RL	HexNAc(5)Hex(6)NeuAc(3)	N-Glycan	PE000183
P08603	217	Asn	G47737VJ	HexNAc(4)Hex(5)dHex(2)NeuAc(1)	N-Glycan	PE000739
P08603	217	Asn	G88374WZ	HexNAc(4)Hex(5)dHex(1)NeuAc(2)	N-Glycan	PE000186
P08603	529	Asn	G00912UN	HexNAc(4)Hex(5)NeuAc(2)	N-Glycan	PE000170
P08603	529	Asn	G06247RL	HexNAc(5)Hex(6)NeuAc(3)	N-Glycan	PE000174
P08603	529	Asn	G88374WZ	HexNAc(4)Hex(5)dHex(1)NeuAc(2)	N-Glycan	PE000182
P08603	718	Asn	G06247RL	HexNAc(5)Hex(6)NeuAc(3)	N-Glycan	PE000162
P08603	822	Asn	G85740DB	HexNAc(5)Hex(5)dHex(1)	N-Glycan	PE000379
P08603	882	Asn	G00912UN	HexNAc(4)Hex(5)NeuAc(2)	N-Glycan	PE000173
P08603	882	Asn	G06247RL	HexNAc(5)Hex(6)NeuAc(3)	N-Glycan	PE000171
P08603	882	Asn	G08293MJ	HexNAc(4)Hex(5)dHex(1)NeuAc(1)	N-Glycan	PE000188
P08603	882	Asn	G10486CT	HexNAc(4)Hex(5)	N-Glycan	PE000289
P08603	882	Asn	G27126ED	HexNAc(4)Hex(6)NeuAc(1)	N-Glycan	PE000981
P08603	882	Asn	G27947YN	HexNAc(5)Hex(6)NeuAc(2)	N-Glycan	PE000726
P08603	882	Asn	G40926MX	HexNAc(5)Hex(6)NeuAc(1)	N-Glycan	PE000727
P08603	882	Asn	G47737VJ	HexNAc(4)Hex(5)dHex(2)NeuAc(1)	N-Glycan	PE000728
P08603	882	Asn	G59626AS	HexNAc(4)Hex(5)NeuAc(1)	N-Glycan	PE000163
P08603	882	Asn	G85144OK	HexNAc(5)Hex(6)dHex(1)NeuAc(2)	N-Glycan	PE000729
P08603	882	Asn	G88374WZ	HexNAc(4)Hex(5)dHex(1)NeuAc(2)	N-Glycan	PE000169
P08603	882	Asn	G94917XT	HexNAc(5)Hex(6)dHex(1)NeuAc(3)	N-Glycan	PE000330
P08603	882	Asn	G95865ZB	HexNAc(3)Hex(4)NeuAc(1)	N-Glycan	PE000982
P08603	911	Asn	G00912UN	HexNAc(4)Hex(5)NeuAc(2)	N-Glycan	PE000175,PE000177,PE000178
P08603	911	Asn	G06247RL	HexNAc(5)Hex(6)NeuAc(3)	N-Glycan	PE000176
P08603	911	Asn	G07799LX	HexNAc(4)Hex(5)dHex(3)NeuAc(1)	N-Glycan	PE000983
P08603	911	Asn	G08293MJ	HexNAc(4)Hex(5)dHex(1)NeuAc(1)	N-Glycan	PE000165
P08603	911	Asn	G12341GU	HexNAc(7)Hex(8)NeuAc(1)	N-Glycan	PE000984
P08603	911	Asn	G27947YN	HexNAc(5)Hex(6)NeuAc(2)	N-Glycan	PE000730,PE000732
P08603	911	Asn	G40926MX	HexNAc(5)Hex(6)NeuAc(1)	N-Glycan	PE000733
P08603	911	Asn	G43669FQ	HexNAc(6)Hex(7)	N-Glycan	PE000985
P08603	911	Asn	G47737VJ	HexNAc(4)Hex(5)dHex(2)NeuAc(1)	N-Glycan	PE000731
P08603	911	Asn	G59626AS	HexNAc(4)Hex(5)NeuAc(1)	N-Glycan	PE000140,PE000179
P08603	911	Asn	G60923RB	HexNAc(4)Hex(5)dHex(2)	N-Glycan	PE000735
P08603	911	Asn	G85144OK	HexNAc(5)Hex(6)dHex(1)NeuAc(2)	N-Glycan	PE000736
P08603	911	Asn	G88374WZ	HexNAc(4)Hex(5)dHex(1)NeuAc(2)	N-Glycan	PE000142
P08603	911	Asn	G94917XT	HexNAc(5)Hex(6)dHex(1)NeuAc(3)	N-Glycan	PE000331
P08603	1029	Asn	G00912UN	HexNAc(4)Hex(5)NeuAc(2)	N-Glycan	PE000164,PE000166,PE000167
P08603	1029	Asn	G06247RL	HexNAc(5)Hex(6)NeuAc(3)	N-Glycan	PE000187
P08603	1029	Asn	G27126ED	HexNAc(4)Hex(6)NeuAc(1)	N-Glycan	PE000987
P08603	1029	Asn	G47737VJ	HexNAc(4)Hex(5)dHex(2)NeuAc(1)	N-Glycan	PE000737,PE000738
P08603	1029	Asn	G59626AS	HexNAc(4)Hex(5)NeuAc(1)	N-Glycan	PE000161,PE000184
P08603	1029	Asn	G88374WZ	HexNAc(4)Hex(5)dHex(1)NeuAc(2)	N-Glycan	PE000180
P09871	174	Asn	G00912UN	HexNAc(4)Hex(5)NeuAc(2)	N-Glycan	PE000189
P09871	174	Asn	G59626AS	HexNAc(4)Hex(5)NeuAc(1)	N-Glycan	PE000528
P09871	406	Asn	G00912UN	HexNAc(4)Hex(5)NeuAc(2)	N-Glycan	PE000661
P09871	406	Asn	G94917XT	HexNAc(5)Hex(6)dHex(1)NeuAc(3)	N-Glycan	PE000662
P0C0L5	1328	Asn	G00912UN	HexNAc(4)Hex(5)NeuAc(2)	N-Glycan	PE000609
P0C0L5	1328	Asn	G10486CT	HexNAc(4)Hex(5)	N-Glycan	PE000495
P10909	86	Asn	G40926MX	HexNAc(5)Hex(6)NeuAc(1)	N-Glycan	PE000876
P10909	86	Asn	G94917XT	HexNAc(5)Hex(6)dHex(1)NeuAc(3)	N-Glycan	PE000557
P10909	103	Asn	G00912UN	HexNAc(4)Hex(5)NeuAc(2)	N-Glycan	PE000666
P10909	103	Asn	G06247RL	HexNAc(5)Hex(6)NeuAc(3)	N-Glycan	PE000033,PE000641
P10909	103	Asn	G10486CT	HexNAc(4)Hex(5)	N-Glycan	PE000012
P10909	103	Asn	G27947YN	HexNAc(5)Hex(6)NeuAc(2)	N-Glycan	PE000865
P10909	103	Asn	G40926MX	HexNAc(5)Hex(6)NeuAc(1)	N-Glycan	PE000879
P10909	103	Asn	G88374WZ	HexNAc(4)Hex(5)dHex(1)NeuAc(2)	N-Glycan	PE000667
P10909	103	Asn	G94917XT	HexNAc(5)Hex(6)dHex(1)NeuAc(3)	N-Glycan	PE000035,PE000642
P10909	145	Asn	G00912UN	HexNAc(4)Hex(5)NeuAc(2)	N-Glycan	PE000198,PE000199
P10909	354	Asn	G00912UN	HexNAc(4)Hex(5)NeuAc(2)	N-Glycan	PE000259
P10909	354	Asn	G10486CT	HexNAc(4)Hex(5)	N-Glycan	PE000292
P10909	354	Asn	G44211QA	HexNAc(5)Hex(6)dHex(1)	N-Glycan	PE000385
P10909	374	Asn	G00912UN	HexNAc(4)Hex(5)NeuAc(2)	N-Glycan	PE000617
P10909	374	Asn	G10486CT	HexNAc(4)Hex(5)	N-Glycan	PE000067
P10909	374	Asn	G27947YN	HexNAc(5)Hex(6)NeuAc(2)	N-Glycan	PE000878
P10909	374	Asn	G59626AS	HexNAc(4)Hex(5)NeuAc(1)	N-Glycan	PE000517
P10909	374	Asn	G94917XT	HexNAc(5)Hex(6)dHex(1)NeuAc(3)	N-Glycan	PE000619
P12259	821	Asn	G00912UN	HexNAc(4)Hex(5)NeuAc(2)	N-Glycan	PE000603
P19652	93	Asn	G06247RL	HexNAc(5)Hex(6)NeuAc(3)	N-Glycan	PE000626
P19652	93	Asn	G11115RO	HexNAc(6)Hex(7)NeuAc(4)	N-Glycan	PE000910
P19652	93	Asn	G37818NZ	HexNAc(6)Hex(7)NeuAc(2)	N-Glycan	PE001143
P19652	93	Asn	G94917XT	HexNAc(5)Hex(6)dHex(1)NeuAc(3)	N-Glycan	PE000627
P19652	93	Asn	G99679NM	HexNAc(6)Hex(7)NeuAc(3)	N-Glycan	PE000921
P19823	118	Asn	G00912UN	HexNAc(4)Hex(5)NeuAc(2)	N-Glycan	PE000668
P19823	118	Asn	G47737VJ	HexNAc(4)Hex(5)dHex(2)NeuAc(1)	N-Glycan	PE000928
P19823	118	Asn	G59626AS	HexNAc(4)Hex(5)NeuAc(1)	N-Glycan	PE000571
P19827	285	Asn	G00912UN	HexNAc(4)Hex(5)NeuAc(2)	N-Glycan	PE000429,PE000433,PE000445,PE000448
P19827	285	Asn	G06247RL	HexNAc(5)Hex(6)NeuAc(3)	N-Glycan	PE000430
P19827	285	Asn	G10486CT	HexNAc(4)Hex(5)	N-Glycan	PE000471,PE000508
P19827	285	Asn	G59626AS	HexNAc(4)Hex(5)NeuAc(1)	N-Glycan	PE000446,PE000456
P19827	285	Asn	G60923RB	HexNAc(4)Hex(5)dHex(2)	N-Glycan	PE000854
P19827	285	Asn	G88374WZ	HexNAc(4)Hex(5)dHex(1)NeuAc(2)	N-Glycan	PE000447,PE000449
P19827	285	Asn	G94917XT	HexNAc(5)Hex(6)dHex(1)NeuAc(3)	N-Glycan	PE000450
P19827	588	Asn	G00912UN	HexNAc(4)Hex(5)NeuAc(2)	N-Glycan	PE000309
P20851	98	Asn	G94917XT	HexNAc(5)Hex(6)dHex(1)NeuAc(3)	N-Glycan	PE000620
P23142	98	Asn	G94917XT	HexNAc(5)Hex(6)dHex(1)NeuAc(3)	N-Glycan	PE000580
P25311	109	Asn	G00912UN	HexNAc(4)Hex(5)NeuAc(2)	N-Glycan	PE000470
P25311	112	Asn	G00912UN	HexNAc(4)Hex(5)NeuAc(2)	N-Glycan	PE000088,PE000583
P25311	112	Asn	G88374WZ	HexNAc(4)Hex(5)dHex(1)NeuAc(2)	N-Glycan	PE000091
P25311	112	Asn	G94917XT	HexNAc(5)Hex(6)dHex(1)NeuAc(3)	N-Glycan	PE000011
P25311	128	Asn	G00912UN	HexNAc(4)Hex(5)NeuAc(2)	N-Glycan	PE000486
P25311	128	Asn	G59626AS	HexNAc(4)Hex(5)NeuAc(1)	N-Glycan	PE000487
P25311	128	Asn	G94917XT	HexNAc(5)Hex(6)dHex(1)NeuAc(3)	N-Glycan	PE000570
P25311	259	Asn	G00912UN	HexNAc(4)Hex(5)NeuAc(2)	N-Glycan	PE001171
P26927	72	Asn	G00912UN	HexNAc(4)Hex(5)NeuAc(2)	N-Glycan	PE000087
P26927	615	Asn	G00912UN	HexNAc(4)Hex(5)NeuAc(2)	N-Glycan	PE000029
P27169	253	Asn	G00912UN	HexNAc(4)Hex(5)NeuAc(2)	N-Glycan	PE000647
P27169	253	Asn	G59626AS	HexNAc(4)Hex(5)NeuAc(1)	N-Glycan	PE000498
P29622	157	Asn	G00912UN	HexNAc(4)Hex(5)NeuAc(2)	N-Glycan	PE000645
P36955	285	Asn	G00912UN	HexNAc(4)Hex(5)NeuAc(2)	N-Glycan	PE000659
P36955	285	Asn	G88374WZ	HexNAc(4)Hex(5)dHex(1)NeuAc(2)	N-Glycan	PE000660
P43251	402	Asn	G00912UN	HexNAc(4)Hex(5)NeuAc(2)	N-Glycan	PE000443
P43652	33	Asn	G00912UN	HexNAc(4)Hex(5)NeuAc(2)	N-Glycan	PE000562
P49908	174	Asn	G00912UN	HexNAc(4)Hex(5)NeuAc(2)	N-Glycan	PE000581
P51884	127	Asn	G08293MJ	HexNAc(4)Hex(5)dHex(1)NeuAc(1)	N-Glycan	PE000523
P80108	307	Asn	G00912UN	HexNAc(4)Hex(5)NeuAc(2)	N-Glycan	PE000600
P80108	659	Asn	G59626AS	HexNAc(4)Hex(5)NeuAc(1)	N-Glycan	PE000032
Q03591	126	Asn	G00912UN	HexNAc(4)Hex(5)NeuAc(2)	N-Glycan	PE000573
Q14624	81	Asn	G00912UN	HexNAc(4)Hex(5)NeuAc(2)	N-Glycan	PE000444,PE000451
Q14624	81	Asn	G47737VJ	HexNAc(4)Hex(5)dHex(2)NeuAc(1)	N-Glycan	PE000855
Q14624	207	Asn	G10486CT	HexNAc(4)Hex(5)	N-Glycan	PE000358
Q14624	517	Asn	G00912UN	HexNAc(4)Hex(5)NeuAc(2)	N-Glycan	PE000622
Q14624	517	Asn	G06247RL	HexNAc(5)Hex(6)NeuAc(3)	N-Glycan	PE000596
Q14624	517	Asn	G10486CT	HexNAc(4)Hex(5)	N-Glycan	PE000356
Q14624	517	Asn	G12341GU	HexNAc(7)Hex(8)NeuAc(1)	N-Glycan	PE001159
Q14624	517	Asn	G27947YN	HexNAc(5)Hex(6)NeuAc(2)	N-Glycan	PE000905
Q14624	517	Asn	G47737VJ	HexNAc(4)Hex(5)dHex(2)NeuAc(1)	N-Glycan	PE000906
Q14624	517	Asn	G59626AS	HexNAc(4)Hex(5)NeuAc(1)	N-Glycan	PE000526
Q14624	517	Asn	G88374WZ	HexNAc(4)Hex(5)dHex(1)NeuAc(2)	N-Glycan	PE000623
Q14624	517	Asn	G94917XT	HexNAc(5)Hex(6)dHex(1)NeuAc(3)	N-Glycan	PE000597
Q14624	577	Asn	G00912UN	HexNAc(4)Hex(5)NeuAc(2)	N-Glycan	PE000438,PE000439
Q14624	577	Asn	G10486CT	HexNAc(4)Hex(5)	N-Glycan	PE000344
Q14624	577	Asn	G44211QA	HexNAc(5)Hex(6)dHex(1)	N-Glycan	PE000382
Q14624	577	Asn	G59626AS	HexNAc(4)Hex(5)NeuAc(1)	N-Glycan	PE000535
Q14624	577	Asn	G60033FS	HexNAc(5)Hex(6)	N-Glycan	PE000365
Q14624	577	Asn	G94917XT	HexNAc(5)Hex(6)dHex(1)NeuAc(3)	N-Glycan	PE000440
Q8TC99	106	Asn	G10486CT	HexNAc(4)Hex(5)	N-Glycan	PE000421
Q8TC99	106	Asn	G49955PK	HexNAc(5)Hex(3)	N-Glycan	PE001055
Q8TC99	106	Asn	G65184UU	HexNAc(5)Hex(5)	N-Glycan	PE001056
Q8TC99	106	Asn	G72790NZ	HexNAc(5)Hex(4)	N-Glycan	PE001057
Q96IY4	73	Asn	G06247RL	HexNAc(5)Hex(6)NeuAc(3)	N-Glycan	PE000616
Q96PD5	367	Asn	G00912UN	HexNAc(4)Hex(5)NeuAc(2)	N-Glycan	PE000031,PE000236
Q96PD5	367	Asn	G10486CT	HexNAc(4)Hex(5)	N-Glycan	PE000308
Q96PD5	485	Asn	G00912UN	HexNAc(4)Hex(5)NeuAc(2)	N-Glycan	PE000099
Q9UGM5	37	Asn	G00912UN	HexNAc(4)Hex(5)NeuAc(2)	N-Glycan	PE000669
