tgid	pepid	mw	rt	precmz	prec.z	glycan	sequence	pepnrt	spectra	action	
TG002989	PE001287	4244.046	53.633	1410.028	3	H5N4S	VGQLQLSHNLSLVILVPQNLK	use (-1.331)	MS_48_UO1_Erlic_E13	keep	
TG001785	PE000897	4705.947	22.725	1563.974	3	H5N4F2S	KEHETCLAPELYNGNYSTTQK	drop (+14.066)	MS_35_Frac_plasma_run01_fr6_01	delete	
TG003368	PE000137	3725.692	36.861	1236.906	3	H5N4S	VVLHPNYSQVDIGLIK	use (-2.076)	MS_48_UO1_Erlic_E7	keep	
TG005189	PE000825	4902.188	44.829	1222.307	4	H5N4F2S	MVSHHNLTTGATLINEQWLLTTAK	drop (+8.529)	MS_51_plasma_1ul	delete	
TG003475	PE000433	5151.199	53.97	1712.077	3	H5N4S2	ICDLLVANNHFAHFFAPQNLTNMNK	use (-1.318)	MS_48_UO1_Erlic_E8	keep	
TG002666	PE000673	4205.782	62.239	1397.259	3	H5N4S2	IYPGVDFGGEELNVTFVK	use (-0.902)	MS_35_Frac_plasma_run01_fr8_01	keep	
TG001303	PE000335	4795.908	55.676	1593.966	3	H6N5FS3	VCQDCPLLAPLNDTR	drop (+12.968)	MS_35_Frac_plasma_run02_fr7	keep	
TG005186	PE000200	3993.622	47.061	1326.22	3	H5N4S2	VCQDCPLLAPLNDTR	use (+2.467)	MS_51_plasma_1ul	keep	
TG005466	PE001460	4567.907	49.687	1138.489	4	H5N4FS2	LAGKPTHVNVSVVM[Ox]AEVDGTC	drop (-12.532)	MS_51_plasma_ihilic_B2	keep	
TG003206	PE000137	3725.692	36.613	1236.908	3	H5N4S	VVLHPNYSQVDIGLIK	use (-2.901)	MS_48_UO1_Erlic_E6	keep	
TG002969	PE000097	4619.009	78.609	1535.017	3	H5N4S2	GCVLLSYLNETVTVSASLESVR	None	MS_48_UO1_Erlic_E11	keep	
TG000718	PE000195	4579.014	83.057	1141.254	4	H5N4S2	PALEDLLLGSEANLTCTLTGLR	None	MS_35_Frac_plasma_run02_fr11	keep	
TG003470	PE001180	5152.22	54.314	1713.077	3	H5N4F2S	ICDLLVANNHFAHFFAPQNLTNMNK	drop (+12.822)	MS_48_UO1_Erlic_E8	delete	
TG002070	PE000904	3654.486	36.967	1213.155	3	H5N4F2S	LNAENNATFYFK	None	MS_35_Frac_plasma_run02_fr8	delete	
TG005375	PE000749	4587.949	71.711	1143.737	4	H5N4F2S	AALAAFNAQNNGSNFQLEEISR	drop (+27.262)	MS_51_plasma_ihilic_B2	delete	
TG004900	PE000261	3774.733	59.623	1253.923	3	H5N4S2	KLPPGLLANFTLLR	drop (-6.571)	MS_51_ihilic_plasma_1ul2	keep	
TG001888	PE000837	3726.712	34.894	1237.893	3	H5N4F2	VVLHPNYSQVDIGLIK	drop (+12.718)	MS_35_Frac_plasma_run02_fr11	delete	
TG003150	PE001207	4115.655	51.423	1025.42	4	H5N4F2S	GTAGNALMDGASQLMGENR	drop (+34.087)	MS_48_UO1_Erlic_E5	delete	
TG003856	PE001326	3840.555	31.949	1275.187	3	H5N4F2	GTAGNALMDGASQLM[Ox]GENR	use (+4.902)	MS_48_UO1_Erlic_W6	delete	
TG003483	PE001403	4469.915	80.629	1113.991	4	H5N4S2	AFITNFSM[Ox]IIDGMTYPGIIK	use (+0.810)	MS_48_UO1_Erlic_E8	keep	
TG000786	PE000137	3725.692	35.053	1236.893	3	H5N4S	VVLHPNYSQVDIGLIK	use (-0.851)	MS_35_Frac_plasma_run02_fr11	keep	
TG004930	PE000050	4736.9	52.938	1180.987	4	H5N4S2	QQQHLFGSNVTDCSGNFCLFR	use (-4.109)	MS_51_ihilic_plasma_1ul2	keep	
TG002979	PE001290	4766.087	80.371	1188.031	4	H5N4F3S	GCVLLSYLNETVTVSASLESVR	drop (+9.122)	MS_48_UO1_Erlic_E13	delete	
TG002405	PE000906	5032.149	49.351	1254.785	4	H5N4F2S	LPTQNITFQTESSVAEQEAEFQSPK	drop (+13.169)	MS_35_Frac_plasma_run01_fr7_01	delete	
TG003177	PE000613	4114.635	50.59	1025.168	4	H5N4S2	GTAGNALMDGASQLMGENR	drop (+19.998)	MS_48_UO1_Erlic_E5	keep	
TG003660	PE001462	4455.967	52.812	1110.746	4	H5N4F4	LDAPTNLQFVNETDSTVLVR	drop (+24.910)	MS_48_UO1_Erlic_W5	delete	
TG003175	PE001333	4568.918	47.583	1138.74	4	H5N4S2	LAGKPTHVNVSVVMAEVDGTCY	use (-0.599)	MS_48_UO1_Erlic_E5	keep	
TG003834	PE001475	4446.825	44.949	1477.614	3	H5N4F2	QQQHLFGSNVTDCSGNFCLFR	drop (+13.217)	MS_48_UO1_Erlic_W6	delete	
TG003241	PE000053	4016.787	42.519	1000.706	4	H5N4S2	VVLHPNYSQVDIGLIK	use (-1.414)	MS_48_UO1_Erlic_E6	keep	
TG001234	PE000511	4704.926	22.639	1172.73	4	H5N4S2	KEHETCLAPELYNGNYSTTQK	use (+0.558)	MS_35_Frac_plasma_run02_fr6	keep	
TG002082	PE000640	5927.493	40.55	1183.102	5	H6N5FS3	ELHHLQEQNVSNAFLDKGEFYIGSK	use (-3.435)	MS_35_Frac_plasma_run01_fr7_01	keep	
TG005111	PE001837	3628.485	36.202	1204.826	3	H5N4F4	SWPAVGNCSSALR	drop (+30.231)	MS_51_plasma_1ul	delete	
TG005021	PE001811	4734.007	54.052	1180.261	4	H5N4F3S	AALAAFNAQNNGSNFQLEEISR	drop (+13.743)	MS_51_ihilic_plasma_1ul	delete	
TG005171	PE000825	4902.188	44.829	1629.063	3	H5N4F2S	MVSHHNLTTGATLINEQWLLTTAK	drop (+8.640)	MS_51_plasma_1ul	delete	
TG005172	PE000728	4243.783	21.816	1409.934	3	H5N4F2S	IPCSQPPQIEHGTINSSR	drop (+14.270)	MS_51_plasma_1ul	delete	
TG002617	PE001159	5835.43	55.195	1455.601	4	H8N7S	LPTQNITFQTESSVAEQEAEFQSPK	drop (+31.166)	MS_35_Frac_plasma_run02_fr7	delete	
TG005067	PE000015	4901.168	44.491	1629.063	3	H5N4S2	MVSHHNLTTGATLINEQWLLTTAK	drop (-5.411)	MS_51_plasma_1ul	keep	
TG003191	PE001318	4064.68	43.086	1012.674	4	H6N5F2S	CGLVPVLAENYNK	drop (+13.530)	MS_48_UO1_Erlic_E5	delete	
TG003193	PE000173	4242.763	19.725	1409.597	3	H5N4S2	IPCSQPPQIEHGTINSSR	use (-0.365)	MS_48_UO1_Erlic_E5	keep	
TG003842	PE000749	4587.949	48.816	1524.657	3	H5N4F2S	AALAAFNAQNNGSNFQLEEISR	drop (+11.372)	MS_48_UO1_Erlic_W6	delete	
TG003082	PE001328	3970.618	43.132	989.158	4	H5N4F3	GTAGNALMDGASQLMGENR	drop (+28.760)	MS_48_UO1_Erlic_E5	delete	
TG002991	PE001288	4245.066	53.612	1410.362	3	H5N4F2	VGQLQLSHNLSLVILVPQNLK	drop (+12.262)	MS_48_UO1_Erlic_E13	delete	
TG002990	PE001293	4765.067	79.121	1187.78	4	H5N4FS2	GCVLLSYLNETVTVSASLESVR	use (-4.940)	MS_48_UO1_Erlic_E13	keep	
TG003209	PE001372	4382.94	41.529	1456.648	3	H6N5F2S	VVLHPNYSQVDIGLIK	drop (+13.094)	MS_48_UO1_Erlic_E6	delete	
TG002619	PE001007	4797.923	56.418	1594.302	3	H8N7S	VCQDCPLLAPLNDTR	drop (+42.824)	MS_35_Frac_plasma_run02_fr7	delete	
TG000489	PE000195	4579.014	83.196	1141.252	4	H5N4S2	PALEDLLLGSEANLTCTLTGLR	drop (+12.165)	MS_35_Frac_plasma_run01_fr10_01	keep	
TG000004	PE000102	5263.289	79.78	1312.574	4	H5N4S2	IVLDPSGSMNIYLVLDGSDSIGASNFTGAK	None	MS_35_Frac_plasma_run01_fr10_01	keep	
TG005461	PE001873	6251.691	45.022	1039.955	6	H5N4F2S	NLASRPYTFHSHGITYYKEHEGAIYPDNTTDFQR	drop (+14.715)	MS_51_plasma_ihilic_B2	delete	
TG001891	PE000829	4580.034	59.92	1141.769	4	H5N4F2S	PALEDLLLGSEANLTCTLTGLR	drop (-32.594)	MS_35_Frac_plasma_run02_fr11	delete	
TG001890	PE000822	4918.183	41.92	1226.041	4	H5N4F2S	M[Ox]VSHHNLTTGATLINEQWLLTTAK	drop (+24.912)	MS_35_Frac_plasma_run02_fr11	delete	
TG002063	PE000728	4243.783	18.667	1409.92	3	H5N4F2S	IPCSQPPQIEHGTINSSR	drop (+15.575)	MS_35_Frac_plasma_run02_fr7	delete	
TG001896	PE000777	5097.358	61.487	1270.841	4	H5N5S	LSLHRPALEDLLLGSEANLTCTLTGLR	use (-0.708)	MS_35_Frac_plasma_run02_fr12	keep	
TG003292	PE000837	3726.712	35.971	1237.242	3	H5N4F2	VVLHPNYSQVDIGLIK	drop (+10.653)	MS_48_UO1_Erlic_E6	delete	
TG005371	PE001848	3840.555	51.412	1275.525	3	H5N4F2	GTAGNALM[Ox]DGASQLMGENR	drop (+22.152)	MS_51_plasma_ihilic_B2	delete	
TG001953	PE000855	4583.035	69.467	1142.256	4	H5N4F2S	KAFITNFSMIIDGMTYPGIIK	drop (+13.818)	MS_35_Frac_plasma_run02_fr14	delete	
TG002102	PE000928	3696.5	47.776	1227.493	3	H5N4F2S	GAFISNFSMTVDGK	None	MS_35_Frac_plasma_run02_fr9	delete	
TG001304	PE000173	4242.763	18.296	1409.582	3	H5N4S2	IPCSQPPQIEHGTINSSR	use (+1.482)	MS_35_Frac_plasma_run02_fr7	keep	
TG000394	PE000177	3799.422	20.336	1261.806	3	H5N4S2	ISEENETTCYM[Ox]GK	drop (+12.502)	MS_24_UO1_CFH_UO1	keep	
TG004876	PE001803	3775.753	59.403	1253.589	3	H5N4F2S	KLPPGLLANFTLLR	drop (+7.063)	MS_51_ihilic_plasma_1ul2	delete	
TG003168	PE001325	4131.65	36.347	1372.555	3	H5N4F2S	GTAGNALMDGASQLM[Ox]GENR	drop (+10.319)	MS_48_UO1_Erlic_E5	delete	
TG005064	PE000606	4418.762	50.155	1101.204	4	H5N4S2	DQCIVDDITYNVNDTFHK	use (+3.244)	MS_51_plasma_1ul	keep	
TG003288	PE001369	4738.941	49.535	1574.982	3	H5N4F4	QQQHLFGSNVTDCSGNFCLFR	drop (+28.557)	MS_48_UO1_Erlic_E6	delete	
TG003047	PE000235	4114.617	25.706	1367.212	3	H5N4S2	EHEGAIYPDNTTDFQR	drop (+7.345)	MS_48_UO1_Erlic_E3	keep	
TG003045	PE001307	3846.533	13.89	958.384	4	H5N4F2S	HSHNNNSSDLHPHK	drop (+13.455)	MS_48_UO1_Erlic_E3	delete	
TG002867	PE001241	6478.883	48.305	1293.376	5	H5N4F2S	PETLHPGRPQPPAEEELCSGKPFDAFTDLKNGSLFAFR	drop (+13.629)	MS_35_Frac_plasma_run01_fr9_01	delete	
TG000947	PE000451	4582.015	69.467	1142.256	4	H5N4S2	KAFITNFSMIIDGMTYPGIIK	use (-0.273)	MS_35_Frac_plasma_run02_fr14	keep	
TG002865	PE001234	6060.678	75.47	1511.664	4	H5N4F3S	ADTHDEILEGLNFNLTEIPEAQIHEGFQELLR	drop (+13.039)	MS_35_Frac_plasma_run01_fr9_01	delete	
TG002864	PE001231	4883.978	46.603	1623.315	3	H5N4F3S	QQQHLFGSNVTDCSGNFCLFR	drop (+15.565)	MS_35_Frac_plasma_run01_fr9_01	delete	
TG002863	PE001178	5705.469	48.641	1138.494	5	H8N7S	MVSHHNLTTGATLINEQWLLTTAK	drop (+29.425)	MS_35_Frac_plasma_run01_fr9_01	delete	
TG002861	PE001240	3646.616	23.195	1210.532	3	H5N4F2	LGTSLSSGHVLMNGTLK	drop (+13.111)	MS_35_Frac_plasma_run01_fr9_01	delete	
TG002578	PE000611	3839.534	31.818	1274.843	3	H5N4S	GTAGNALM[Ox]DGASQLMGENR	use (-0.830)	MS_35_Frac_plasma_run01_fr8_01	keep	
TG001381	PE000524	3653.466	37.797	1213.155	3	H5N4S2	LNAENNATFYFK	use (+0.464)	MS_35_Frac_plasma_run02_fr8	keep	
TG005101	PE001841	5395.425	61.601	1076.694	5	H5N4F4	WVLTAAHCLLYPPWDKNFTENDLLVR	drop (+25.725)	MS_51_plasma_1ul	delete	
TG003568	PE000821	4620.029	82.125	1535.017	3	H5N4F2S	GCVLLSYLNETVTVSASLESVR	None	MS_48_UO1_Erlic_E9	delete	
TG005102	PE000173	4242.763	21.349	1409.266	3	H5N4S2	IPCSQPPQIEHGTINSSR	use (+0.184)	MS_51_plasma_1ul	keep	
TG002743	PE000032	3645.596	23.183	1210.197	3	H5N4S	LGTSLSSGHVLMNGTLK	use (-0.231)	MS_35_Frac_plasma_run01_fr9_01	keep	
TG002746	PE000015	4901.168	63.795	1222.042	4	H5N4S2	MVSHHNLTTGATLINEQWLLTTAK	use (-2.103)	MS_35_Frac_plasma_run01_fr9_01	keep	
TG005108	PE000152	3626.445	36.057	1204.495	3	H5N4S2	SWPAVGNCSSALR	use (+2.543)	MS_51_plasma_1ul	keep	
TG002745	PE000829	4580.034	59.538	1141.77	4	H5N4F2S	PALEDLLLGSEANLTCTLTGLR	drop (-33.252)	MS_35_Frac_plasma_run01_fr9_01	delete	
TG000326	PE000126	4894.279	60.604	1626.753	3	H5N4S	LSLHRPALEDLLLGSEANLTCTLTGLR	use (-1.893)	MS_35_Frac_plasma_run01_fr10_01	keep	
TG000325	PE000323	6715.885	79.296	1117.657	6	H6N5FS3	ADTHDEILEGLNFNLTEIPEAQIHEGFQELLR	None	MS_31_UO1_MARS_MS2_1ug_longn_CE20_std	keep	
TG001522	PE000672	6730.938	51.279	1343.99	5	H5N4S	ITTTPTNGQQGNSLEEVVHADQSSCTFDNLSPGLEYNVSVYTVK	use (-0.000)	MS_35_Frac_plasma_run02_fr9	keep	
TG000320	PE000126	4894.279	60.604	1220.569	4	H5N4S	LSLHRPALEDLLLGSEANLTCTLTGLR	drop (-8.122)	MS_35_Frac_plasma_run01_fr10_01	keep	
TG003379	PE000015	4901.168	67.172	1221.803	4	H5N4S2	MVSHHNLTTGATLINEQWLLTTAK	use (-2.145)	MS_48_UO1_Erlic_E7	keep	
TG002720	PE000230	4882.958	46.774	1622.981	3	H5N4FS2	QQQHLFGSNVTDCSGNFCLFR	use (+1.467)	MS_35_Frac_plasma_run01_fr9_01	keep	
TG003348	PE000094	6849.98	63.971	1367.608	5	H5N4S2	FQSPAGTEALFELHNISVADSANYSCVYVDLKPPFGGSAPSER	use (-1.045)	MS_48_UO1_Erlic_E7	keep	
TG005169	PE001832	6756.044	75.187	1124.35	6	H5N4F2S	LEPVHLQLQCMSQEQLAQVAANATKEFTEAFLGCPAIHPR	use (+4.481)	MS_51_plasma_1ul	keep	
TG000831	PE000097	4619.009	86.008	1535.004	3	H5N4S2	GCVLLSYLNETVTVSASLESVR	drop (+13.073)	MS_35_Frac_plasma_run02_fr12	keep	
TG003506	PE001429	4532.035	85.804	1129.516	4	H5N4F3S	VSNQTLSLFFTVLQDVPVR	drop (+11.004)	MS_48_UO1_Erlic_E8	delete	
TG002726	PE000218	4465.962	23.698	1483.983	3	H5N4S	VYIHPFHLVIHNESTCEQLAK	None	MS_35_Frac_plasma_run01_fr9_01	keep	
TG001528	PE000511	4704.926	22.796	1563.303	3	H5N4S2	KEHETCLAPELYNGNYSTTQK	use (-0.025)	MS_35_Frac_plasma_run01_fr6_01	keep	
TG000624	PE000080	6390.746	87.772	1594.685	4	H6N5FS3	YTGNASALFILPDQDKMEEVEAMLLPETLK	use (+0.093)	MS_35_Frac_plasma_run02_fr10	keep	
TG001949	PE000854	4861.124	46.409	1211.775	4	H5N4F2	ICDLLVANNHFAHFFAPQNLTNMNK	None	MS_35_Frac_plasma_run02_fr14	delete	
TG000412	PE000142	3929.485	25.222	1304.825	3	H5N4FS2	ISEENETTCYMGK	use (+1.999)	MS_24_UO1_CFH_UO1	keep	
TG003912	PE001084	4455.956	38.536	1110.751	4	H7N6S	VVLHPNYSQVDIGLIK	use (-0.180)	MS_48_UO1_Erlic_W7	delete	
TG001944	PE000778	4935.305	61.766	1640.096	3	H4N5S	LSLHRPALEDLLLGSEANLTCTLTGLR	use (+0.364)	MS_35_Frac_plasma_run02_fr13	keep	
TG003547	PE001293	4765.067	81.814	1188.026	4	H5N4FS2	GCVLLSYLNETVTVSASLESVR	None	MS_48_UO1_Erlic_E8	keep	
TG003385	PE001377	6851.0	64.177	1367.812	5	H5N4F2S	FQSPAGTEALFELHNISVADSANYSCVYVDLKPPFGGSAPSER	drop (+12.994)	MS_48_UO1_Erlic_E7	delete	
TG003274	PE000053	4016.787	42.519	1334.606	3	H5N4S2	VVLHPNYSQVDIGLIK	use (-0.828)	MS_48_UO1_Erlic_E6	keep	
TG001732	PE000738	3647.422	24.463	1210.799	3	H5N4F2S	MDGASNVTCINSR	drop (+11.570)	MS_24_UO1_CFH_UO1	delete	
TG002786	PE001173	5265.33	79.508	1312.829	4	H5N4F4	IVLDPSGSMNIYLVLDGSDSIGASNFTGAK	None	MS_35_Frac_plasma_run01_fr10_01	delete	
TG001731	PE000735	3493.352	25.293	1159.445	3	H5N4F2	ISEENETTCYMGK	drop (+30.124)	MS_24_UO1_CFH_UO1	delete	
TG003051	PE001317	4296.854	45.269	1070.966	4	H5N4F2	AALAAFNAQNNGSNFQLEEISR	drop (+15.253)	MS_48_UO1_Erlic_E5	delete	
TG001735	PE000731	3800.442	22.157	1261.804	3	H5N4F2S	ISEENETTCYM[Ox]GK	drop (+13.347)	MS_24_UO1_CFH_UO1	delete	
TG002696	PE000196	6477.863	48.305	1293.376	5	H5N4S2	PETLHPGRPQPPAEEELCSGKPFDAFTDLKNGSLFAFR	use (-0.340)	MS_35_Frac_plasma_run01_fr9_01	keep	
TG005494	PE001870	4568.928	49.52	1138.99	4	H5N4F3S	LAGKPTHVNVSVVM[Ox]AEVDGTC	use (+1.559)	MS_51_plasma_ihilic_B2	delete	
TG000403	PE000140	3492.331	20.537	1161.116	3	H5N4S	ISEENETTCYMGK	use (+2.025)	MS_24_UO1_CFH_UO1	keep	
TG000618	PE000076	4142.704	34.095	1375.898	3	H5N4S	YRGTAGNALMDGASQLMGENR	use (-1.561)	MS_35_Frac_plasma_run02_fr10	keep	
TG000729	PE000068	4757.057	28.249	1581.019	3	H5N4S2	VYIHPFHLVIHNESTCEQLAK	use (-0.906)	MS_35_Frac_plasma_run02_fr11	keep	
TG002759	PE000195	4579.014	83.465	1141.255	4	H5N4S2	PALEDLLLGSEANLTCTLTGLR	drop (+12.173)	MS_35_Frac_plasma_run01_fr9_01	keep	
TG000722	PE000217	3871.749	34.816	1285.576	3	H5N4FS	VVLHPNYSQVDIGLIK	use (-0.961)	MS_35_Frac_plasma_run02_fr11	keep	
TG005243	PE001853	5041.357	78.192	1257.094	4	H5N4F3	LSLHRPALEDLLLGSEANLTCTLTGLR	drop (+6.801)	MS_51_plasma_ihilic_B1	delete	
TG005240	PE000154	5040.336	77.764	1256.845	4	H5N4FS	LSLHRPALEDLLLGSEANLTCTLTGLR	drop (-6.783)	MS_51_plasma_ihilic_B1	keep	
TG000721	PE000041	4917.163	42.226	1225.789	4	H5N4S2	M[Ox]VSHHNLTTGATLINEQWLLTTAK	drop (+10.940)	MS_35_Frac_plasma_run02_fr11	keep	
TG005353	PE001091	5541.201	76.189	1381.81	4	H8N7S	QQQHLFGSNVTDCSGNFCLFR	drop (+40.303)	MS_51_plasma_ihilic_B1	delete	
TG005077	PE001824	4419.783	49.847	1101.704	4	H5N4F2S	DQCIVDDITYNVNDTFHK	drop (+17.300)	MS_51_plasma_1ul	delete	
TG002752	PE000839	4466.982	23.629	1484.321	3	H5N4F2	VYIHPFHLVIHNESTCEQLAK	None	MS_35_Frac_plasma_run01_fr9_01	delete	
TG002738	PE000137	3725.692	34.511	1237.567	3	H5N4S	VVLHPNYSQVDIGLIK	use (-2.531)	MS_35_Frac_plasma_run01_fr9_01	keep	
TG002825	PE001216	4533.9	31.664	1129.971	4	H5N4F2S	WNPCLEPHRFNDTEVLQR	use (+3.317)	MS_35_Frac_plasma_run01_fr7_01	delete	
TG003332	PE000837	3726.712	37.057	1237.575	3	H5N4F2	VVLHPNYSQVDIGLIK	drop (+11.462)	MS_48_UO1_Erlic_E7	delete	
TG000936	PE000456	4860.104	46.409	1211.775	4	H5N4S	ICDLLVANNHFAHFFAPQNLTNMNK	None	MS_35_Frac_plasma_run02_fr14	keep	
TG003609	PE001440	4622.974	38.477	1151.999	4	H5N4F3S	ADGTVNQIEGEATPVNLTEPAK	drop (+11.056)	MS_48_UO1_Erlic_W4	delete	
TG002047	PE000907	3757.503	24.295	1247.496	3	H5N4F2S	NHSCSEGQISIFR	drop (+14.571)	MS_35_Frac_plasma_run02_fr7	delete	
TG002046	PE000913	4934.059	20.847	1640.009	3	H5N4F2S	YPHKPEINSTTHPGADLQENFCR	drop (+13.023)	MS_35_Frac_plasma_run02_fr7	delete	
TG005332	PE001370	4737.92	79.505	1180.987	4	H5N4F2S	QQQHLFGSNVTDCSGNFCLFR	drop (+46.969)	MS_51_plasma_ihilic_B1	delete	
TG005107	PE000240	5393.384	61.831	1076.29	5	H5N4S2	WVLTAAHCLLYPPWDKNFTENDLLVR	use (-2.197)	MS_51_plasma_1ul	keep	
TG003564	PE001290	4766.087	79.107	1188.029	4	H5N4F3S	GCVLLSYLNETVTVSASLESVR	None	MS_48_UO1_Erlic_E9	delete	
TG005183	PE001842	3979.712	65.607	1321.57	3	H5N4F4	YLGNATAIFFLPDEGK	drop (+31.405)	MS_51_plasma_1ul	delete	
TG003821	PE001373	4017.807	44.474	1334.27	3	H5N4F2S	VVLHPNYSQVDIGLIK	drop (+14.427)	MS_48_UO1_Erlic_W6	delete	
TG000432	PE000173	4242.763	24.59	1409.589	3	H5N4S2	IPCSQPPQIEHGTINSSR	use (-0.025)	MS_24_UO1_CFH_UO1	keep	
TG002844	PE001232	5345.329	48.418	1332.827	4	H5N4F2	SLGNVNFTVSAEALESQELCGTEVPSVPEHGR	drop (+12.551)	MS_35_Frac_plasma_run01_fr8_01	delete	
TG002847	PE001233	4821.088	47.406	1602.027	3	H8N7S	VVLHPNYSQVDIGLIK	drop (+31.488)	MS_35_Frac_plasma_run01_fr8_01	delete	
TG001726	PE000739	3564.497	30.198	1183.159	3	H5N4F2S	SPDVINGSPISQK	drop (+13.673)	MS_24_UO1_CFH_UO1	delete	
TG002843	PE001226	3824.56	42.952	1269.848	3	H5N4F2	GTAGNALMDGASQLMGENR	drop (+25.462)	MS_35_Frac_plasma_run01_fr8_01	delete	
TG003107	PE000152	3626.445	34.871	1203.825	3	H5N4S2	SWPAVGNCSSALR	use (+1.596)	MS_48_UO1_Erlic_E5	keep	
TG002685	PE000837	3726.712	33.889	1237.23	3	H5N4F2	VVLHPNYSQVDIGLIK	drop (+10.673)	MS_35_Frac_plasma_run01_fr9_01	delete	
TG001728	PE000737	3663.417	23.332	1216.136	3	H5N4F2S	M[Ox]DGASNVTCINSR	drop (+24.065)	MS_24_UO1_CFH_UO1	delete	
TG003212	PE000804	5914.62	80.123	1180.534	5	H5N4F2S	ADTHDEILEGLNFNLTEIPEAQIHEGFQELLR	drop (+23.315)	MS_48_UO1_Erlic_E6	delete	
TG005144	PE000432	3823.539	42.36	952.395	4	H5N4S	GTAGNALMDGASQLMGENR	drop (+11.541)	MS_51_plasma_1ul	keep	
TG005418	PE000263	6250.671	44.86	1039.956	6	H5N4S2	NLASRPYTFHSHGITYYKEHEGAIYPDNTTDFQR	use (+0.420)	MS_51_plasma_ihilic_B2	keep	
TG000614	PE000153	5703.454	48.859	1422.867	4	H6N5FS3	MVSHHNLTTGATLINEQWLLTTAK	use (-1.197)	MS_35_Frac_plasma_run01_fr10_01	keep	
TG002518	PE000066	4819.072	47.73	1602.021	3	H6N5FS3	VVLHPNYSQVDIGLIK	use (+1.577)	MS_35_Frac_plasma_run01_fr8_01	keep	
TG003222	PE000242	5913.6	77.723	1475.161	4	H5N4S2	ADTHDEILEGLNFNLTEIPEAQIHEGFQELLR	use (+0.811)	MS_48_UO1_Erlic_E6	keep	
TG002515	PE000653	5344.308	48.815	1333.08	4	H5N4S	SLGNVNFTVSAEALESQELCGTEVPSVPEHGR	use (-0.926)	MS_35_Frac_plasma_run01_fr8_01	keep	
TG002576	PE000432	3823.539	41.337	1270.181	3	H5N4S	GTAGNALMDGASQLMGENR	drop (+11.890)	MS_35_Frac_plasma_run01_fr8_01	keep	
TG000120	PE000829	4580.034	59.239	1141.77	4	H5N4F2S	PALEDLLLGSEANLTCTLTGLR	drop (-35.117)	MS_35_Frac_plasma_run01_fr10_01	delete	
TG002510	PE001848	3840.555	31.088	1275.178	3	H5N4F2	GTAGNALM[Ox]DGASQLMGENR	use (+4.575)	MS_35_Frac_plasma_run01_fr8_01	delete	
TG003327	PE001383	4471.001	46.637	1485.669	3	H5N4F4	LQAPLNYTEFQKPICLPSK	drop (+27.493)	MS_48_UO1_Erlic_E7	delete	
TG002728	PE000153	5703.454	48.612	1138.494	5	H6N5FS3	MVSHHNLTTGATLINEQWLLTTAK	use (-0.457)	MS_35_Frac_plasma_run01_fr9_01	keep	
TG003522	PE001290	4766.087	82.053	1188.028	4	H5N4F3S	GCVLLSYLNETVTVSASLESVR	None	MS_48_UO1_Erlic_E8	delete	
TG003049	PE001332	4552.933	46.088	1134.739	4	H5N4F3S	LAGKPTHVNVSVVMAEVDGTC	drop (+13.865)	MS_48_UO1_Erlic_E5	delete	
TG003527	PE001404	4470.935	80.342	1114.242	4	H5N4F2S	AFITNFSM[Ox]IIDGMTYPGIIK	drop (+14.681)	MS_48_UO1_Erlic_E8	delete	
TG003526	PE000266	4531.014	85.709	1129.262	4	H5N4FS2	VSNQTLSLFFTVLQDVPVR	use (-3.095)	MS_48_UO1_Erlic_E8	keep	
TG003932	PE001482	3647.659	68.171	1210.894	3	H5N4F2S	LPPGLLANFTLLR	drop (+9.759)	MS_48_UO1_Erlic_W8	delete	
TG001467	PE000668	3695.48	47.886	1226.821	3	H5N4S2	GAFISNFSMTVDGK	use (-0.368)	MS_35_Frac_plasma_run02_fr9	keep	
TG001297	PE000597	5833.414	56.566	1454.855	4	H6N5FS3	LPTQNITFQTESSVAEQEAEFQSPK	use (+1.408)	MS_35_Frac_plasma_run02_fr7	keep	
TG002702	PE000258	6059.657	75.034	1511.664	4	H5N4FS2	ADTHDEILEGLNFNLTEIPEAQIHEGFQELLR	use (-0.689)	MS_35_Frac_plasma_run01_fr9_01	keep	
TG002337	PE000984	4587.728	30.783	1524.239	3	H8N7S	ISEENETTCYMGK	drop (+28.157)	MS_24_UO1_CFH_UO1	delete	
TG002333	PE000983	3930.505	24.695	1305.163	3	H5N4F3S	ISEENETTCYMGK	drop (+16.103)	MS_24_UO1_CFH_UO1	delete	
TG002937	PE000245	6557.235	85.402	1090.883	6	H5N4S	TEVSSNHVLIYLDKVSNQTLSLFFTVLQDVPVRDLKPAIVK	None	MS_48_UO1_Erlic_E10	keep	
TG002330	PE000985	3931.5	25.429	1305.494	3	H7N6	ISEENETTCYMGK	drop (+29.198)	MS_24_UO1_CFH_UO1	delete	
TG003833	PE000007	3861.565	50.592	1282.198	3	H5N4S2	AGLQAFFQVQECNK	use (-2.140)	MS_48_UO1_Erlic_W6	keep	
TG002033	PE000622	5031.128	49.292	1254.537	4	H5N4S2	LPTQNITFQTESSVAEQEAEFQSPK	use (-0.875)	MS_35_Frac_plasma_run01_fr7_01	keep	
TG002338	PE000613	4114.635	48.324	1367.216	3	H5N4S2	GTAGNALMDGASQLMGENR	drop (+17.496)	MS_35_Frac_plasma_run01_fr7_01	keep	
TG001845	PE000817	4143.724	34.328	1376.567	3	H5N4F2	YRGTAGNALMDGASQLMGENR	drop (+11.958)	MS_35_Frac_plasma_run02_fr10	delete	
TG000427	PE000166	3662.396	21.951	1216.473	3	H5N4S2	M[Ox]DGASNVTCINSR	drop (+10.006)	MS_24_UO1_CFH_UO1	keep	
TG003131	PE000594	4130.63	36.422	1372.222	3	H5N4S2	GTAGNALMDGASQLM[Ox]GENR	use (-3.291)	MS_48_UO1_Erlic_E5	keep	
TG003562	PE001293	4765.067	81.225	1187.78	4	H5N4FS2	GCVLLSYLNETVTVSASLESVR	None	MS_48_UO1_Erlic_E9	keep	
TG002934	PE001288	4245.066	53.549	1410.357	3	H5N4F2	VGQLQLSHNLSLVILVPQNLK	drop (+10.961)	MS_48_UO1_Erlic_E10	delete	
TG001925	PE000821	4620.029	86.108	1535.333	3	H5N4F2S	GCVLLSYLNETVTVSASLESVR	None	MS_35_Frac_plasma_run02_fr12	delete	
TG002830	PE001204	5391.23	59.354	1344.555	4	H8N7S	AALAAFNAQNNGSNFQLEEISR	drop (+34.793)	MS_35_Frac_plasma_run01_fr7_01	delete	
TG002833	PE001228	4206.802	62.16	1397.596	3	H5N4F2S	IYPGVDFGGEELNVTFVK	drop (+13.203)	MS_35_Frac_plasma_run01_fr8_01	delete	
TG003037	PE000506	3845.513	13.353	957.886	4	H5N4S2	HSHNNNSSDLHPHK	use (-0.602)	MS_48_UO1_Erlic_E3	keep	
TG003238	PE001370	4737.92	49.001	1574.647	3	H5N4F2S	QQQHLFGSNVTDCSGNFCLFR	drop (+14.975)	MS_48_UO1_Erlic_E6	delete	
TG002524	PE001111	3872.77	34.766	1285.916	3	H5N4F3	VVLHPNYSQVDIGLIK	drop (+12.601)	MS_35_Frac_plasma_run02_fr11	delete	
TG005489	PE000204	4121.717	54.99	1369.25	3	H5N4S2	KVCQDCPLLAPLNDTR	use (+2.891)	MS_51_plasma_ihilic_B2	keep	
TG002440	PE000336	5389.214	57.193	1344.054	4	H6N5FS3	AALAAFNAQNNGSNFQLEEISR	use (+3.684)	MS_35_Frac_plasma_run01_fr7_01	keep	
TG005014	PE000192	4732.987	54.052	1180.261	4	H5N4FS2	AALAAFNAQNNGSNFQLEEISR	use (+0.092)	MS_51_ihilic_plasma_1ul	keep	
TG002962	PE001293	4765.067	80.193	1583.366	3	H5N4FS2	GCVLLSYLNETVTVSASLESVR	drop (-12.354)	MS_48_UO1_Erlic_E11	keep	
TG003092	PE000915	4063.659	42.534	1012.426	4	H6N5S2	CGLVPVLAENYNK	use (-0.628)	MS_48_UO1_Erlic_E5	keep	
TG003727	PE000518	4453.926	52.369	1110.243	4	H5N4S2	LDAPTNLQFVNETDSTVLVR	use (-2.794)	MS_48_UO1_Erlic_W5	keep	
TG002545	PE001115	5098.378	63.088	1271.338	4	H5N5F2	LSLHRPALEDLLLGSEANLTCTLTGLR	drop (+12.909)	MS_35_Frac_plasma_run02_fr12	delete	
TG005179	PE001226	3824.56	42.834	952.647	4	H5N4F2	GTAGNALMDGASQLMGENR	drop (+25.107)	MS_51_plasma_1ul	delete	
TG002808	PE001191	4623.969	38.021	1536.313	3	H7N6	ADGTVNQIEGEATPVNLTEPAK	drop (+27.269)	MS_35_Frac_plasma_run01_fr6_01	delete	
TG001269	PE000229	6214.554	42.067	1240.71	5	H5N4S2	REGDHEFLEVPEAQEDVEATFPVHQPGNYSCSYR	use (-0.541)	MS_35_Frac_plasma_run02_fr7	keep	
TG005204	PE001330	4244.803	21.349	1057.702	4	H5N4F4	IPCSQPPQIEHGTINSSR	drop (+20.735)	MS_51_plasma_1ul	delete	
TG003257	PE001373	4017.807	41.825	1000.952	4	H5N4F2S	VVLHPNYSQVDIGLIK	drop (+13.180)	MS_48_UO1_Erlic_E6	delete	
TG001727	PE000728	4243.783	25.543	1409.921	3	H5N4F2S	IPCSQPPQIEHGTINSSR	drop (+14.063)	MS_24_UO1_CFH_UO1	delete	
TG003889	PE001481	4454.961	38.328	1110.5	4	H5N4F3S2	VVLHPNYSQVDIGLIK	drop (-13.745)	MS_48_UO1_Erlic_W7	keep	
TG002037	PE000897	4705.947	22.515	1172.98	4	H5N4F2S	KEHETCLAPELYNGNYSTTQK	drop (+11.213)	MS_35_Frac_plasma_run02_fr6	delete	
TG001180	PE000147	4535.141	57.804	1506.713	3	H5N4S2	VGQLQLSHNLSLVILVPQNLK	use (+1.776)	MS_35_Frac_plasma_run01_fr12_01	keep	
TG002961	PE001287	4244.046	53.387	1409.692	3	H5N4S	VGQLQLSHNLSLVILVPQNLK	use (-2.901)	MS_48_UO1_Erlic_E10	keep	
TG002054	PE000911	6215.574	42.626	1240.912	5	H5N4F2S	REGDHEFLEVPEAQEDVEATFPVHQPGNYSCSYR	drop (+13.562)	MS_35_Frac_plasma_run02_fr7	delete	
TG003425	PE000825	4902.188	66.942	1222.052	4	H5N4F2S	MVSHHNLTTGATLINEQWLLTTAK	None	MS_48_UO1_Erlic_E7	delete	
TG003800	PE001466	3862.586	50.784	1282.531	3	H5N4F2S	AGLQAFFQVQECNK	drop (+11.934)	MS_48_UO1_Erlic_W6	delete	
TG003571	PE000097	4619.009	79.445	1534.681	3	H5N4S2	GCVLLSYLNETVTVSASLESVR	None	MS_48_UO1_Erlic_E9	keep	
TG003109	PE001335	4569.938	47.52	1138.99	4	H5N4F2S	LAGKPTHVNVSVVMAEVDGTCY	drop (+13.492)	MS_48_UO1_Erlic_E5	delete	
TG002944	PE001285	6558.255	86.386	1091.215	6	H5N4F2	TEVSSNHVLIYLDKVSNQTLSLFFTVLQDVPVRDLKPAIVK	drop (+18.295)	MS_48_UO1_Erlic_E10	delete	
TG003813	PE000048	4445.804	44.721	1477.28	3	H5N4S	QQQHLFGSNVTDCSGNFCLFR	use (-0.332)	MS_48_UO1_Erlic_W6	keep	
TG000450	PE000776	4732.226	61.309	1572.737	3	H4N4S	LSLHRPALEDLLLGSEANLTCTLTGLR	use (-1.129)	MS_35_Frac_plasma_run01_fr10_01	keep	
TG002822	PE001206	5929.509	40.722	1183.5	5	H8N7S	ELHHLQEQNVSNAFLDKGEFYIGSK	drop (+26.516)	MS_35_Frac_plasma_run01_fr7_01	delete	
TG002784	PE001178	5705.469	48.395	1422.865	4	H8N7S	MVSHHNLTTGATLINEQWLLTTAK	drop (+29.027)	MS_35_Frac_plasma_run01_fr10_01	delete	
TG002820	PE001207	4115.655	39.29	1367.211	3	H5N4F2S	GTAGNALMDGASQLMGENR	drop (+9.414)	MS_35_Frac_plasma_run01_fr7_01	delete	
TG002827	PE001211	3627.465	33.627	1204.148	3	H5N4F2S	SWPAVGNCSSALR	drop (+12.844)	MS_35_Frac_plasma_run01_fr7_01	delete	
TG002780	PE000102	5263.289	79.12	1312.572	4	H5N4S2	IVLDPSGSMNIYLVLDGSDSIGASNFTGAK	use (-0.000)	MS_35_Frac_plasma_run01_fr9_01	keep	
TG002781	PE001175	4733.246	61.28	1573.082	3	H4N4F2	LSLHRPALEDLLLGSEANLTCTLTGLR	drop (+12.634)	MS_35_Frac_plasma_run01_fr10_01	delete	
TG002434	PE000152	3626.445	33.515	1203.812	3	H5N4S2	SWPAVGNCSSALR	use (-1.247)	MS_35_Frac_plasma_run01_fr7_01	keep	
TG003633	PE000560	4621.953	38.288	1152.248	4	H5N4FS2	ADGTVNQIEGEATPVNLTEPAK	use (-3.040)	MS_48_UO1_Erlic_W4	keep	
TG000341	PE000843	4895.299	61.949	1220.322	4	H5N4F2	LSLHRPALEDLLLGSEANLTCTLTGLR	drop (+11.661)	MS_35_Frac_plasma_run01_fr10_01	delete	
TG000342	PE000843	4895.299	61.949	1627.092	3	H5N4F2	LSLHRPALEDLLLGSEANLTCTLTGLR	drop (+11.625)	MS_35_Frac_plasma_run01_fr10_01	delete	
TG003009	PE000507	3554.417	13.162	885.112	4	H5N4S	HSHNNNSSDLHPHK	drop (+10.905)	MS_48_UO1_Erlic_E3	keep	
TG002096	PE000936	4159.719	25.851	1381.899	3	H5N4F2	YRGTAGNALM[Ox]DGASQLMGENR	use (+2.875)	MS_35_Frac_plasma_run02_fr9	delete	
TG002552	PE001129	4936.326	61.915	1641.098	3	H4N5F2	LSLHRPALEDLLLGSEANLTCTLTGLR	drop (+13.941)	MS_35_Frac_plasma_run02_fr13	delete	
TG002499	PE001102	6392.762	87.609	1594.685	4	H8N7S	YTGNASALFILPDQDKMEEVEAMLLPETLK	drop (+30.411)	MS_35_Frac_plasma_run02_fr10	delete	
TG002092	PE000929	6731.959	51.233	1343.791	5	H5N4F2	ITTTPTNGQQGNSLEEVVHADQSSCTFDNLSPGLEYNVSVYTVK	drop (+13.557)	MS_35_Frac_plasma_run02_fr9	delete	
TG000774	PE000218	4465.962	24.689	1483.651	3	H5N4S	VYIHPFHLVIHNESTCEQLAK	None	MS_35_Frac_plasma_run02_fr11	keep	
TG003090	PE001211	3627.465	34.892	1204.498	3	H5N4F2S	SWPAVGNCSSALR	drop (+15.589)	MS_48_UO1_Erlic_E5	delete	
TG005180	PE000204	4121.717	35.936	1368.923	3	H5N4S2	KVCQDCPLLAPLNDTR	None	MS_51_plasma_1ul	keep	
TG003933	PE000452	3646.638	68.314	1210.557	3	H5N4S2	LPPGLLANFTLLR	None	MS_48_UO1_Erlic_W8	keep	
TG003490	PE001180	5152.22	54.314	1285.061	4	H5N4F2S	ICDLLVANNHFAHFFAPQNLTNMNK	drop (+12.828)	MS_48_UO1_Erlic_E8	delete	
TG001987	PE000560	4621.953	37.867	1535.984	3	H5N4FS2	ADGTVNQIEGEATPVNLTEPAK	use (-0.750)	MS_35_Frac_plasma_run01_fr6_01	keep	
TG003061	PE000209	4295.833	43.466	1070.469	4	H5N4S	AALAAFNAQNNGSNFQLEEISR	use (-2.975)	MS_48_UO1_Erlic_E5	keep	
TG002963	PE001290	4766.087	79.676	1583.702	3	H5N4F3S	GCVLLSYLNETVTVSASLESVR	use (+1.447)	MS_48_UO1_Erlic_E11	delete	
TG003258	PE001373	4017.807	41.825	1334.607	3	H5N4F2S	VVLHPNYSQVDIGLIK	drop (+13.263)	MS_48_UO1_Erlic_E6	delete	
TG003815	PE000053	4016.787	44.064	1333.94	3	H5N4S2	VVLHPNYSQVDIGLIK	use (+0.333)	MS_48_UO1_Erlic_W6	keep	
TG003256	PE000050	4736.9	50.429	1574.644	3	H5N4S2	QQQHLFGSNVTDCSGNFCLFR	use (+0.905)	MS_48_UO1_Erlic_E6	keep	
TG005431	PE001869	4123.758	55.186	1369.921	3	H5N4F4	KVCQDCPLLAPLNDTR	drop (+30.554)	MS_51_plasma_ihilic_B2	delete	
TG001866	PE000821	4620.029	84.733	1535.337	3	H5N4F2S	GCVLLSYLNETVTVSASLESVR	None	MS_35_Frac_plasma_run02_fr11	delete	
TG001474	PE000684	4158.699	26.111	1381.562	3	H5N4S	YRGTAGNALM[Ox]DGASQLMGENR	drop (-10.694)	MS_35_Frac_plasma_run02_fr9	keep	
TG003415	PE001384	4469.98	46.675	1485.332	3	H5N4F2S	LQAPLNYTEFQKPICLPSK	drop (+13.998)	MS_48_UO1_Erlic_E7	delete	
TG001357	PE000550	4933.039	20.598	1639.343	3	H5N4S2	YPHKPEINSTTHPGADLQENFCR	use (-0.982)	MS_35_Frac_plasma_run02_fr7	keep	
TG003011	PE001308	3555.438	13.71	885.359	4	H5N4F2	HSHNNNSSDLHPHK	drop (+24.477)	MS_48_UO1_Erlic_E3	delete	
TG003210	PE000813	4381.919	41.757	1455.649	3	H6N5S2	VVLHPNYSQVDIGLIK	use (-0.913)	MS_48_UO1_Erlic_E6	keep	
TG002796	PE001187	4536.161	57.446	1507.378	3	H5N4F2S	VGQLQLSHNLSLVILVPQNLK	drop (+15.831)	MS_35_Frac_plasma_run01_fr12_01	delete	
TG000443	PE000167	3646.401	24.162	1210.461	3	H5N4S2	MDGASNVTCINSR	use (-2.519)	MS_24_UO1_CFH_UO1	keep	
TG003151	PE001327	3969.597	43.337	988.909	4	H5N4FS	GTAGNALMDGASQLMGENR	drop (+15.211)	MS_48_UO1_Erlic_E5	keep	
TG000441	PE000331	4585.712	30.56	1523.57	3	H6N5FS3	ISEENETTCYMGK	use (-1.709)	MS_24_UO1_CFH_UO1	keep	
TG002386	PE001028	6717.901	79.16	1117.821	6	H8N7S	ADTHDEILEGLNFNLTEIPEAQIHEGFQELLR	None	MS_31_UO1_MARS_MS2_1ug_longn_CE20_std	delete	
TG000444	PE000143	3563.477	29.548	1182.823	3	H5N4S2	SPDVINGSPISQK	use (-0.438)	MS_24_UO1_CFH_UO1	keep	
TG005134	PE000756	3994.643	47.012	1326.553	3	H5N4F2S	VCQDCPLLAPLNDTR	drop (+16.356)	MS_51_plasma_1ul	delete	
TG005135	PE000751	4122.738	36.297	1369.585	3	H5N4F2S	KVCQDCPLLAPLNDTR	None	MS_51_plasma_1ul	delete	
TG005327	PE000050	4736.9	68.083	1180.734	4	H5N4S2	QQQHLFGSNVTDCSGNFCLFR	use (+4.547)	MS_51_plasma_ihilic_B1	keep	
TG004982	PE000046	4586.929	55.096	1143.494	4	H5N4S2	AALAAFNAQNNGSNFQLEEISR	use (-0.617)	MS_51_ihilic_plasma_1ul	keep	
TG002818	PE001215	4532.879	31.664	1129.971	4	H5N4S2	WNPCLEPHRFNDTEVLQR	use (-3.317)	MS_35_Frac_plasma_run01_fr7_01	keep	
TG003315	PE000466	3781.63	59.293	941.916	4	H5N4S2	AQLLQGLGFNLTER	use (+0.040)	MS_48_UO1_Erlic_E7	keep	
TG001319	PE000531	3756.482	24.642	1247.495	3	H5N4S2	NHSCSEGQISIFR	use (+0.482)	MS_35_Frac_plasma_run02_fr7	keep	
TG003462	PE000433	5151.199	53.97	1284.309	4	H5N4S2	ICDLLVANNHFAHFFAPQNLTNMNK	use (-1.274)	MS_48_UO1_Erlic_E8	keep	
TG000701	PE000097	4619.009	85.95	1534.666	3	H5N4S2	GCVLLSYLNETVTVSASLESVR	None	MS_35_Frac_plasma_run02_fr11	keep	
TG005146	PE000015	4901.168	44.491	1222.303	4	H5N4S2	MVSHHNLTTGATLINEQWLLTTAK	drop (-5.562)	MS_51_plasma_1ul	keep	
TG005163	PE000173	4242.763	21.349	1057.702	4	H5N4S2	IPCSQPPQIEHGTINSSR	use (+0.163)	MS_51_plasma_1ul	keep	
TG005058	PE001831	6757.064	75.154	1124.184	6	H5N4F4	LEPVHLQLQCMSQEQLAQVAANATKEFTEAFLGCPAIHPR	drop (+17.945)	MS_51_plasma_1ul	delete	
TG003376	PE001376	3782.65	59.418	942.167	4	H5N4F2S	AQLLQGLGFNLTER	drop (+14.262)	MS_48_UO1_Erlic_E7	delete	
TG002778	PE000825	4902.188	62.698	1222.041	4	H5N4F2S	MVSHHNLTTGATLINEQWLLTTAK	drop (+20.989)	MS_35_Frac_plasma_run01_fr9_01	delete	
TG004919	PE001370	4737.92	56.485	1181.23	4	H5N4F2S	QQQHLFGSNVTDCSGNFCLFR	drop (+19.545)	MS_51_ihilic_plasma_1ul2	delete	
TG003867	PE000046	4586.929	50.03	1524.319	3	H5N4S2	AALAAFNAQNNGSNFQLEEISR	use (-3.059)	MS_48_UO1_Erlic_W6	keep	
TG005453	PE000046	4586.929	68.996	1143.242	4	H5N4S2	AALAAFNAQNNGSNFQLEEISR	use (+4.005)	MS_51_plasma_ihilic_B2	keep	
TG005452	PE000611	3839.534	51.717	1274.855	3	H5N4S	GTAGNALM[Ox]DGASQLMGENR	use (-0.383)	MS_51_plasma_ihilic_B2	keep	
TG003786	PE000612	3839.534	31.331	1275.518	3	H5N4S	GTAGNALMDGASQLM[Ox]GENR	drop (-8.963)	MS_48_UO1_Erlic_W6	keep	
TG001877	PE000839	4466.982	24.763	1484.318	3	H5N4F2	VYIHPFHLVIHNESTCEQLAK	None	MS_35_Frac_plasma_run02_fr11	delete	
TG001871	PE000838	4758.077	28.255	1581.35	3	H5N4F2S	VYIHPFHLVIHNESTCEQLAK	drop (+13.185)	MS_35_Frac_plasma_run02_fr11	delete	
TG003007	PE001301	4115.637	26.205	1367.215	3	H5N4F2S	EHEGAIYPDNTTDFQR	drop (+16.139)	MS_48_UO1_Erlic_E3	delete	
TG002809	PE001200	4602.945	23.93	1529.641	3	H5N4S2	NNATVHEQVGGPSLTSDLQAQSK	use (+0.282)	MS_35_Frac_plasma_run01_fr6_01	keep	
TG001975	PE000608	5046.065	29.027	1258.268	4	H6N5FS3	ELHHLQEQNVSNAFLDK	use (-1.309)	MS_35_Frac_plasma_run01_fr6_01	keep	
TG001977	PE001159	5835.43	55.847	1455.36	4	H8N7S	LPTQNITFQTESSVAEQEAEFQSPK	drop (+32.293)	MS_35_Frac_plasma_run01_fr6_01	delete	
TG003068	PE000275	4551.912	44.111	1134.488	4	H5N4FS2	LAGKPTHVNVSVVMAEVDGTC	drop (-17.152)	MS_48_UO1_Erlic_E5	keep	
TG002967	PE000821	4620.029	79.21	1535.014	3	H5N4F2S	GCVLLSYLNETVTVSASLESVR	None	MS_48_UO1_Erlic_E11	delete	
TG003383	PE000039	4468.96	46.811	1484.666	3	H5N4S2	LQAPLNYTEFQKPICLPSK	use (-0.466)	MS_48_UO1_Erlic_E7	keep	
TG002965	PE001293	4765.067	80.193	1187.777	4	H5N4FS2	GCVLLSYLNETVTVSASLESVR	drop (-10.649)	MS_48_UO1_Erlic_E11	keep	
TG001761	PE000597	5833.414	55.468	1454.858	4	H6N5FS3	LPTQNITFQTESSVAEQEAEFQSPK	use (+2.922)	MS_35_Frac_plasma_run01_fr6_01	keep	
TG002968	PE001290	4766.087	79.676	1188.027	4	H5N4F3S	GCVLLSYLNETVTVSASLESVR	None	MS_48_UO1_Erlic_E11	delete	
TG002855	PE001239	5264.31	79.715	1312.572	4	H5N4F2S	IVLDPSGSMNIYLVLDGSDSIGASNFTGAK	drop (+13.979)	MS_35_Frac_plasma_run01_fr9_01	delete	
TG002805	PE001194	5048.081	28.81	1258.517	4	H8N7S	ELHHLQEQNVSNAFLDK	drop (+28.082)	MS_35_Frac_plasma_run01_fr6_01	delete	
TG002804	PE001201	4603.965	23.732	1529.984	3	H5N4F2S	NNATVHEQVGGPSLTSDLQAQSK	drop (+14.466)	MS_35_Frac_plasma_run01_fr6_01	delete	
TG005297	PE000324	5539.185	76.189	1381.81	4	H6N5FS3	QQQHLFGSNVTDCSGNFCLFR	drop (+10.421)	MS_51_plasma_ihilic_B1	keep	
TG003143	PE001326	3840.555	30.55	1275.188	3	H5N4F2	GTAGNALMDGASQLM[Ox]GENR	drop (+8.164)	MS_48_UO1_Erlic_E5	delete	
TG004994	PE000749	4587.949	56.74	1143.489	4	H5N4F2S	AALAAFNAQNNGSNFQLEEISR	drop (+13.474)	MS_51_ihilic_plasma_1ul	delete	
TG005129	PE000045	3977.671	65.447	1320.902	3	H5N4S2	YLGNATAIFFLPDEGK	use (+3.707)	MS_51_plasma_1ul	keep	
TG003304	PE000242	5913.6	77.723	1180.133	5	H5N4S2	ADTHDEILEGLNFNLTEIPEAQIHEGFQELLR	use (+0.466)	MS_48_UO1_Erlic_E6	keep	
TG003149	PE001330	4244.803	20.116	1410.268	3	H5N4F4	IPCSQPPQIEHGTINSSR	drop (+27.298)	MS_48_UO1_Erlic_E5	delete	
TG003303	PE000804	5914.62	80.123	1475.162	4	H5N4F2S	ADTHDEILEGLNFNLTEIPEAQIHEGFQELLR	drop (+23.299)	MS_48_UO1_Erlic_E6	delete	
TG003073	PE000612	3839.534	30.663	1274.855	3	H5N4S	GTAGNALMDGASQLM[Ox]GENR	drop (-5.345)	MS_48_UO1_Erlic_E5	keep	
