peptide_id	transition_group_id	transition_id	transition_group_name	transition_name	PrecursorMz	PrecursorCharge	ProductMz	ProductCharge	Tr_recalibrated	LibraryIntensity
PE000050	PE000050/3	TR005728	R.QQQHLFGSN[H5N4S2]VTDCSGNFCLFR.S/3	Y[pH5N4S]/3	1573.979	3	1476.948	3	89.465	1000
PE000050	PE000050/3	TR002070	R.QQQHLFGSN[H5N4S2]VTDCSGNFCLFR.S/3	Y[pN]/2	1573.979	3	1359.619	2	89.465	642
PE000050	PE000050/3	TR002071	R.QQQHLFGSN[H5N4S2]VTDCSGNFCLFR.S/3	Y[pH4N3]/2	1573.979	3	1886.804	2	89.465	530
PE000050	PE000050/3	TR005729	R.QQQHLFGSN[H5N4S2]VTDCSGNFCLFR.S/3	Y[pH5N4]/3	1573.979	3	1379.916	3	89.465	448
PE000235	PE000235/3	TR001514	K.EHEGAIYPDN[H5N4S2]TTDFQR.A/3	Y[pH4N3]/2	1366.543	3	1575.649	2	26.331	1000
PE000235	PE000235/3	TR001515	K.EHEGAIYPDN[H5N4S2]TTDFQR.A/3	Y[pH3N3]/2	1366.543	3	1494.623	2	26.331	527
PE000235	PE000235/3	TR001522	K.EHEGAIYPDN[H5N4S2]TTDFQR.A/3	Y[pH4N3S]/2	1366.543	3	1721.197	2	26.331	508
PE000235	PE000235/3	TR006864	K.EHEGAIYPDN[H5N4S2]TTDFQR.A/3	Y[pH5N4S]/3	1366.543	3	1269.511	3	26.331	394
PE000242	PE000242/4	TR001337	K.ADTHDEILEGLNFN[H5N4S2]LTEIPEAQIHEGFQELLR.T/4	Y[pH2N2]/3	1474.905	4	1474.701	3	160.37	1000
PE000242	PE000242/4	TR004489	K.ADTHDEILEGLNFN[H5N4S2]LTEIPEAQIHEGFQELLR.T/4	Y[pH5N4S]/4	1474.905	4	1402.131	4	160.37	913
PE000242	PE000242/4	TR001333	K.ADTHDEILEGLNFN[H5N4S2]LTEIPEAQIHEGFQELLR.T/4	Y[pN]/3	1474.905	4	1298.973	3	160.37	907
PE000242	PE000242/4	TR001334	K.ADTHDEILEGLNFN[H5N4S2]LTEIPEAQIHEGFQELLR.T/4	Y[pH4N3]/3	1474.905	4	1650.43	3	160.37	868
PE000228	PE000228/3	TR008740	K.CGLVPVLAENYN[H5N4S2]K.S/3	Y[pH4N3S]/2	1227.851	3	1513.159	2	76.964	1000
PE000228	PE000228/3	TR008741	K.CGLVPVLAENYN[H5N4S2]K.S/3	Y[pH4N3]/2	1227.851	3	1367.611	2	76.964	984
PE000228	PE000228/3	TR008742	K.CGLVPVLAENYN[H5N4S2]K.S/3	Y[pN]/1	1227.851	3	1679.844	1	76.964	960
PE000228	PE000228/3	TR008743	K.CGLVPVLAENYN[H5N4S2]K.S/3	Y[pH3N3]/2	1227.851	3	1286.585	2	76.964	589
PE000045	PE000045/3	TR005066	K.YLGN[H5N4S2]ATAIFFLPDEGK.L/3	Y[pH4N3]/2	1320.895	3	1507.176	2	129.515	1000
PE000045	PE000045/3	TR005067	K.YLGN[H5N4S2]ATAIFFLPDEGK.L/3	Y[pH4N3S]/2	1320.895	3	1652.724	2	129.515	973
PE000045	PE000045/3	TR005068	K.YLGN[H5N4S2]ATAIFFLPDEGK.L/3	Y[pH3N3]/2	1320.895	3	1426.15	2	129.515	560
PE000045	PE000045/3	TR005069	K.YLGN[H5N4S2]ATAIFFLPDEGK.L/3	Y[pN]/1	1320.895	3	1958.975	1	129.515	482
PE000151	PE000151/4	TR001943	K.MVSHHN[H5N4S]LTTGATLINEQWLLTTAK.N/4	Y[pH4N3]/3	1149.023	4	1312.953	3	67.453	1000
PE000151	PE000151/4	TR001939	K.MVSHHN[H5N4S]LTTGATLINEQWLLTTAK.N/4	Y[pN]/2	1149.023	4	1441.74	2	67.453	588
PE000151	PE000151/4	TR005612	K.MVSHHN[H5N4S]LTTGATLINEQWLLTTAK.N/4	Y[pH5N4]/3	1149.023	4	1434.663	3	67.453	453
PE000151	PE000151/4	TR001941	K.MVSHHN[H5N4S]LTTGATLINEQWLLTTAK.N/4	Y[pH3N2]/2	1149.023	4	1786.359	2	67.453	431
