GlyTouCanAccession	Type	Subtype
G00031MO	O-linked	core 1
G00033MO	O-linked	core 2
G00034MO	O-linked	core 2
G00035MO	O-linked	core 3
G00036MO	O-linked	core 3
G00037MO	O-linked	core 4
G00038MO	O-linked	core 4
G00039MO	O-linked	core 5
G00040MO	O-linked	core 5
G00042MO	O-linked	core 6
G00044MO	O-linked	core 7
G00063MO	O-linked	core 1
G00155YT	N-linked	complex
G00176HZ	N-linked	complex
G00221CZ	N-linked	complex
G00227RN	N-linked	complex
G00279YF	N-linked	complex
G00281HB	N-linked	
G00320ZP	N-linked	complex
G00361YF	N-linked	complex
G00413UF	N-linked	complex
G00430ZK	O-linked	core 2
G00432WV	N-linked	complex
G00463XD	N-linked	complex
G00470UO	N-linked	complex
G00492CQ	N-linked	
G00503EE	N-linked	complex
G00531ZU	N-linked	complex
G00536FZ	N-linked	complex
G00545NQ	N-linked	complex
G00553AN	N-linked	
G00582VL	N-linked	hybrid
G00606LX	N-linked	complex
G00644ZZ	N-linked	
G00662IB	N-linked	complex
G00675GF	O-linked	core 1
G00691NS	N-linked	complex
G00695JO	N-linked	
G00706QN	N-linked	
G00743WU	N-linked	complex
G00797ZX	N-linked	complex
G00826SV	N-linked	complex
G00830CM	N-linked	complex
G00850LT	N-linked	
G00876GU	N-linked	
G00883DO	N-linked	complex
G00883ZT	N-linked	high mannose
G00901NZ	O-linked	core 4
G00909GK	N-linked	complex
G00966RI	N-linked	complex
G00978TF	N-linked	
G00979XR	O-linked	core 2
G00982QD	N-linked	
G00986YT	N-linked	complex
G00995HW	N-linked	complex
G00998NI	N-linked	complex
G01001RL	N-linked	complex
G01034MJ	N-linked	complex
G01040ZV	O-linked	core 1
G01169EW	N-linked	complex
G01223AA	N-linked	complex
G01260RY	N-linked	
G01300OI	N-linked	complex
G01310VF	N-linked	complex
G01323LL	N-linked	complex
G01342FO	N-linked	complex
G01354KL	N-linked	complex
G01361CV	N-linked	complex
G01406RR	N-linked	complex
G01414CL	N-linked	complex
G01450RG	O-linked	core 1
G01464ES	O-linked	core 2
G01476WA	N-linked	complex
G01489UZ	N-linked	complex
G01521YU	N-linked	complex
G01534TU	O-linked	core 1
G01543ZX	N-linked	complex
G01600VV	N-linked	
G01613KN	N-linked	complex
G01614ZM	O-linked	core 1
G01659NO	N-linked	
G01669LU	N-linked	complex
G01670UQ	N-linked	complex
G01727PW	N-linked	complex
G01769FS	N-linked	complex
G01856RL	N-linked	complex
G01935FK	N-linked	complex
G01999JH	N-linked	hybrid
G02000AU	N-linked	complex
G02025MF	N-linked	complex
G02122FK	N-linked	complex
G02152MS	N-linked	complex
G02156UW	N-linked	complex
G02193CV	N-linked	complex
G02251YG	N-linked	complex
G02284UY	N-linked	
G02310VX	N-linked	
G02311IE	N-linked	complex
G02322JK	N-linked	complex
G02402FF	N-linked	
G02410EE	N-linked	
G02456AL	N-linked	complex
G02470WS	N-linked	complex
G02471GW	N-linked	complex
G02473HY	N-linked	complex
G02483WT	N-linked	complex
G02561FC	N-linked	
G02562EQ	O-linked	core 4
G02582JY	N-linked	complex
G02594WS	O-linked	core 2
G02654EL	N-linked	complex
G02661MY	N-linked	complex
G02679YX	N-linked	complex
G02760XH	N-linked	complex
G02786XX	N-linked	complex
G02799CL	O-linked	core 1
G02915XR	N-linked	complex
G02934UB	N-linked	complex
G02945KQ	N-linked	hybrid
G03004PD	N-linked	complex
G03024EJ	O-linked	core 1
G03075ZE	N-linked	complex
G03081ER	N-linked	
G03164NE	N-linked	complex
G03165SD	N-linked	complex
G03177HU	N-linked	complex
G03195HW	N-linked	
G03196WF	N-linked	complex
G03207XQ	N-linked	complex
G03216SJ	N-linked	
G03260OU	N-linked	complex
G03272YQ	N-linked	complex
G03275SD	N-linked	hybrid
G03321AC	N-linked	
G03385XG	N-linked	complex
G03414KZ	N-linked	complex
G03431NA	N-linked	complex
G03433NI	O-linked	core 1
G03445UI	N-linked	complex
G03479ZN	N-linked	complex
G03520RT	O-linked	core 6
G03542LT	N-linked	complex
G03546AH	N-linked	
G03584KV	N-linked	complex
G03595ET	N-linked	
G03600YM	N-linked	complex
G03603IS	O-linked	core 1
G03605AV	N-linked	complex
G03652TR	N-linked	high mannose
G03681UF	N-linked	complex
G03727RK	N-linked	complex
G03740OH	N-linked	
G03749EO	N-linked	complex
G03750RD	N-linked	complex
G03764XL	N-linked	complex
G03802LT	N-linked	
G03820FM	N-linked	
G03834RX	N-linked	
G03860PZ	N-linked	
G03895SR	N-linked	complex
G03921DY	N-linked	complex
G03951JJ	N-linked	complex
G03984TW	N-linked	complex
G04014FP	O-linked	core 4
G04041QU	N-linked	complex
G04048YA	N-linked	
G04077XA	N-linked	complex
G04130SK	O-linked	core 1
G04139QL	N-linked	complex
G04146DI	N-linked	hybrid
G04216GB	N-linked	
G04220HB	N-linked	
G04267XF	O-linked	core 1
G04273XP	N-linked	complex
G04286YE	N-linked	complex
G04414GO	N-linked	
G04423CA	N-linked	complex
G04445KN	N-linked	hybrid
G04483SK	N-linked	complex
G04561MG	N-linked	complex
G04576KS	N-linked	hybrid
G04622LK	N-linked	complex
G04678VQ	N-linked	complex
G04744XB	N-linked	
G04751OE	N-linked	complex
G04775TV	N-linked	complex
G04783EJ	N-linked	complex
G04791QM	N-linked	complex
G04820ZT	N-linked	complex
G04855ZO	N-linked	complex
G04909DG	N-linked	
G04930QT	N-linked	hybrid
G04964UA	N-linked	complex
G04989WY	N-linked	complex
G05098FE	N-linked	complex
G05128BK	O-linked	core 3
G05187WH	N-linked	complex
G05188BU	N-linked	complex
G05229BF	N-linked	complex
G05260RH	N-linked	complex
G05312EE	N-linked	
G05319BS	N-linked	
G05360PA	N-linked	complex
G05382JE	N-linked	complex
G05395FV	N-linked	
G05402FG	O-linked	core 2
G05421KO	N-linked	
G05478GN	N-linked	complex
G05550LT	N-linked	
G05600OX	N-linked	complex
G05611SB	N-linked	complex
G05724WC	O-linked	core 2
G05794RZ	N-linked	hybrid
G05797TN	N-linked	complex
G05848DX	O-linked	core 2
G05850WN	N-linked	
G05892GB	N-linked	complex
G05948HK	N-linked	
G05950HG	N-linked	
G05953WP	N-linked	complex
G05979RR	N-linked	complex
G06017WG	N-linked	complex
G06067KZ	N-linked	complex
G06070KG	N-linked	
G06131VP	N-linked	complex
G06191GU	N-linked	complex
G06209KS	N-linked	
G06215DG	N-linked	complex
G06215XQ	N-linked	
G06290ZS	N-linked	complex
G06328AN	N-linked	complex
G06371NP	N-linked	
G06404ZJ	N-linked	complex
G06437BU	N-linked	complex
G06460LD	O-linked	core 1
G06523WI	O-linked	core 2
G06534UH	N-linked	
G06578MY	N-linked	complex
G06601SQ	N-linked	complex
G06635WE	N-linked	complex
G06642AP	N-linked	complex
G06673TD	N-linked	complex
G06707ZH	N-linked	complex
G06721LM	N-linked	
G06730AH	N-linked	complex
G06731AE	N-linked	complex
G06756XE	N-linked	complex
G06772YH	N-linked	hybrid
G06820QR	N-linked	complex
G06830II	N-linked	
G06920GM	N-linked	
G06969ZX	N-linked	complex
G07002SZ	N-linked	
G07061BV	O-linked	core 2
G07061YF	O-linked	core 2
G07162IJ	N-linked	complex
G07169PS	N-linked	
G07209HW	N-linked	
G07228BR	N-linked	complex
G07262RR	N-linked	complex
G07265CE	N-linked	complex
G07292LK	N-linked	complex
G07293JT	O-linked	core 1
G07328EF	N-linked	complex
G07360NF	O-linked	core 4
G07368IA	N-linked	complex
G07380TS	N-linked	complex
G07392QY	N-linked	complex
G07410AW	N-linked	complex
G07483YN	N-linked	
G07493GF	N-linked	
G07505DF	N-linked	high mannose
G07568IR	N-linked	complex
G07617FP	N-linked	
G07666IB	N-linked	complex
G07674LF	N-linked	
G07682PQ	N-linked	
G07695ZT	N-linked	
G07699XI	N-linked	complex
G07703ST	N-linked	complex
G07783DH	N-linked	complex
G07815PK	N-linked	complex
G07842DQ	N-linked	complex
G07865ET	N-linked	complex
G07947TY	N-linked	complex
G07982BU	N-linked	complex
G07995VK	N-linked	complex
G08011QI	N-linked	
G08060JF	N-linked	
G08096ND	N-linked	
G08111FJ	N-linked	complex
G08113XU	N-linked	complex
G08126QR	N-linked	
G08161JQ	N-linked	complex
G08185DV	N-linked	complex
G08191RW	N-linked	complex
G08242BT	N-linked	complex
G08340FW	N-linked	
G08358DN	O-linked	core 2
G08378WD	N-linked	complex
G08418PB	N-linked	complex
G08450OR	N-linked	complex
G08456TO	N-linked	
G08492JZ	N-linked	complex
G08493GY	N-linked	complex
G08520NM	N-linked	hybrid
G08569VN	O-linked	core 2
G08570LJ	N-linked	complex
G08577PR	N-linked	complex
G08577ZR	N-linked	complex
G08646IB	N-linked	complex
G08646YJ	N-linked	complex
G08675PK	N-linked	complex
G08679LR	N-linked	complex
G08712ES	N-linked	
G08820NR	N-linked	complex
G08866CW	N-linked	complex
G08896RO	N-linked	complex
G09020HN	N-linked	complex
G09115OQ	N-linked	complex
G09118YK	N-linked	complex
G09125WG	N-linked	complex
G09150LP	N-linked	complex
G09173AD	N-linked	complex
G09255AF	N-linked	complex
G09260EL	N-linked	complex
G09276TA	N-linked	complex
G09322OS	N-linked	complex
G09349XQ	N-linked	complex
G09362VG	N-linked	complex
G09393NL	N-linked	complex
G09397UV	N-linked	complex
G09416DG	N-linked	
G09420NN	N-linked	complex
G09446VC	N-linked	complex
G09482NW	N-linked	complex
G09513RD	N-linked	complex
G09568JT	N-linked	complex
G09576QH	N-linked	complex
G09578TK	N-linked	complex
G09605DV	N-linked	complex
G09639SZ	N-linked	
G09650BK	N-linked	complex
G09666WO	N-linked	complex
G09670SR	N-linked	complex
G09724ZC	N-linked	
G09727XA	N-linked	complex
G09730EH	N-linked	complex
G09826WW	N-linked	complex
G09839ES	N-linked	
G09857WN	N-linked	complex
G09902CG	N-linked	complex
G09921WG	N-linked	complex
G10108GZ	N-linked	complex
G10122RQ	N-linked	
G10182XZ	N-linked	
G10189EJ	N-linked	complex
G10209QU	N-linked	
G10219AA	N-linked	complex
G10225UW	O-linked	core 1
G10228AY	N-linked	complex
G10228OD	N-linked	complex
G10258MC	N-linked	complex
G10292TC	N-linked	complex
G10295MW	N-linked	
G10300DY	N-linked	hybrid
G10417XF	N-linked	complex
G10425SO	N-linked	
G10470SE	N-linked	complex
G10483PN	N-linked	complex
G10529ZR	N-linked	complex
G10540LB	N-linked	complex
G10581YA	O-linked	core 2
G10601XM	N-linked	
G10604KJ	O-linked	core 2
G10608NX	O-linked	core 2
G10609HO	N-linked	
G10627KR	N-linked	complex
G10664FL	N-linked	complex
G10666VQ	N-linked	complex
G10691MJ	N-linked	complex
G10725II	N-linked	complex
G10733HY	N-linked	complex
G10741VJ	N-linked	complex
G10770RR	N-linked	complex
G10816YX	O-linked	core 2
G10835DD	N-linked	complex
G10844WB	N-linked	complex
G10845BX	N-linked	complex
G10881VB	N-linked	
G10898KH	N-linked	
G10925II	O-linked	core 2
G10944ZI	N-linked	complex
G10995NB	N-linked	complex
G11010AN	N-linked	complex
G11034PZ	N-linked	complex
G11041DA	N-linked	complex
G11052OE	N-linked	
G11176QN	N-linked	
G11189WY	N-linked	
G11213NA	N-linked	complex
G11254FL	N-linked	
G11278YL	N-linked	
G11350UX	N-linked	complex
G11392CL	N-linked	complex
G11450PA	N-linked	complex
G11457RF	O-linked	core 2
G11460AB	N-linked	
G11479AN	N-linked	complex
G11482NO	O-linked	core 3
G11509RN	N-linked	complex
G11535IB	N-linked	complex
G11571JL	N-linked	complex
G11635LG	N-linked	complex
G11637WL	N-linked	hybrid
G11671GQ	N-linked	complex
G11679NT	N-linked	
G11696PX	N-linked	complex
G11700UP	N-linked	complex
G11745XZ	N-linked	complex
G11800WA	N-linked	complex
G11819NV	O-linked	core 2
G11865ZE	N-linked	
G11876US	O-linked	core 1
G11885NX	N-linked	
G11929SN	N-linked	complex
G11948QD	N-linked	complex
G11960UF	N-linked	complex
G11970DE	N-linked	complex
G11994QC	N-linked	
G12061IK	N-linked	complex
G12086GM	N-linked	
G12150CK	N-linked	
G12222NC	N-linked	complex
G12252PH	N-linked	complex
G12259JN	N-linked	complex
G12266SO	N-linked	complex
G12352RJ	N-linked	complex
G12360RT	N-linked	complex
G12378KS	N-linked	
G12396GB	O-linked	core 2
G12398HZ	N-linked	
G12436UO	N-linked	complex
G12438DW	N-linked	complex
G12438YM	N-linked	
G12524BD	N-linked	complex
G12593TX	N-linked	
G12604EW	N-linked	
G12643ES	N-linked	complex
G12655NI	N-linked	complex
G12679LF	N-linked	complex
G12699VT	N-linked	complex
G12704ID	N-linked	complex
G12708JQ	N-linked	
G12715AH	N-linked	
G12746TT	N-linked	complex
G12757LB	N-linked	complex
G12761QA	O-linked	core 1
G12802HY	N-linked	
G12861CT	N-linked	
G12878NK	N-linked	complex
G12881NF	N-linked	complex
G12940VF	N-linked	
G12977AR	N-linked	
G13049QY	N-linked	
G13068CJ	N-linked	
G13074BX	N-linked	
G13089IH	O-linked	core 2
G13151XE	N-linked	hybrid
G13168NE	N-linked	
G13181ZZ	N-linked	
G13210XL	N-linked	complex
G13257IK	N-linked	complex
G13267ZY	N-linked	complex
G13282WA	N-linked	complex
G13290KJ	N-linked	complex
G13291XJ	N-linked	complex
G13335AQ	N-linked	
G13441KG	N-linked	complex
G13495RN	N-linked	complex
G13515ZY	N-linked	complex
G13537KO	N-linked	complex
G13583BZ	N-linked	complex
G13585JF	N-linked	complex
G13592VY	N-linked	
G13610SN	O-linked	core 2
G13614FV	N-linked	
G13646GG	N-linked	complex
G13657KC	N-linked	complex
G13659RH	N-linked	complex
G13661YX	N-linked	
G13672YG	N-linked	complex
G13720TX	N-linked	complex
G13836YR	N-linked	complex
G13849JB	N-linked	complex
G13849YJ	N-linked	hybrid
G13991MC	N-linked	complex
G14015IL	N-linked	complex
G14020CV	N-linked	complex
G14037WI	N-linked	complex
G14047PA	N-linked	complex
G14077SN	N-linked	complex
G14127XU	N-linked	complex
G14176QY	N-linked	
G14190WK	N-linked	
G14201CU	N-linked	complex
G14244NF	N-linked	complex
G14307KB	N-linked	
G14311HQ	N-linked	
G14343MU	N-linked	
G14346JI	O-linked	core 2
G14358WN	N-linked	
G14389GM	N-linked	complex
G14393TF	N-linked	complex
G14428PM	N-linked	complex
G14431ZQ	N-linked	complex
G14438ZT	N-linked	complex
G14510SZ	N-linked	complex
G14520ZO	N-linked	complex
G14576KZ	N-linked	
G14696LD	N-linked	hybrid
G14727CI	N-linked	complex
G14782PJ	N-linked	complex
G14809NR	N-linked	
G14840SZ	N-linked	complex
G14843XQ	N-linked	complex
G14854WL	N-linked	complex
G14882EB	N-linked	complex
G14899VS	N-linked	complex
G14942ZU	N-linked	complex
G14950CY	N-linked	complex
G14996IQ	N-linked	
G14998UC	N-linked	complex
G15001YX	N-linked	
G15023FV	O-linked	core 1
G15112UU	N-linked	complex
G15198VK	N-linked	complex
G15216UP	N-linked	complex
G15249CA	O-linked	core 2
G15323YQ	N-linked	complex
G15355KC	N-linked	complex
G15355XO	N-linked	
G15365AE	N-linked	complex
G15410OI	N-linked	complex
G15522RV	N-linked	complex
G15527QL	N-linked	complex
G15571KX	N-linked	complex
G15631YF	N-linked	complex
G15638PX	N-linked	
G15730FJ	N-linked	complex
G15791TK	N-linked	
G15828HX	N-linked	
G15828WB	N-linked	complex
G15859AU	N-linked	complex
G15893YJ	N-linked	complex
G15956KF	N-linked	high mannose
G15972DM	N-linked	complex
G15987FM	N-linked	complex
G15998WM	N-linked	complex
G16119YF	N-linked	
G16122GW	N-linked	hybrid
G16150CJ	N-linked	complex
G16155TD	N-linked	complex
G16204NU	N-linked	
G16265MV	N-linked	complex
G16325IK	N-linked	complex
G16344ZG	N-linked	complex
G16370GQ	O-linked	core 1
G16397GM	N-linked	complex
G16403CC	N-linked	complex
G16404YH	N-linked	
G16437LH	N-linked	complex
G16441MS	N-linked	complex
G16456ZV	O-linked	core 3
G16464LC	N-linked	complex
G16481GK	N-linked	complex
G16503YF	O-linked	core 2
G16523AO	N-linked	complex
G16529MG	N-linked	complex
G16536EO	N-linked	complex
G16546ZZ	N-linked	complex
G16600BL	N-linked	complex
G16614GV	N-linked	hybrid
G16633VX	N-linked	complex
G16733YD	N-linked	complex
G16743OM	N-linked	complex
G16758MX	N-linked	
G16759KR	N-linked	complex
G16774YZ	N-linked	complex
G16778ZK	N-linked	complex
G16808DC	N-linked	complex
G16809IL	N-linked	complex
G16828VN	N-linked	hybrid
G16873YG	N-linked	complex
G16879YK	N-linked	
G16967GJ	N-linked	complex
G17029IU	N-linked	complex
G17077YF	O-linked	core 3
G17153CQ	N-linked	complex
G17155VX	N-linked	complex
G17157SF	N-linked	hybrid
G17164DX	N-linked	complex
G17168RO	N-linked	complex
G17172ZR	N-linked	complex
G17207FU	N-linked	complex
G17207YJ	N-linked	
G17251XF	O-linked	core 6
G17264LS	N-linked	hybrid
G17300DB	O-linked	core 2
G17307XM	N-linked	complex
G17317UL	N-linked	complex
G17326TY	O-linked	core 1
G17336FF	N-linked	hybrid
G17348SA	N-linked	complex
G17389EH	N-linked	complex
G17409FQ	N-linked	
G17441MI	N-linked	complex
G17458AD	N-linked	complex
G17465GV	O-linked	core 2
G17473NR	N-linked	complex
G17540HT	N-linked	complex
G17547KJ	N-linked	
G17568ZS	N-linked	complex
G17595XL	N-linked	
G17639DA	N-linked	
G17644VM	N-linked	complex
G17689DH	N-linked	complex
G17698NO	N-linked	
G17758YV	O-linked	core 1
G17807LO	N-linked	complex
G17820VB	N-linked	complex
G17857ZF	N-linked	complex
G17875TE	N-linked	
G17964DY	N-linked	complex
G17964XN	N-linked	complex
G17968CJ	N-linked	complex
G17977UE	N-linked	
G17988XO	N-linked	
G17996ZO	N-linked	complex
G18013WR	N-linked	
G18026EK	N-linked	complex
G18074MS	N-linked	
G18160VJ	N-linked	
G18165XJ	N-linked	
G18188WJ	N-linked	
G18197AJ	N-linked	complex
G18211PK	N-linked	complex
G18219CJ	N-linked	complex
G18223CA	N-linked	complex
G18340ZI	N-linked	complex
G18410AS	N-linked	
G18410UY	N-linked	
G18463FK	O-linked	core 3
G18510WC	N-linked	complex
G18548RP	N-linked	
G18584GW	N-linked	complex
G18588JO	N-linked	
G18687CN	N-linked	
G18724OW	N-linked	complex
G18768EK	N-linked	complex
G18814PP	N-linked	complex
G18859UG	N-linked	complex
G18869TR	N-linked	complex
G18877VR	N-linked	complex
G18892PE	O-linked	core 4
G18905AN	N-linked	complex
G18913QB	N-linked	complex
G18938DW	N-linked	complex
G18960KY	N-linked	complex
G19019TY	N-linked	complex
G19053XS	N-linked	complex
G19099PA	N-linked	
G19104OH	N-linked	complex
G19106CR	N-linked	
G19238ZQ	O-linked	core 2
G19242QH	N-linked	hybrid
G19281RB	N-linked	complex
G19287UY	N-linked	complex
G19310VN	N-linked	complex
G19370RO	N-linked	complex
G19429IT	N-linked	complex
G19430NR	N-linked	complex
G19444JC	N-linked	complex
G19447ZX	N-linked	complex
G19469VZ	N-linked	complex
G19483RZ	N-linked	complex
G19520XO	N-linked	complex
G19532EC	N-linked	complex
G19537TS	N-linked	complex
G19541IU	N-linked	complex
G19572NG	N-linked	complex
G19607EP	N-linked	complex
G19615BB	N-linked	complex
G19626TP	N-linked	complex
G19636RY	N-linked	complex
G19677EK	N-linked	
G19687OL	N-linked	complex
G19726AG	N-linked	complex
G19747OA	N-linked	high mannose
G19790PJ	N-linked	
G19813SH	O-linked	core 1
G19826RH	N-linked	high mannose
G19886LH	N-linked	
G19958IL	N-linked	
G20030CU	N-linked	complex
G20034RK	N-linked	high mannose
G20064NM	N-linked	
G20079RG	N-linked	complex
G20096RP	N-linked	complex
G20170YB	N-linked	complex
G20173ZW	N-linked	hybrid
G20174ZL	N-linked	high mannose
G20212GT	N-linked	
G20284VH	N-linked	complex
G20352YV	N-linked	complex
G20358OC	N-linked	complex
G20372QO	O-linked	core 4
G20544CY	N-linked	complex
G20624LQ	N-linked	
G20636FS	N-linked	complex
G20662UG	N-linked	complex
G20692QU	N-linked	complex
G20751GZ	N-linked	complex
G20758LC	N-linked	complex
G20767LB	N-linked	complex
G20779SK	N-linked	complex
G20815TK	N-linked	complex
G20877ZV	N-linked	complex
G20894MY	N-linked	
G20926BB	N-linked	complex
G20956ZK	N-linked	
G20966IA	N-linked	
G20983SP	N-linked	complex
G20993TP	O-linked	core 2
G21001NA	N-linked	
G21005TQ	N-linked	
G21010YO	N-linked	complex
G21050RT	N-linked	complex
G21109OS	N-linked	hybrid
G21218WO	N-linked	complex
G21219OJ	N-linked	complex
G21246OH	N-linked	complex
G21311PN	N-linked	complex
G21311YA	N-linked	complex
G21319HP	N-linked	complex
G21327TO	N-linked	
G21342EB	N-linked	
G21359NQ	N-linked	complex
G21380FF	N-linked	complex
G21412CQ	O-linked	core 4
G21415RL	N-linked	complex
G21420QH	N-linked	complex
G21454AE	N-linked	complex
G21459ST	N-linked	complex
G21498SM	N-linked	complex
G21507RO	O-linked	core 1
G21513QX	N-linked	complex
G21627CA	N-linked	complex
G21729HC	N-linked	complex
G21756MV	N-linked	complex
G21767ND	N-linked	complex
G21905ZO	O-linked	core 2
G21916IS	N-linked	
G21927IY	N-linked	complex
G21969UD	N-linked	complex
G21986MJ	N-linked	complex
G22012EW	O-linked	core 3
G22043HZ	N-linked	complex
G22048BB	N-linked	complex
G22079SE	N-linked	complex
G22083UZ	N-linked	complex
G22098NU	N-linked	complex
G22117HL	N-linked	complex
G22117NA	N-linked	complex
G22122FL	N-linked	
G22137OG	N-linked	
G22208HN	N-linked	
G22237ZE	N-linked	complex
G22246QW	N-linked	complex
G22427ZK	N-linked	complex
G22437MC	N-linked	complex
G22458MN	N-linked	complex
G22493AJ	N-linked	complex
G22511QL	N-linked	complex
G22550VJ	N-linked	complex
G22558JP	N-linked	complex
G22587DK	N-linked	
G22674CI	N-linked	complex
G22728HO	N-linked	complex
G22732WO	N-linked	complex
G22768VO	N-linked	
G22782LH	O-linked	core 2
G22787WJ	O-linked	core 2
G22836DF	N-linked	complex
G22859OA	N-linked	complex
G22865RK	N-linked	complex
G22898PA	N-linked	complex
G22927MQ	N-linked	complex
G22946YB	N-linked	hybrid
G22949KX	N-linked	complex
G22979QH	N-linked	complex
G23024PQ	N-linked	complex
G23166NU	N-linked	complex
G23295TF	N-linked	complex
G23296IL	N-linked	complex
G23342BO	N-linked	
G23345GE	N-linked	complex
G23416CI	N-linked	complex
G23416VJ	N-linked	complex
G23437PF	N-linked	
G23463KX	O-linked	core 2
G23484GM	N-linked	complex
G23511JD	N-linked	complex
G23546LY	N-linked	complex
G23577TY	N-linked	complex
G23593WY	N-linked	
G23598DU	N-linked	complex
G23616ZX	N-linked	complex
G23626NI	N-linked	complex
G23654OQ	O-linked	core 3
G23667EF	N-linked	complex
G23695IQ	N-linked	
G23718VU	N-linked	complex
G23722TU	N-linked	complex
G23726CO	N-linked	complex
G23770JR	N-linked	complex
G23782KP	N-linked	complex
G23795SX	N-linked	complex
G23799GS	N-linked	
G23805AC	N-linked	
G23817OE	N-linked	complex
G23824XF	N-linked	
G23897ET	N-linked	hybrid
G23938MO	N-linked	
G23980PE	N-linked	complex
G24005JZ	N-linked	
G24095BS	N-linked	complex
G24125FE	N-linked	complex
G24131KD	N-linked	
G24132CP	N-linked	
G24155DW	N-linked	complex
G24203XI	N-linked	complex
G24229GD	N-linked	complex
G24284HU	N-linked	complex
G24327OK	N-linked	complex
G24329OK	N-linked	
G24336IA	N-linked	complex
G24346JZ	N-linked	complex
G24364HL	N-linked	complex
G24366XJ	N-linked	complex
G24413UY	N-linked	complex
G24420RT	N-linked	
G24440EI	N-linked	hybrid
G24498DI	N-linked	complex
G24501HF	N-linked	complex
G24552KE	N-linked	complex
G24585JV	N-linked	complex
G24599MW	N-linked	
G24604HV	N-linked	complex
G24620AI	N-linked	
G24668UI	N-linked	
G24705DL	N-linked	complex
G24748QU	N-linked	complex
G24766QM	N-linked	complex
G24769QK	N-linked	
G24791UN	N-linked	
G24797UH	N-linked	
G24811FP	N-linked	complex
G24812WY	N-linked	complex
G24870CO	N-linked	complex
G24875YE	N-linked	complex
G24954RW	N-linked	complex
G24987DS	N-linked	complex
G24994OK	N-linked	
G25067TK	N-linked	complex
G25097RR	N-linked	complex
G25140TA	N-linked	complex
G25146DY	O-linked	core 2
G25180HQ	N-linked	
G25326BM	N-linked	complex
G25328BM	N-linked	complex
G25350TT	N-linked	complex
G25381UC	N-linked	
G25386IJ	N-linked	
G25392ZR	N-linked	complex
G25407RZ	N-linked	complex
G25421NH	O-linked	core 4
G25423CA	N-linked	complex
G25429RR	N-linked	complex
G25460BQ	N-linked	complex
G25471TG	N-linked	complex
G25495RY	N-linked	
G25505UF	N-linked	complex
G25520XG	N-linked	complex
G25534RX	N-linked	complex
G25632TA	N-linked	complex
G25640AW	N-linked	complex
G25703UN	N-linked	
G25710JB	N-linked	
G25731WL	N-linked	complex
G25733QB	O-linked	core 2
G25835MT	N-linked	complex
G25835YC	O-linked	core 3
G25837HW	N-linked	complex
G25886YT	N-linked	complex
G25890BU	N-linked	complex
G25902AL	N-linked	complex
G25937FN	O-linked	core 2
G25939RB	N-linked	complex
G26014MK	N-linked	
G26018HD	N-linked	complex
G26030JN	N-linked	complex
G26034OB	N-linked	complex
G26099QT	O-linked	core 4
G26144DH	N-linked	complex
G26145IL	N-linked	complex
G26150FI	N-linked	complex
G26164VG	N-linked	complex
G26179TW	N-linked	complex
G26182BM	N-linked	
G26206DX	N-linked	complex
G26215AL	N-linked	complex
G26264SQ	N-linked	complex
G26267FS	N-linked	
G26295XE	N-linked	
G26335RK	N-linked	
G26371XR	N-linked	
G26394UA	N-linked	complex
G26495GJ	N-linked	complex
G26600MH	N-linked	hybrid
G26664GH	N-linked	
G26703BH	N-linked	complex
G26709HU	N-linked	complex
G26730QM	N-linked	complex
G26827ST	O-linked	core 2
G26877ST	N-linked	complex
G26881SV	N-linked	complex
G26896YH	N-linked	
G26897XI	N-linked	complex
G26918JY	N-linked	complex
G26935KA	N-linked	complex
G26939ZY	N-linked	complex
G26949IX	N-linked	complex
G26985TZ	N-linked	
G27040MJ	N-linked	complex
G27048LG	N-linked	complex
G27102CT	N-linked	
G27112FS	N-linked	
G27119UQ	N-linked	complex
G27123OG	N-linked	
G27165KO	N-linked	
G27188NC	N-linked	
G27273FD	N-linked	complex
G27310MQ	N-linked	
G27316ME	N-linked	complex
G27389SR	N-linked	
G27488AQ	N-linked	
G27516AE	N-linked	complex
G27561QX	N-linked	
G27571QK	N-linked	hybrid
G27587OB	N-linked	complex
G27603XJ	O-linked	core 1
G27669RW	N-linked	complex
G27692UI	N-linked	
G27844UM	N-linked	complex
G27874QL	N-linked	
G27919IH	N-linked	complex
G27929ZE	N-linked	
G27933RJ	N-linked	
G27946NT	N-linked	
G27983PC	N-linked	complex
G27993JQ	N-linked	
G28003YJ	N-linked	
G28128KH	N-linked	complex
G28156XV	N-linked	complex
G28218GE	N-linked	complex
G28298VW	N-linked	complex
G28330DZ	N-linked	complex
G28347RJ	N-linked	
G28362DW	N-linked	complex
G28387ZC	N-linked	high mannose
G28436VD	N-linked	complex
G28449NP	N-linked	complex
G28459KM	N-linked	complex
G28536BG	N-linked	
G28550OD	N-linked	
G28654UV	N-linked	
G28659UB	N-linked	complex
G28663KH	N-linked	
G28665FP	O-linked	core 2
G28678TH	N-linked	complex
G28720MP	N-linked	complex
G28882QV	N-linked	complex
G28896CL	N-linked	complex
G28948UC	N-linked	complex
G28960YA	O-linked	core 5
G28962GO	N-linked	complex
G29011JC	N-linked	complex
G29014XV	O-linked	core 2
G29024OJ	N-linked	complex
G29056SI	N-linked	
G29078QN	N-linked	
G29109PM	N-linked	complex
G29130SY	N-linked	complex
G29147GG	N-linked	complex
G29228MX	N-linked	complex
G29248WR	N-linked	complex
G29271US	N-linked	
G29326OK	O-linked	core 1
G29377XJ	N-linked	complex
G29434RB	N-linked	complex
G29445ZK	N-linked	complex
G29449JO	N-linked	complex
G29461HI	N-linked	complex
G29489PN	O-linked	core 1
G29535RH	N-linked	complex
G29539MT	N-linked	complex
G29574TI	N-linked	complex
G29617QF	N-linked	
G29633ZY	N-linked	complex
G29676WX	N-linked	complex
G29695SR	N-linked	complex
G29721UX	N-linked	
G29725MK	O-linked	core 2
G29764SO	N-linked	complex
G29783JJ	N-linked	complex
G29797YX	N-linked	complex
G29799SM	N-linked	
G29849JL	O-linked	core 3
G29850BY	N-linked	complex
G29857PJ	N-linked	complex
G29857RC	N-linked	complex
G29884LW	N-linked	complex
G29895JE	N-linked	
G29905OR	N-linked	
G29972ZX	N-linked	complex
G30031SW	N-linked	complex
G30048DT	N-linked	
G30060ZO	N-linked	complex
G30062BR	N-linked	complex
G30084YQ	N-linked	hybrid
G30109UP	N-linked	
G30110UW	O-linked	core 1
G30115SP	N-linked	complex
G30159WR	N-linked	complex
G30255XL	O-linked	core 2
G30284BK	O-linked	core 2
G30302VM	N-linked	complex
G30304DE	O-linked	core 2
G30309QX	N-linked	complex
G30314VR	N-linked	
G30372WK	N-linked	complex
G30416OM	N-linked	
G30447NS	N-linked	complex
G30460NZ	N-linked	complex
G30483FB	N-linked	complex
G30529FG	N-linked	complex
G30542PN	N-linked	complex
G30614QN	O-linked	core 2
G30617IL	N-linked	complex
G30618VC	N-linked	
G30633FJ	N-linked	
G30651IU	N-linked	complex
G30673AC	N-linked	
G30797DS	N-linked	complex
G30838QM	N-linked	complex
G30857WQ	N-linked	complex
G30871VQ	O-linked	core 2
G30901GC	N-linked	complex
G30915AU	N-linked	
G30939HN	N-linked	
G31019WF	N-linked	
G31021LA	N-linked	complex
G31032XG	N-linked	complex
G31037WG	N-linked	complex
G31040SL	N-linked	complex
G31118FR	N-linked	
G31153XO	N-linked	
G31186LT	N-linked	complex
G31219GT	N-linked	complex
G31254TP	N-linked	complex
G31341PC	N-linked	complex
G31372JR	N-linked	
G31380TD	N-linked	complex
G31411GR	N-linked	
G31416KB	N-linked	
G31429YW	N-linked	
G31438WA	N-linked	
G31515BE	N-linked	complex
G31532GK	N-linked	complex
G31540AF	N-linked	complex
G31540HC	O-linked	core 2
G31559RO	N-linked	complex
G31587OK	N-linked	complex
G31604HF	N-linked	
G31606TH	N-linked	complex
G31616YD	N-linked	
G31618AH	N-linked	
G31627MW	N-linked	complex
G31662BR	N-linked	complex
G31720WP	N-linked	complex
G31822CM	N-linked	complex
G31865AG	N-linked	
G31894KJ	N-linked	complex
G31991IV	N-linked	complex
G31993QW	N-linked	hybrid
G32065BG	N-linked	complex
G32082KI	N-linked	
G32149KV	N-linked	
G32156ZV	N-linked	
G32179HL	N-linked	complex
G32201IL	N-linked	complex
G32211XJ	N-linked	complex
G32241HI	N-linked	complex
G32246SI	N-linked	
G32283ZK	N-linked	
G32305RZ	N-linked	complex
G32364DF	N-linked	complex
G32447FC	N-linked	
G32460TA	O-linked	core 1
G32483HZ	N-linked	complex
G32484KU	N-linked	
G32510IZ	N-linked	complex
G32588AA	O-linked	core 2
G32592IB	N-linked	complex
G32611KT	N-linked	complex
G32659RY	N-linked	complex
G32671AN	N-linked	
G32744YO	N-linked	
G32746QI	N-linked	complex
G32779JS	N-linked	
G32854GF	N-linked	complex
G32974DS	N-linked	complex
G33019PZ	N-linked	complex
G33070IY	N-linked	complex
G33150PJ	N-linked	complex
G33225NX	N-linked	complex
G33241WC	N-linked	complex
G33244HE	N-linked	complex
G33269XL	N-linked	
G33271XM	N-linked	complex
G33303XH	N-linked	
G33350UC	O-linked	core 2
G33364OS	O-linked	core 3
G33370EK	N-linked	complex
G33427JX	N-linked	complex
G33438CM	N-linked	complex
G33522ME	N-linked	complex
G33556WL	N-linked	
G33569OU	O-linked	core 2
G33593EQ	O-linked	core 3
G33608TH	N-linked	complex
G33633KK	O-linked	core 2
G33653GT	N-linked	complex
G33671BL	N-linked	complex
G33685ZQ	N-linked	complex
G33734YD	N-linked	
G33740YL	O-linked	core 3
G33742YO	N-linked	complex
G33785ND	N-linked	
G33802UM	N-linked	complex
G33806LP	N-linked	complex
G33841EB	N-linked	complex
G33842PB	N-linked	complex
G33862NZ	N-linked	complex
G33876UV	N-linked	
G33909XJ	N-linked	complex
G33981FE	N-linked	complex
G34018EC	N-linked	complex
G34059IB	N-linked	
G34220DL	N-linked	
G34306IB	N-linked	
G34314SG	N-linked	
G34383AG	N-linked	hybrid
G34435HX	N-linked	
G34442SS	N-linked	
G34499SX	N-linked	high mannose
G34508UC	N-linked	
G34527RW	N-linked	
G34572TY	N-linked	
G34582DB	N-linked	complex
G34585DT	N-linked	complex
G34595KJ	N-linked	
G34612DX	N-linked	complex
G34754UR	N-linked	complex
G34838RM	N-linked	complex
G34863TS	O-linked	core 4
G34905OT	N-linked	complex
G34931KK	N-linked	complex
G34946TH	N-linked	complex
G34947FX	N-linked	complex
G34972BB	N-linked	complex
G35061TJ	N-linked	
G35096EN	N-linked	complex
G35106OM	O-linked	core 3
G35110VT	O-linked	core 1
G35111CK	N-linked	complex
G35150SV	N-linked	complex
G35211AB	N-linked	complex
G35234CM	O-linked	core 2
G35242IF	N-linked	complex
G35247EJ	N-linked	complex
G35257SQ	N-linked	
G35283JZ	N-linked	complex
G35382VN	N-linked	complex
G35402TO	N-linked	complex
G35409SK	O-linked	core 2
G35429JB	N-linked	complex
G35438GZ	N-linked	complex
G35455OM	N-linked	complex
G35484EX	N-linked	complex
G35565NM	N-linked	complex
G35599NO	N-linked	hybrid
G35619UY	N-linked	
G35675LO	N-linked	complex
G35679TE	N-linked	complex
G35687VS	N-linked	
G35692YN	N-linked	
G35722YG	N-linked	complex
G35734AU	N-linked	complex
G35747ZX	N-linked	complex
G35769UV	N-linked	
G35787ED	N-linked	
G35791OW	N-linked	complex
G35798GO	N-linked	complex
G35808UX	N-linked	complex
G35823EX	N-linked	
G35837ET	N-linked	complex
G35888BV	N-linked	
G35952BG	N-linked	
G36020VB	N-linked	complex
G36042WR	N-linked	complex
G36046VV	O-linked	core 2
G36053YX	N-linked	complex
G36066DO	N-linked	complex
G36104EQ	N-linked	complex
G36108GD	N-linked	complex
G36118RA	N-linked	
G36134VO	N-linked	complex
G36157OV	N-linked	complex
G36167NI	N-linked	complex
G36171JA	N-linked	complex
G36176RV	N-linked	complex
G36191CD	N-linked	complex
G36211GH	N-linked	complex
G36221RT	N-linked	complex
G36223VW	N-linked	complex
G36225RM	N-linked	complex
G36268TW	N-linked	complex
G36292UY	N-linked	complex
G36293DS	N-linked	complex
G36306KM	N-linked	complex
G36316RB	N-linked	complex
G36348OS	N-linked	complex
G36359GN	O-linked	core 1
G36362BK	N-linked	complex
G36404TW	O-linked	core 4
G36437LH	N-linked	
G36519NW	N-linked	complex
G36521AS	N-linked	complex
G36521SZ	N-linked	complex
G36523TZ	N-linked	complex
G36542BE	N-linked	hybrid
G36581MF	N-linked	complex
G36581PT	N-linked	
G36608LK	N-linked	complex
G36699PG	N-linked	high mannose
G36701GV	N-linked	complex
G36747XY	N-linked	complex
G36766ZC	N-linked	complex
G36787EI	N-linked	complex
G36839GD	O-linked	core 1
G36859SD	N-linked	complex
G36881GV	N-linked	
G36898CO	N-linked	complex
G36909MR	N-linked	complex
G36960FP	N-linked	complex
G36966DH	N-linked	complex
G36977EW	N-linked	complex
G36983SB	O-linked	core 2
G37022BP	N-linked	complex
G37135JQ	N-linked	high mannose
G37162GZ	N-linked	high mannose
G37166HP	N-linked	hybrid
G37260FV	N-linked	complex
G37274WB	N-linked	
G37276TY	N-linked	complex
G37304XT	N-linked	complex
G37306TB	N-linked	complex
G37320GX	N-linked	complex
G37427PW	N-linked	
G37442IW	N-linked	
G37476QB	N-linked	
G37488LQ	N-linked	complex
G37552GO	N-linked	complex
G37581LU	N-linked	hybrid
G37588ZB	N-linked	
G37591JC	N-linked	complex
G37597FW	N-linked	complex
G37597VQ	O-linked	core 2
G37601IJ	N-linked	
G37619KE	O-linked	core 6
G37626XQ	N-linked	complex
G37745NY	N-linked	complex
G37779JP	O-linked	core 2
G37809PL	N-linked	
G37827FY	N-linked	complex
G37891WT	O-linked	core 1
G37919OJ	N-linked	hybrid
G37986HU	N-linked	
G38022PE	N-linked	complex
G38029ML	N-linked	
G38047QV	N-linked	
G38115KZ	N-linked	complex
G38121JC	N-linked	complex
G38208CY	N-linked	complex
G38217AM	N-linked	complex
G38230YO	N-linked	complex
G38241TC	N-linked	complex
G38249IZ	N-linked	complex
G38267IW	N-linked	complex
G38291RB	N-linked	complex
G38297TU	N-linked	hybrid
G38362AS	N-linked	
G38371WW	N-linked	
G38373BD	N-linked	complex
G38395YJ	N-linked	complex
G38404PP	N-linked	complex
G38473PC	N-linked	complex
G38549YL	N-linked	complex
G38586WN	N-linked	hybrid
G38618HZ	N-linked	
G38625SV	N-linked	complex
G38638WU	N-linked	
G38658JL	N-linked	complex
G38667ZB	N-linked	complex
G38668OJ	N-linked	
G38753OV	N-linked	complex
G38756OC	N-linked	complex
G38800CP	N-linked	complex
G38849GM	N-linked	complex
G38909RH	N-linked	complex
G38946SH	N-linked	
G38955TH	N-linked	hybrid
G38997JB	N-linked	complex
G39018CC	N-linked	complex
G39029JR	N-linked	complex
G39062YR	N-linked	
G39089YD	N-linked	
G39119ZF	N-linked	
G39130DL	O-linked	core 3
G39172SO	N-linked	complex
G39174FS	N-linked	
G39181YB	N-linked	complex
G39183DW	N-linked	complex
G39213VZ	N-linked	complex
G39229GR	N-linked	complex
G39298CN	N-linked	hybrid
G39298RF	N-linked	complex
G39299DH	N-linked	complex
G39318IJ	N-linked	
G39377DE	N-linked	complex
G39401ES	O-linked	core 3
G39408YK	N-linked	complex
G39437XQ	N-linked	complex
G39439UR	N-linked	
G39452ZZ	N-linked	complex
G39478RR	N-linked	
G39523KI	O-linked	core 2
G39531LA	N-linked	complex
G39540XG	N-linked	complex
G39558MO	O-linked	core 1
G39567LQ	N-linked	complex
G39570CO	N-linked	complex
G39578OU	N-linked	
G39595CR	N-linked	complex
G39600NF	N-linked	complex
G39601JQ	N-linked	complex
G39602UU	N-linked	
G39617JJ	N-linked	
G39666ZK	N-linked	complex
G39687WG	N-linked	
G39722LF	N-linked	complex
G39756ZC	N-linked	complex
G39764AC	N-linked	complex
G39794DN	N-linked	complex
G39809FW	N-linked	complex
G39813YP	N-linked	complex
G39893KL	N-linked	
G39906AT	N-linked	hybrid
G39917RN	N-linked	
G39943KJ	N-linked	
G39945EK	N-linked	
G39992DR	N-linked	complex
G40012WS	N-linked	
G40027VO	N-linked	complex
G40064GR	N-linked	complex
G40065EM	N-linked	complex
G40069AV	N-linked	complex
G40088CY	O-linked	core 2
G40096SL	N-linked	hybrid
G40097PQ	N-linked	
G40124HY	N-linked	complex
G40173TB	N-linked	complex
G40194MN	N-linked	complex
G40198OD	N-linked	high mannose
G40200RC	N-linked	
G40244KN	N-linked	
G40264QS	N-linked	complex
G40268BC	N-linked	complex
G40343KH	N-linked	complex
G40393FZ	O-linked	core 2
G40428GO	N-linked	complex
G40452FK	N-linked	complex
G40482NA	N-linked	complex
G40523QS	O-linked	core 1
G40542QP	N-linked	complex
G40554DX	N-linked	complex
G40569DS	N-linked	complex
G40579SX	N-linked	complex
G40670DJ	N-linked	complex
G40702WU	N-linked	
G40706KD	O-linked	core 1
G40707SF	N-linked	complex
G40734VV	N-linked	
G40735XY	N-linked	complex
G40757HO	O-linked	core 4
G40786FB	N-linked	complex
G40813RE	O-linked	core 1
G40821RK	N-linked	
G40900UQ	N-linked	
G40906DZ	N-linked	complex
G40909AN	N-linked	complex
G40909HG	O-linked	core 3
G40915GX	N-linked	
G40998BL	N-linked	complex
G41087ZA	N-linked	complex
G41095QB	N-linked	complex
G41107EH	N-linked	complex
G41120BJ	N-linked	
G41125AS	N-linked	complex
G41178NB	N-linked	
G41304KE	N-linked	complex
G41310VR	N-linked	complex
G41324RH	O-linked	core 1
G41331JX	N-linked	complex
G41366ZD	N-linked	complex
G41372SJ	O-linked	core 6
G41405QQ	N-linked	complex
G41504VL	N-linked	complex
G41510DX	N-linked	
G41563EN	N-linked	complex
G41566AJ	N-linked	complex
G41576FY	N-linked	complex
G41596PV	N-linked	complex
G41656NL	N-linked	complex
G41670EF	N-linked	complex
G41708PN	N-linked	complex
G41720HN	N-linked	
G41742IZ	N-linked	complex
G41800OU	N-linked	complex
G41811VQ	N-linked	complex
G41817BL	N-linked	hybrid
G41821MR	N-linked	complex
G41824PC	N-linked	
G41847IM	N-linked	
G41865ZJ	N-linked	complex
G41912CL	N-linked	complex
G41923EO	N-linked	complex
G41937ED	N-linked	hybrid
G41943OZ	N-linked	
G41953RN	N-linked	complex
G41981MA	N-linked	complex
G42028VS	N-linked	complex
G42039AA	O-linked	core 2
G42039DE	N-linked	
G42081JA	N-linked	
G42089IU	O-linked	core 2
G42110JE	N-linked	complex
G42240DE	N-linked	complex
G42264OV	N-linked	
G42295MA	N-linked	complex
G42299NR	N-linked	
G42322YV	N-linked	complex
G42368XT	O-linked	core 2
G42380GI	N-linked	complex
G42388XF	O-linked	core 1
G42415XD	N-linked	complex
G42439GB	N-linked	
G42440OJ	N-linked	
G42460RM	N-linked	
G42468DL	O-linked	core 1
G42504VW	N-linked	complex
G42525DE	N-linked	complex
G42548XF	N-linked	
G42600SB	N-linked	complex
G42605KJ	N-linked	complex
G42614NV	N-linked	complex
G42653GO	N-linked	
G42672MA	N-linked	
G42674AX	N-linked	
G42674LI	N-linked	
G42679AH	N-linked	complex
G42680EX	N-linked	
G42686NQ	N-linked	complex
G42731RJ	N-linked	complex
G42735RP	N-linked	complex
G42772CJ	N-linked	
G42797SX	O-linked	core 1
G42824AQ	N-linked	complex
G42826YI	N-linked	
G42832NT	N-linked	complex
G42846BO	N-linked	complex
G42862VU	N-linked	complex
G42941KJ	N-linked	complex
G42984ZU	N-linked	
G42993UG	O-linked	core 1
G43014FZ	N-linked	
G43040IL	N-linked	complex
G43070PV	N-linked	complex
G43088GK	N-linked	complex
G43131ZX	N-linked	complex
G43164CL	N-linked	complex
G43299SD	N-linked	complex
G43346PX	N-linked	complex
G43415UJ	O-linked	core 3
G43426MU	O-linked	core 3
G43454VB	N-linked	complex
G43499QE	N-linked	complex
G43526DL	N-linked	complex
G43547MI	N-linked	
G43549OX	N-linked	
G43553YK	N-linked	complex
G43558RC	N-linked	complex
G43648DB	N-linked	
G43657WC	N-linked	complex
G43660IT	N-linked	complex
G43664YB	N-linked	
G43677TG	N-linked	
G43694RQ	N-linked	complex
G43753QH	N-linked	
G43765GZ	N-linked	complex
G43814TV	N-linked	complex
G43832DJ	N-linked	complex
G43873MM	N-linked	complex
G43925AD	O-linked	core 2
G43947VZ	N-linked	
G43953LS	N-linked	
G43972TU	O-linked	core 2
G44031UD	N-linked	complex
G44043ZX	N-linked	complex
G44046WQ	N-linked	
G44066XU	N-linked	complex
G44073EJ	N-linked	
G44121LY	N-linked	complex
G44127LD	O-linked	core 2
G44137YR	N-linked	complex
G44151FI	N-linked	
G44152CO	N-linked	complex
G44264DI	N-linked	complex
G44276EF	N-linked	
G44339YF	N-linked	complex
G44361OH	N-linked	complex
G44364RM	N-linked	complex
G44369QM	N-linked	
G44413JJ	N-linked	complex
G44414DH	N-linked	complex
G44444MB	N-linked	complex
G44515AZ	N-linked	complex
G44533KV	N-linked	complex
G44541JO	N-linked	complex
G44572NU	N-linked	
G44576HQ	N-linked	
G44617UT	N-linked	
G44618FI	N-linked	
G44639PM	N-linked	complex
G44659VQ	N-linked	
G44688UB	N-linked	complex
G44747CU	N-linked	hybrid
G44754DF	N-linked	complex
G44754IE	N-linked	complex
G44770ZI	N-linked	complex
G44799JP	N-linked	complex
G44825QL	N-linked	complex
G44826KU	N-linked	complex
G44842OK	N-linked	hybrid
G44865OQ	N-linked	
G44883NU	N-linked	complex
G44904UE	N-linked	complex
G44905SX	N-linked	
G44917UQ	O-linked	core 2
G44946WH	N-linked	complex
G44962ZM	N-linked	hybrid
G44979MG	N-linked	complex
G44982ZA	N-linked	complex
G44996SV	N-linked	complex
G45036WQ	N-linked	
G45045RU	N-linked	
G45048TZ	N-linked	hybrid
G45071EF	N-linked	complex
G45104SZ	N-linked	complex
G45108QT	N-linked	complex
G45187EI	N-linked	complex
G45209NR	N-linked	complex
G45220IZ	N-linked	complex
G45229AI	N-linked	
G45238KD	N-linked	
G45250VC	N-linked	complex
G45256SO	N-linked	complex
G45262QY	N-linked	complex
G45264AM	N-linked	complex
G45271AT	N-linked	
G45325UV	N-linked	high mannose
G45359RY	N-linked	complex
G45374ZW	N-linked	hybrid
G45388GV	O-linked	core 5
G45420PL	N-linked	complex
G45470TI	N-linked	complex
G45475AS	N-linked	complex
G45492BK	N-linked	complex
G45494FB	O-linked	core 3
G45498YC	N-linked	complex
G45533OY	N-linked	complex
G45546UR	N-linked	complex
G45560HM	N-linked	complex
G45598BE	N-linked	complex
G45603BW	N-linked	complex
G45661NA	N-linked	complex
G45747TC	N-linked	complex
G45776ET	N-linked	complex
G45777DE	N-linked	complex
G45826PJ	N-linked	complex
G45841FE	N-linked	
G45844BS	N-linked	complex
G45882CQ	N-linked	complex
G45888VL	N-linked	complex
G45889JQ	N-linked	
G45995IV	N-linked	
G45996VR	N-linked	complex
G45997JW	N-linked	complex
G46038XL	N-linked	
G46107JU	N-linked	complex
G46108US	N-linked	complex
G46123YD	N-linked	complex
G46141DD	N-linked	complex
G46168RR	O-linked	core 2
G46185ND	N-linked	complex
G46222DM	O-linked	core 1
G46387UV	N-linked	
G46406BL	N-linked	complex
G46407AA	N-linked	complex
G46412RZ	N-linked	complex
G46425HN	N-linked	complex
G46432HW	N-linked	complex
G46455GO	N-linked	complex
G46470AD	N-linked	complex
G46503KK	N-linked	complex
G46542RN	N-linked	complex
G46559US	N-linked	
G46560SM	N-linked	complex
G46568MX	N-linked	complex
G46609ZR	O-linked	core 1
G46626WO	N-linked	
G46638GC	N-linked	complex
G46712PI	N-linked	complex
G46720ZO	N-linked	
G46748BU	O-linked	core 2
G46754UW	N-linked	
G46759WS	N-linked	
G46760LG	O-linked	core 2
G46763GM	N-linked	hybrid
G46764AW	N-linked	
G46767VX	N-linked	complex
G46768QH	N-linked	complex
G46772BG	O-linked	core 3
G46836GH	N-linked	
G46868TY	O-linked	core 1
G46923KZ	N-linked	complex
G46926OL	O-linked	core 2
G46945LQ	N-linked	complex
G46991EQ	N-linked	complex
G46998LN	N-linked	complex
G47007PV	N-linked	complex
G47011KD	N-linked	complex
G47043LK	N-linked	complex
G47058MH	N-linked	complex
G47108UC	N-linked	complex
G47171PS	N-linked	complex
G47171PW	N-linked	complex
G47175EF	N-linked	complex
G47180UC	O-linked	core 1
G47206MY	N-linked	
G47252EW	N-linked	complex
G47253OG	N-linked	complex
G47273WV	N-linked	complex
G47279LF	N-linked	complex
G47280HM	N-linked	complex
G47299BP	N-linked	complex
G47379VH	N-linked	
G47391NN	O-linked	core 1
G47407FC	N-linked	hybrid
G47427YD	N-linked	complex
G47498FQ	N-linked	hybrid
G47520QY	O-linked	core 3
G47531XE	N-linked	complex
G47554EG	N-linked	complex
G47566FL	N-linked	
G47606XQ	N-linked	complex
G47675LW	N-linked	
G47690ND	O-linked	core 1
G47741BL	N-linked	complex
G47766VH	N-linked	complex
G47782UT	N-linked	complex
G47809KW	N-linked	
G47816DI	N-linked	complex
G47866EC	N-linked	complex
G47870LR	N-linked	complex
G47877IZ	N-linked	
G47909JD	N-linked	
G47921ZO	O-linked	core 3
G47925PB	O-linked	core 3
G47936PQ	N-linked	complex
G47961DI	N-linked	complex
G47961RS	N-linked	
G47975JA	N-linked	complex
G48020LQ	N-linked	complex
G48040FY	N-linked	complex
G48109OV	N-linked	complex
G48148JS	N-linked	
G48185FI	N-linked	complex
G48213MO	N-linked	
G48277OH	N-linked	complex
G48305IM	N-linked	complex
G48350AZ	N-linked	
G48381WH	N-linked	complex
G48405LH	N-linked	hybrid
G48409OW	N-linked	complex
G48421GV	N-linked	
G48442VP	N-linked	high mannose
G48465YI	O-linked	core 3
G48489PM	N-linked	complex
G48527XN	N-linked	complex
G48585WR	O-linked	core 1
G48614JL	N-linked	complex
G48630BP	N-linked	
G48638TB	O-linked	core 3
G48698GX	N-linked	complex
G48712ZJ	N-linked	
G48713OY	N-linked	complex
G48767NV	N-linked	complex
G48787LE	N-linked	complex
G48809ZO	N-linked	complex
G48822BJ	N-linked	complex
G48848IF	N-linked	complex
G48860TK	N-linked	
G48945UO	N-linked	complex
G48954CA	N-linked	
G49043NO	N-linked	
G49084JY	N-linked	complex
G49104KI	N-linked	complex
G49120XR	O-linked	core 2
G49168NM	N-linked	hybrid
G49225WK	N-linked	complex
G49232RW	N-linked	
G49280JI	N-linked	complex
G49282JI	N-linked	
G49305IN	N-linked	complex
G49349BS	O-linked	core 2
G49369WH	N-linked	complex
G49370IN	O-linked	core 1
G49401CB	N-linked	hybrid
G49440XK	N-linked	
G49478NM	N-linked	complex
G49503QY	N-linked	
G49515VE	N-linked	complex
G49544FY	N-linked	
G49562JB	N-linked	complex
G49580XQ	N-linked	complex
G49616WZ	N-linked	complex
G49664YG	N-linked	complex
G49721VX	N-linked	
G49743VF	N-linked	complex
G49763BM	O-linked	core 1
G49785PR	N-linked	
G49827WK	N-linked	complex
G49872TN	N-linked	complex
G49889OJ	N-linked	hybrid
G49930HB	N-linked	complex
G49933AX	N-linked	hybrid
G49935CA	N-linked	complex
G49961XO	N-linked	complex
G49991UY	N-linked	
G49993RR	N-linked	complex
G50071OA	O-linked	core 1
G50076JD	N-linked	complex
G50078RT	N-linked	complex
G50112PT	N-linked	
G50131RA	N-linked	
G50139IU	N-linked	
G50165MW	O-linked	core 2
G50210FA	N-linked	
G50211SY	N-linked	complex
G50216QG	N-linked	complex
G50258QB	N-linked	complex
G50272UH	N-linked	complex
G50343XZ	N-linked	complex
G50353PP	N-linked	complex
G50364FV	N-linked	complex
G50370PE	O-linked	core 3
G50427EN	N-linked	complex
G50474FI	N-linked	complex
G50489VC	N-linked	complex
G50507PS	N-linked	high mannose
G50508SG	N-linked	complex
G50531NJ	N-linked	complex
G50535IT	N-linked	complex
G50549VU	N-linked	complex
G50659JL	N-linked	
G50660UT	N-linked	complex
G50730KL	N-linked	hybrid
G50739NP	N-linked	
G50762OP	O-linked	core 2
G50775RM	N-linked	
G50779LX	N-linked	complex
G50782HI	N-linked	hybrid
G50880EE	N-linked	complex
G50896EJ	O-linked	core 2
G50903RY	N-linked	
G51028ME	N-linked	complex
G51050LD	N-linked	complex
G51098AA	N-linked	complex
G51119RL	N-linked	
G51177EP	N-linked	
G51216AJ	O-linked	core 2
G51266ML	N-linked	
G51274LI	N-linked	complex
G51333KM	N-linked	complex
G51343UJ	O-linked	core 3
G51349BU	O-linked	core 2
G51367TM	N-linked	hybrid
G51369CD	N-linked	
G51471ON	N-linked	hybrid
G51472TJ	N-linked	complex
G51490BW	N-linked	
G51497BL	N-linked	
G51527NY	N-linked	complex
G51562OR	N-linked	complex
G51654CU	N-linked	complex
G51688VK	N-linked	
G51699IR	N-linked	
G51710QD	N-linked	complex
G51778XS	N-linked	complex
G51793MY	N-linked	complex
G51809TM	O-linked	core 2
G51883EC	O-linked	core 2
G51891DI	N-linked	complex
G51896IF	N-linked	complex
G51921XC	N-linked	complex
G51930XP	N-linked	complex
G51941GC	N-linked	
G51941IR	N-linked	complex
G51956RJ	N-linked	complex
G51963NX	O-linked	core 4
G52003QG	N-linked	
G52038JM	N-linked	complex
G52080WL	N-linked	complex
G52112MC	N-linked	complex
G52122ZD	N-linked	
G52126RR	N-linked	complex
G52216BO	N-linked	complex
G52266YB	N-linked	complex
G52286UI	N-linked	complex
G52345FK	N-linked	complex
G52358FD	N-linked	complex
G52383QH	N-linked	complex
G52428MJ	N-linked	
G52441NC	N-linked	complex
G52460PC	O-linked	core 3
G52461YB	N-linked	high mannose
G52518HE	N-linked	high mannose
G52622SW	N-linked	
G52663AD	N-linked	complex
G52676LZ	N-linked	complex
G52724WY	N-linked	complex
G52770HR	N-linked	complex
G52773YO	N-linked	complex
G52934AK	N-linked	complex
G52776UT	N-linked	complex
G52928OQ	N-linked	hybrid
G52886CK	N-linked	complex
G52880ZN	N-linked	complex
G53220ZS	O-linked	core 2
G53031JB	N-linked	complex
G52971DE	N-linked	complex
G53214SL	N-linked	complex
G52972TJ	O-linked	core 1
G52956BX	N-linked	
G53190JD	N-linked	complex
G53168IY	N-linked	hybrid
G53093MO	N-linked	complex
G53096UD	N-linked	complex
G53259FL	N-linked	complex
G53098FA	N-linked	complex
G53396PX	N-linked	complex
G53272SL	N-linked	complex
G53276NK	N-linked	complex
G53504BR	N-linked	complex
G53450AF	N-linked	
G53460CX	N-linked	complex
G53485VW	N-linked	complex
G53582JE	N-linked	complex
G53476DF	N-linked	
G53472RQ	O-linked	core 2
G53280MT	N-linked	complex
G53288JQ	N-linked	complex
G53800MQ	N-linked	complex
G53809CJ	N-linked	complex
G53725UB	N-linked	high mannose
G53621MK	N-linked	
G53812BX	N-linked	complex
G53854XZ	N-linked	complex
G53667CH	N-linked	complex
G53818ZZ	N-linked	complex
G53834TX	O-linked	core 1
G53817FJ	N-linked	complex
G53752TA	N-linked	complex
G53604QR	N-linked	
G53923UR	N-linked	
G53985AY	N-linked	complex
G53933HU	N-linked	
G53944MR	N-linked	complex
G53965RU	N-linked	
G53962WT	N-linked	hybrid
G53899GT	N-linked	
G54273KX	N-linked	complex
G54300AX	N-linked	complex
G54018RP	N-linked	complex
G54334WY	O-linked	core 4
G54140NM	N-linked	
G54380FJ	N-linked	complex
G54375EU	N-linked	complex
G54258NG	N-linked	complex
G54059XR	N-linked	
G54158IT	N-linked	complex
G54151YB	N-linked	complex
G54190AS	O-linked	core 2
G54611ZT	N-linked	complex
G54466RT	N-linked	hybrid
G54410JV	O-linked	core 1
G54513OG	N-linked	complex
G54567NU	O-linked	core 3
G54561II	O-linked	core 4
G54499PQ	N-linked	complex
G54411RI	N-linked	complex
G54764AV	N-linked	complex
G54884LT	N-linked	complex
G54682XF	N-linked	
G54702KT	N-linked	complex
G54953LX	N-linked	complex
G54696PD	N-linked	complex
G54652ZD	N-linked	
G54873FX	N-linked	high mannose
G54981BW	N-linked	
G54956ME	N-linked	complex
G54904QW	N-linked	complex
G55104BW	O-linked	core 4
G55192VG	N-linked	
G55146FI	N-linked	
G55220VL	N-linked	high mannose
G55065WV	N-linked	complex
G55143WF	N-linked	high mannose
G55185WK	N-linked	complex
G55600PH	N-linked	complex
G55803NG	N-linked	complex
G55406JQ	N-linked	
G55521GY	N-linked	complex
G55314RK	N-linked	complex
G55373ZG	N-linked	complex
G55818EE	N-linked	complex
G55481KF	N-linked	
G55396DW	N-linked	complex
G55786MG	N-linked	
G55781KV	N-linked	complex
G55318GC	N-linked	complex
G55504WE	N-linked	
G55832RR	N-linked	
G55331YF	O-linked	core 2
G55783TD	N-linked	
G55342MO	N-linked	complex
G55492KC	O-linked	core 2
G56163DR	N-linked	
G55922CA	N-linked	complex
G56271TF	N-linked	
G56271ML	N-linked	complex
G56175ED	N-linked	complex
G56069TX	N-linked	
G56202TA	N-linked	
G55953GF	N-linked	hybrid
G56265BA	N-linked	complex
G56095ZZ	N-linked	complex
G55879PV	N-linked	complex
G56038AR	N-linked	
G56076DZ	N-linked	complex
G56147VV	N-linked	complex
G56014GC	N-linked	
G55861FV	N-linked	complex
G55868RH	N-linked	
G56245IE	O-linked	core 2
G56269EA	N-linked	
G55867TY	N-linked	complex
G56321MP	N-linked	complex
G56499YQ	N-linked	complex
G56516KW	N-linked	complex
G56354PO	N-linked	complex
G56682BC	O-linked	core 1
G56299XO	O-linked	core 1
G56376TA	N-linked	hybrid
G56749GV	N-linked	complex
G56720TK	N-linked	complex
G56318NV	N-linked	complex
G56655CC	N-linked	complex
G56737NO	N-linked	
G56577TY	N-linked	complex
G56381GU	N-linked	
G56657CK	N-linked	complex
G56501FP	N-linked	complex
G56591LC	N-linked	complex
G56285KF	O-linked	core 3
G56340GX	N-linked	complex
G56408DR	N-linked	complex
G56653RI	N-linked	complex
G57081YJ	N-linked	complex
G56852BX	N-linked	complex
G57075KG	N-linked	complex
G56830SM	N-linked	complex
G56977BH	N-linked	complex
G57028QM	N-linked	
G56867YK	N-linked	high mannose
G57084IU	N-linked	complex
G56791SN	N-linked	complex
G56963QZ	N-linked	complex
G57051OG	N-linked	
G56891ZN	N-linked	complex
G56869RQ	N-linked	complex
G57092OJ	N-linked	complex
G56988MG	N-linked	complex
G57075OH	N-linked	complex
G56856OI	N-linked	complex
G56903ZB	N-linked	
G56809XB	N-linked	complex
G57208CK	N-linked	complex
G57484FV	N-linked	high mannose
G57522MT	N-linked	
G57166CI	N-linked	complex
G57413FT	N-linked	
G57565TQ	N-linked	complex
G57292SX	N-linked	
G57267KB	N-linked	
G57437DS	N-linked	complex
G57449OF	N-linked	
G57153UY	N-linked	complex
G57345HS	N-linked	
G57262WV	N-linked	
G57650VC	O-linked	core 2
G57595UE	N-linked	
G57411WE	N-linked	complex
G58025LK	N-linked	complex
G58029XR	N-linked	complex
G57937LQ	N-linked	complex
G57999XS	N-linked	complex
G58004KD	N-linked	complex
G57789QC	N-linked	complex
G57774MT	N-linked	complex
G57675TR	N-linked	complex
G57835AK	N-linked	complex
G58039UH	N-linked	complex
G57997IN	N-linked	complex
G57955DP	N-linked	complex
G57930PW	N-linked	
G57707WO	N-linked	
G57970NA	N-linked	complex
G57863LA	N-linked	complex
G58111YY	N-linked	complex
G57762GE	N-linked	complex
G57881VN	N-linked	complex
G58236FD	N-linked	complex
G58198HJ	N-linked	complex
G58232MG	N-linked	
G58268WC	N-linked	complex
G58403SV	N-linked	complex
G58590MR	O-linked	core 4
G58281SK	N-linked	complex
G58571IP	N-linked	complex
G58481XO	N-linked	complex
G58276QF	O-linked	core 2
G58381OV	N-linked	
G58517TJ	N-linked	complex
G58214IQ	N-linked	high mannose
G58217PP	N-linked	complex
G58561KE	N-linked	complex
G58444TO	N-linked	complex
G58473KL	N-linked	complex
G58233BW	N-linked	complex
G58370UT	N-linked	complex
G58547FH	N-linked	complex
G58216EF	N-linked	complex
G58992VJ	N-linked	hybrid
G58808TX	N-linked	complex
G58793GF	O-linked	core 1
G59003TR	N-linked	complex
G58667NI	N-linked	complex
G58824LL	N-linked	
G58848QS	N-linked	complex
G58768FH	N-linked	complex
G59041MP	N-linked	complex
G58827HR	N-linked	complex
G58846EV	O-linked	core 1
G58746AB	N-linked	
G58969RU	N-linked	hybrid
G58750CR	N-linked	
G58897VR	N-linked	complex
G59456VR	N-linked	complex
G59358BQ	N-linked	
G59311AO	N-linked	high mannose
G59471TH	N-linked	complex
G59406KS	N-linked	
G59149SL	N-linked	complex
G59256VO	N-linked	complex
G59231NT	N-linked	hybrid
G59361OW	N-linked	complex
G59345UT	N-linked	complex
G59451NL	N-linked	complex
G59458AW	N-linked	complex
G59159PE	N-linked	complex
G59471JC	N-linked	complex
G59234CC	N-linked	complex
G59300GC	N-linked	complex
G59405LU	N-linked	complex
G59141EN	N-linked	complex
G59128IS	N-linked	complex
G59255VT	N-linked	complex
G59297UK	N-linked	
G59081JJ	N-linked	complex
G59746QC	N-linked	complex
G59616TT	N-linked	
G59532XE	N-linked	
G59742ZT	N-linked	complex
G59716UA	N-linked	high mannose
G59741XZ	N-linked	
G59513YA	N-linked	
G59804RR	N-linked	complex
G59742GY	N-linked	complex
G59579TL	N-linked	complex
G59897WN	N-linked	complex
G59576IJ	N-linked	
G59869XG	N-linked	
G59659CN	O-linked	core 4
G59752BW	N-linked	complex
G59761EF	N-linked	complex
G59655SA	N-linked	complex
G60284TY	N-linked	hybrid
G60149QJ	N-linked	
G60419KX	N-linked	complex
G60274JN	N-linked	complex
G60215UL	N-linked	complex
G60012HO	N-linked	complex
G60330MA	N-linked	complex
G59970QL	O-linked	core 2
G59983FU	N-linked	complex
G60415BS	N-linked	
G60103QI	N-linked	complex
G60341PX	O-linked	core 2
G59999BN	O-linked	core 2
G60230HH	N-linked	
G60320IS	N-linked	complex
G60227QI	N-linked	complex
G60413OP	N-linked	complex
G59984BF	N-linked	complex
G60692DB	N-linked	
G60439QY	N-linked	complex
G60799ZL	O-linked	core 2
G60532CM	N-linked	complex
G60949GI	O-linked	core 4
G60615ZD	O-linked	core 2
G60534NQ	N-linked	complex
G60890ZT	O-linked	core 2
G60951JA	N-linked	complex
G60646UB	N-linked	
G60814ZB	N-linked	complex
G60736DD	N-linked	complex
G60829NM	N-linked	complex
G60833BB	O-linked	core 3
G60496YL	N-linked	complex
G60604SE	N-linked	complex
G60705KN	N-linked	complex
G60468EV	N-linked	complex
G60542VK	N-linked	complex
G60653VD	N-linked	complex
G60496TU	N-linked	complex
G61456PF	N-linked	
G61088TM	N-linked	complex
G61330YQ	N-linked	
G61086WG	N-linked	
G61334IA	N-linked	
G60956VN	N-linked	complex
G60963AS	N-linked	complex
G61170KL	N-linked	
G61283FH	N-linked	
G60955ML	O-linked	core 3
G61153TX	N-linked	
G61457CY	N-linked	complex
G61207RZ	N-linked	complex
G61702UX	N-linked	high mannose
G61751GZ	N-linked	
G61519GA	N-linked	complex
G61792ET	N-linked	complex
G61838OT	N-linked	complex
G61819UR	N-linked	
G61726TP	N-linked	
G61842MB	N-linked	complex
G61505ZR	N-linked	complex
G61575RT	N-linked	complex
G61730RY	O-linked	core 6
G61706MD	N-linked	complex
G61846BY	N-linked	high mannose
G61831UB	N-linked	complex
G61601ZZ	N-linked	
G61884GF	N-linked	
G61717JN	N-linked	
G61705AR	N-linked	complex
G61866NY	N-linked	complex
G62488UG	N-linked	complex
G62408IZ	N-linked	complex
G61937QU	N-linked	
G62145FH	N-linked	complex
G61886WA	O-linked	core 1
G62088FQ	N-linked	complex
G61903HE	N-linked	complex
G62165AG	N-linked	
G61956VN	N-linked	complex
G62504BU	N-linked	complex
G62364JZ	N-linked	
G62112AO	N-linked	
G62387ZO	N-linked	complex
G62196IB	N-linked	complex
G61941WO	N-linked	complex
G61894MD	N-linked	high mannose
G62469XB	O-linked	core 2
G62464EH	N-linked	complex
G62015ZM	O-linked	core 1
G62091GQ	N-linked	
G62070TZ	O-linked	core 2
G62421QL	N-linked	
G62592GA	N-linked	
G62741IO	O-linked	core 1
G62824TL	O-linked	core 1
G62527ZD	N-linked	complex
G62519IY	N-linked	complex
G62746IY	N-linked	complex
G62768NK	N-linked	
G62517DC	N-linked	complex
G62797OV	N-linked	complex
G62781GE	N-linked	complex
G62836JK	N-linked	complex
G62765SF	N-linked	complex
G62619LG	N-linked	complex
G62808KR	N-linked	
G62826CL	N-linked	complex
G62577TV	O-linked	core 2
G62779OI	N-linked	complex
G62837IG	N-linked	
G63065KG	N-linked	complex
G63170HT	N-linked	
G63166WT	N-linked	complex
G62973JK	N-linked	complex
G62922WK	N-linked	
G63110FE	O-linked	core 1
G63179CS	N-linked	
G63208BT	N-linked	complex
G63035DM	N-linked	high mannose
G63242HY	O-linked	core 1
G63188OY	O-linked	core 2
G63024BG	N-linked	
G63046OH	N-linked	
G63065ZE	N-linked	complex
G62968IF	N-linked	complex
G63100CN	N-linked	complex
G63617UP	N-linked	complex
G63337SS	N-linked	high mannose
G63480NF	N-linked	complex
G63665MU	N-linked	complex
G63714PL	N-linked	complex
G63565MO	N-linked	complex
G63411NB	N-linked	
G63469RX	N-linked	complex
G63640QH	N-linked	complex
G63585HN	N-linked	complex
G63717SU	O-linked	core 1
G63413QV	N-linked	complex
G63679SF	N-linked	complex
G63333DU	N-linked	complex
G63547QM	N-linked	complex
G63664GB	O-linked	core 1
G64334QQ	N-linked	
G64048GU	N-linked	complex
G64098MP	N-linked	complex
G64132UH	N-linked	
G64330NA	N-linked	hybrid
G63814RL	N-linked	
G64144LP	N-linked	high mannose
G63889NK	N-linked	complex
G63838JW	N-linked	hybrid
G63821SF	N-linked	complex
G63919RG	N-linked	complex
G64098LT	N-linked	
G64161CC	N-linked	
G63820GM	N-linked	
G64165TJ	O-linked	core 1
G64384IL	N-linked	complex
G64803AP	N-linked	
G64706DG	N-linked	complex
G64604UL	O-linked	core 1
G64803HZ	N-linked	
G64713KE	N-linked	high mannose
G64538ZR	N-linked	complex
G64618XR	N-linked	complex
G64485VT	O-linked	core 2
G64662SH	N-linked	complex
G64687ON	N-linked	complex
G64666BO	N-linked	complex
G64633BH	N-linked	complex
G64418SR	N-linked	complex
G64693IG	N-linked	complex
G64468KS	N-linked	
G64501OO	N-linked	complex
G64411TU	N-linked	
G64481DJ	N-linked	
G64669AQ	N-linked	complex
G65239SF	N-linked	complex
G64823DM	N-linked	complex
G64856PW	N-linked	
G65030HB	N-linked	high mannose
G65243FP	N-linked	complex
G64979EW	N-linked	
G65186XA	N-linked	
G64827NU	N-linked	complex
G65191ST	O-linked	core 1
G64894MA	N-linked	complex
G65226QM	N-linked	complex
G64828QT	N-linked	complex
G64973KT	O-linked	core 2
G64860JV	N-linked	complex
G65219TP	N-linked	
G64857LW	N-linked	complex
G65307GS	N-linked	complex
G65518IK	N-linked	high mannose
G65597BI	N-linked	complex
G65697SK	N-linked	complex
G65703ID	N-linked	
G65464PI	N-linked	complex
G65365UP	N-linked	
G65370RS	N-linked	high mannose
G65668CK	N-linked	
G65419YA	N-linked	complex
G65449BO	N-linked	complex
G65515HD	N-linked	
G65508FE	N-linked	complex
G65550TC	N-linked	
G65617KZ	N-linked	complex
G65356DX	N-linked	complex
G65294YU	N-linked	complex
G65340BF	N-linked	complex
G65562ZE	O-linked	core 1
G65850ES	N-linked	complex
G66106WQ	N-linked	complex
G65761WK	N-linked	complex
G65945PP	N-linked	complex
G65867II	N-linked	complex
G65760UO	N-linked	complex
G65825CX	N-linked	
G66162WI	O-linked	core 3
G65832JS	N-linked	complex
G65840VR	N-linked	complex
G65890UA	N-linked	hybrid
G66129DI	N-linked	hybrid
G65896IX	N-linked	
G65893EZ	N-linked	hybrid
G65835SY	N-linked	
G65796FM	N-linked	complex
G66153IB	N-linked	complex
G66111ZR	N-linked	complex
G65937EW	N-linked	
G66116BW	N-linked	hybrid
G65984FE	N-linked	complex
G66122ZT	N-linked	complex
G65799WV	N-linked	complex
G66348MF	N-linked	complex
G66653BX	N-linked	complex
G66512FS	O-linked	core 2
G66375VY	N-linked	complex
G66655HQ	N-linked	complex
G66629ZO	N-linked	complex
G66286WQ	N-linked	complex
G66488GE	N-linked	
G66602EI	N-linked	complex
G66362JB	N-linked	complex
G66282NU	N-linked	complex
G66474IG	N-linked	complex
G66211LT	N-linked	high mannose
G66504LK	N-linked	complex
G66360FX	O-linked	core 2
G66513RC	N-linked	complex
G66661ZY	N-linked	complex
G66377OH	N-linked	complex
G66184ZO	O-linked	core 4
G66489LJ	O-linked	core 2
G66932MV	N-linked	complex
G67079AO	N-linked	complex
G66665YI	N-linked	complex
G66992XO	N-linked	complex
G66874PY	N-linked	complex
G66825OG	N-linked	complex
G66868ST	N-linked	complex
G67045LB	N-linked	complex
G66866LE	N-linked	complex
G66675LM	N-linked	
G66741YQ	N-linked	complex
G66669IY	O-linked	core 2
G67066JI	N-linked	complex
G66847YI	N-linked	complex
G66728LX	N-linked	
G66751BK	N-linked	complex
G66937TJ	N-linked	complex
G66998OZ	N-linked	complex
G67610IY	N-linked	complex
G67342MA	N-linked	complex
G67362UI	N-linked	complex
G67196QU	N-linked	complex
G67223RN	N-linked	complex
G67536FA	N-linked	complex
G67411ST	N-linked	complex
G67608DN	N-linked	complex
G67642SS	N-linked	complex
G67628PC	N-linked	high mannose
G67410LQ	N-linked	complex
G67549HD	N-linked	complex
G67393WG	N-linked	
G67656PN	N-linked	complex
G67191UH	N-linked	hybrid
G67323SW	N-linked	complex
G67612NO	N-linked	complex
G67173FM	N-linked	complex
G67534LV	N-linked	complex
G68043NM	N-linked	
G68194UU	N-linked	complex
G67971GL	N-linked	high mannose
G67942CH	N-linked	complex
G67924FL	N-linked	high mannose
G68059HB	N-linked	complex
G67767BR	N-linked	complex
G68203DZ	N-linked	complex
G68175NA	N-linked	
G67898UK	N-linked	complex
G68189FR	N-linked	complex
G67915MO	N-linked	complex
G68758PE	N-linked	complex
G68892PJ	N-linked	complex
G68651MF	N-linked	complex
G68679LW	N-linked	complex
G68318SH	N-linked	complex
G68395LV	N-linked	
G68668TB	N-linked	high mannose
G68817WF	N-linked	complex
G68283NG	N-linked	complex
G68253RD	O-linked	core 4
G68310DT	N-linked	complex
G68354TY	N-linked	complex
G68698AP	N-linked	
G68866GS	N-linked	complex
G68209WQ	N-linked	
G68801RI	N-linked	complex
G68427CL	N-linked	hybrid
G68845SP	N-linked	complex
G68893BQ	O-linked	core 2
G69175BJ	N-linked	complex
G68969GZ	N-linked	
G68957QP	N-linked	
G69083KH	N-linked	complex
G69121YI	N-linked	complex
G68946DB	N-linked	complex
G69060LX	N-linked	complex
G69303AY	N-linked	complex
G68907ZA	N-linked	complex
G68991BW	N-linked	complex
G69298OC	N-linked	high mannose
G69236TQ	N-linked	
G69164YL	N-linked	complex
G69062KW	N-linked	complex
G69319YQ	N-linked	complex
G69170UT	N-linked	complex
G69480BN	N-linked	
G69964CA	N-linked	complex
G69905CP	N-linked	complex
G69957XS	N-linked	complex
G69813CQ	N-linked	complex
G69485SE	N-linked	complex
G69575FS	N-linked	complex
G69725KG	N-linked	complex
G69985ZX	N-linked	complex
G69976JD	N-linked	complex
G69762CO	O-linked	core 2
G69672LF	N-linked	complex
G69912LP	N-linked	complex
G69411IG	N-linked	
G69461KL	N-linked	complex
G69987TD	N-linked	
G70081QS	N-linked	complex
G70301QJ	N-linked	complex
G70258ML	N-linked	
G70059SD	N-linked	complex
G70442IZ	N-linked	complex
G70072FZ	N-linked	complex
G70236HL	N-linked	complex
G70073SG	N-linked	
G70387YT	N-linked	
G70194YY	N-linked	complex
G70444FA	O-linked	core 1
G70076VV	N-linked	complex
G70081SZ	N-linked	complex
G70339XQ	N-linked	
G70052MF	N-linked	hybrid
G70246WA	N-linked	
G70382WT	N-linked	complex
G70881GL	N-linked	complex
G70538OR	O-linked	core 1
G70927FR	N-linked	complex
G70590VH	O-linked	core 4
G70490JW	N-linked	complex
G70708LW	N-linked	complex
G70830AN	N-linked	complex
G70800WO	N-linked	complex
G70851FQ	N-linked	complex
G70548CP	N-linked	complex
G70859XP	N-linked	complex
G70617CF	N-linked	complex
G70681VG	N-linked	high mannose
G70494TJ	N-linked	complex
G70520DS	N-linked	complex
G70511VE	N-linked	complex
G70642RS	N-linked	
G71269BI	N-linked	complex
G70958LU	N-linked	complex
G70945OS	N-linked	complex
G71063DT	N-linked	complex
G71156OO	N-linked	complex
G71125UE	N-linked	complex
G71409LF	O-linked	core 4
G71013KY	N-linked	complex
G71356JZ	N-linked	complex
G71360BB	N-linked	complex
G71367OV	N-linked	complex
G71153ZE	N-linked	high mannose
G71332MU	N-linked	complex
G71320DE	N-linked	complex
G71146MY	N-linked	
G71105IW	N-linked	complex
G70947EQ	N-linked	complex
G71071YT	N-linked	
G71296WI	N-linked	complex
G71094TJ	N-linked	complex
G71338QU	O-linked	core 3
G71121NN	O-linked	core 2
G71307CC	O-linked	core 2
G71506JZ	O-linked	core 2
G71549XT	N-linked	
G71856VM	N-linked	complex
G71602GO	N-linked	complex
G71906BW	N-linked	complex
G71857KQ	N-linked	complex
G71782CJ	N-linked	complex
G71812IK	N-linked	complex
G71714EQ	N-linked	
G71679MX	N-linked	complex
G71832QJ	O-linked	core 1
G71470CO	N-linked	hybrid
G71630AZ	O-linked	core 2
G71704AG	N-linked	complex
G71766ZW	O-linked	core 2
G71652FK	N-linked	complex
G71690HK	N-linked	complex
G71451NN	N-linked	complex
G71527NE	N-linked	
G71918HH	N-linked	complex
G71479BM	N-linked	complex
G71865NO	N-linked	complex
G72085DL	N-linked	complex
G72221XM	N-linked	complex
G72260GO	N-linked	complex
G72012QU	N-linked	
G72108VJ	N-linked	
G72128LZ	N-linked	complex
G72103RY	N-linked	
G72079JG	N-linked	high mannose
G71919QK	N-linked	complex
G72008IY	O-linked	core 1
G72353NN	N-linked	complex
G72011DH	N-linked	complex
G71957GO	N-linked	complex
G72131JM	N-linked	complex
G72300VE	N-linked	complex
G72309KR	N-linked	
G72125QI	N-linked	complex
G72304KR	O-linked	core 4
G72580QS	N-linked	complex
G72356JA	N-linked	complex
G72369ZI	N-linked	complex
G72460OS	N-linked	complex
G72407WU	N-linked	complex
G72475NE	N-linked	complex
G72662IG	N-linked	complex
G72718TT	N-linked	complex
G72687GQ	N-linked	complex
G72698LT	N-linked	complex
G72533FB	N-linked	complex
G72406BE	N-linked	complex
G72356VO	N-linked	complex
G72626YH	N-linked	high mannose
G73162HV	N-linked	
G73367DT	N-linked	
G72758WN	N-linked	complex
G72905QH	N-linked	complex
G73211XU	N-linked	complex
G73057DA	N-linked	
G72954XC	N-linked	complex
G72851IY	N-linked	
G72821WX	N-linked	
G73323VU	O-linked	core 2
G73408MO	N-linked	complex
G73271AZ	N-linked	complex
G73418FX	N-linked	complex
G72914LC	O-linked	core 1
G72974NP	N-linked	complex
G73308YY	N-linked	complex
G72952WX	N-linked	complex
G73302KW	N-linked	complex
G72919IM	N-linked	complex
G73073LQ	N-linked	complex
G73866ZM	N-linked	complex
G73836ED	N-linked	complex
G74066YL	N-linked	high mannose
G73582RP	O-linked	core 3
G73752AL	N-linked	complex
G73971ME	O-linked	core 3
G73825BL	N-linked	complex
G73896IF	N-linked	high mannose
G73517CY	N-linked	complex
G73991ZU	O-linked	core 3
G73930OK	N-linked	complex
G73539WK	N-linked	complex
G73763NQ	N-linked	complex
G74004KO	N-linked	high mannose
G73492AT	N-linked	complex
G73907HE	N-linked	complex
G74090KZ	N-linked	
G73439VG	N-linked	complex
G73683LQ	N-linked	complex
G74312RU	N-linked	complex
G74300EL	N-linked	
G74325TG	N-linked	complex
G74320MK	N-linked	
G74239ZQ	N-linked	complex
G74120DW	N-linked	complex
G74268SC	N-linked	
G74364UH	N-linked	complex
G74264KM	N-linked	complex
G74111QE	N-linked	
G74290AC	N-linked	hybrid
G74388OG	N-linked	
G74369SL	N-linked	complex
G74248TD	N-linked	hybrid
G74429YM	N-linked	complex
G74111MH	N-linked	
G74498IP	N-linked	complex
G74438AB	N-linked	complex
G75052YA	N-linked	
G74838NI	N-linked	complex
G74608QW	N-linked	complex
G74933IS	N-linked	high mannose
G74716XL	N-linked	complex
G74645FT	N-linked	complex
G75097MF	N-linked	complex
G74928QN	N-linked	complex
G74574VX	N-linked	complex
G74837KH	N-linked	complex
G74809AE	N-linked	high mannose
G74859XI	N-linked	complex
G75049FP	N-linked	complex
G74975UG	O-linked	core 2
G75082OS	N-linked	complex
G74910NC	N-linked	
G74910CR	N-linked	
G74674RX	N-linked	
G74855SC	O-linked	core 1
G74916CC	N-linked	
G75381NI	N-linked	complex
G75120WS	N-linked	complex
G75318VB	N-linked	complex
G75308SV	N-linked	complex
G75398ZA	N-linked	complex
G75494EI	N-linked	
G75269BP	N-linked	complex
G75303RX	N-linked	complex
G75439BK	N-linked	complex
G75185NU	N-linked	complex
G75841HO	N-linked	high mannose
G75704ZB	N-linked	complex
G75977KH	N-linked	complex
G75595FQ	N-linked	complex
G75902JL	N-linked	complex
G75839SN	N-linked	complex
G75586OT	O-linked	core 2
G75839LJ	N-linked	high mannose
G75594YZ	N-linked	complex
G75584LU	N-linked	complex
G75599HG	O-linked	core 2
G75712YX	N-linked	complex
G75824WJ	N-linked	complex
G75734VP	N-linked	complex
G75701BM	N-linked	complex
G75825ZR	N-linked	complex
G75903TQ	N-linked	complex
G75937YG	N-linked	complex
G75687SF	O-linked	core 2
G75850OP	N-linked	complex
G75671DO	N-linked	complex
G75817RU	N-linked	complex
G75896PD	N-linked	hybrid
G75798PH	N-linked	
G76012OT	N-linked	complex
G76136FD	N-linked	complex
G76478FT	N-linked	complex
G76431SN	O-linked	core 3
G76285RN	N-linked	
G76489QB	N-linked	complex
G76389HC	O-linked	core 2
G76104SB	O-linked	core 1
G76154QC	O-linked	core 1
G76481US	O-linked	core 4
G76294TY	N-linked	complex
G76200OU	O-linked	core 1
G76036GS	O-linked	core 3
G76519VT	N-linked	
G76241TN	N-linked	complex
G76384QV	N-linked	complex
G76073FF	N-linked	complex
G77122IZ	N-linked	complex
G76931AL	N-linked	complex
G77058YR	N-linked	complex
G76907BP	N-linked	high mannose
G76924RW	N-linked	
G77174TF	N-linked	complex
G76582OA	N-linked	complex
G77157XU	N-linked	
G76666KS	N-linked	high mannose
G76945TE	N-linked	complex
G77038WW	N-linked	complex
G76679QH	N-linked	complex
G76583MP	N-linked	complex
G77177HT	N-linked	complex
G76702YY	N-linked	
G77149EE	N-linked	complex
G76675AB	N-linked	complex
G77166ST	N-linked	complex
G76705RJ	N-linked	complex
G76705YY	N-linked	complex
G76882CO	N-linked	
G76710EM	N-linked	hybrid
G77085GN	N-linked	
G77396HT	N-linked	complex
G77503IE	O-linked	core 2
G77479VH	N-linked	
G77208XM	O-linked	core 4
G77244ZA	N-linked	complex
G77608VQ	N-linked	complex
G77207RR	N-linked	complex
G77498XG	N-linked	complex
G77384FE	N-linked	complex
G77198CF	N-linked	hybrid
G77475MM	N-linked	complex
G77252PU	N-linked	complex
G77282MO	N-linked	complex
G77915WT	O-linked	core 3
G78000JX	N-linked	complex
G78030KJ	N-linked	complex
G78019KD	N-linked	
G78071LY	N-linked	complex
G78011OA	O-linked	core 2
G77805RB	N-linked	complex
G77964WB	N-linked	
G77812KJ	N-linked	complex
G78059CC	N-linked	complex
G78003VE	N-linked	complex
G78098GH	N-linked	complex
G77861QN	N-linked	complex
G78056MI	O-linked	core 2
G77639OD	N-linked	complex
G78155FK	N-linked	complex
G78445JO	N-linked	high mannose
G78108ZM	O-linked	core 3
G78325SJ	N-linked	
G78436BB	O-linked	core 1
G78194GB	N-linked	complex
G78276SQ	N-linked	complex
G78280YO	N-linked	high mannose
G78434AN	N-linked	complex
G78368CZ	N-linked	
G78342SP	N-linked	
G78391CU	N-linked	complex
G78173WX	N-linked	complex
G78848UG	N-linked	complex
G78890OB	N-linked	complex
G79198HM	N-linked	complex
G78727VW	N-linked	
G78768PN	O-linked	core 1
G79083TY	O-linked	core 2
G78956IC	N-linked	complex
G78885XB	N-linked	
G79037RU	N-linked	complex
G78695LF	N-linked	complex
G79066FM	N-linked	complex
G79172UW	N-linked	
G79083TK	N-linked	complex
G78980OK	N-linked	hybrid
G79084MU	N-linked	complex
G78813BX	N-linked	complex
G78992FU	O-linked	core 2
G78681QL	N-linked	complex
G78768UQ	N-linked	complex
G78944YP	N-linked	complex
G79018NX	N-linked	complex
G79368CP	N-linked	complex
G79215ZS	N-linked	complex
G79345TW	N-linked	complex
G79520GQ	N-linked	complex
G79499QH	N-linked	
G79348ZY	N-linked	complex
G79556AB	N-linked	complex
G79565XA	N-linked	complex
G79457WN	N-linked	complex
G79595QQ	N-linked	complex
G79404OF	N-linked	complex
G79578JB	N-linked	complex
G79351ZW	N-linked	complex
G79249GP	N-linked	
G79344MI	N-linked	complex
G79369FE	N-linked	complex
G79518SC	N-linked	complex
G79781PS	N-linked	
G79996DQ	N-linked	complex
G79702QE	N-linked	complex
G79809MM	N-linked	complex
G79745PG	N-linked	
G79794WE	N-linked	complex
G79713BZ	N-linked	hybrid
G79973CM	N-linked	complex
G79815MA	N-linked	complex
G79939YZ	N-linked	
G79915IB	O-linked	core 4
G80085KS	N-linked	complex
G80098ET	N-linked	complex
G79916NT	N-linked	complex
G79803HS	N-linked	complex
G79924QN	N-linked	complex
G79804QG	N-linked	complex
G79950YS	N-linked	complex
G79810PX	N-linked	hybrid
G79852UE	N-linked	complex
G79726HB	N-linked	
G80147HT	O-linked	core 2
G80264ZA	N-linked	complex
G80298HR	N-linked	complex
G80343LW	N-linked	complex
G80200DN	N-linked	complex
G80393PG	N-linked	complex
G80163ME	N-linked	complex
G80176YK	O-linked	core 4
G80537QW	N-linked	complex
G80319WU	N-linked	complex
G80147LG	N-linked	complex
G80202YF	N-linked	complex
G80268ZC	N-linked	complex
G80513FH	N-linked	
G80510YA	N-linked	complex
G80294GH	N-linked	complex
G81085EP	N-linked	complex
G80858MF	N-linked	complex
G81096RM	N-linked	complex
G80966KZ	N-linked	high mannose
G80759CD	N-linked	complex
G80583XN	N-linked	
G81121OC	N-linked	complex
G80654ZK	N-linked	complex
G80552MJ	N-linked	complex
G80678MA	N-linked	
G81153QC	N-linked	complex
G80943NY	N-linked	complex
G80650PW	N-linked	
G81114MS	N-linked	complex
G80637VS	N-linked	complex
G81247ZO	N-linked	
G81459MV	N-linked	complex
G81356WP	N-linked	complex
G81328FA	N-linked	complex
G81294ZY	N-linked	complex
G81282CC	N-linked	complex
G81397LO	N-linked	complex
G81333SO	N-linked	complex
G81253FL	N-linked	complex
G81466NG	O-linked	core 1
G81303NJ	O-linked	core 2
G81356NS	N-linked	high mannose
G81413UE	N-linked	complex
G81430ON	N-linked	complex
G81349OI	N-linked	complex
G81358TE	N-linked	complex
G82020ZR	N-linked	high mannose
G81738MQ	N-linked	complex
G81832XS	O-linked	core 1
G81877PA	N-linked	complex
G81529JB	N-linked	complex
G81554CS	N-linked	complex
G81773GO	N-linked	complex
G81980VO	N-linked	
G81933FO	N-linked	high mannose
G81873QA	N-linked	complex
G81541IU	O-linked	core 2
G81561UL	N-linked	complex
G81923ER	N-linked	complex
G81581UV	N-linked	
G81528UX	N-linked	complex
G82033VN	N-linked	complex
G81915YU	N-linked	complex
G82207VX	N-linked	high mannose
G82529OA	N-linked	
G82348BZ	N-linked	
G82320NZ	N-linked	complex
G82514MH	N-linked	
G82420SH	N-linked	complex
G82252QI	N-linked	complex
G82368PU	N-linked	complex
G82410AF	N-linked	complex
G82405LP	N-linked	
G82126PQ	N-linked	complex
G82138AT	N-linked	
G82393PY	N-linked	complex
G82195FD	N-linked	complex
G82221BU	N-linked	complex
G82050MN	N-linked	complex
G82417CI	N-linked	complex
G82081LV	N-linked	
G82458BB	N-linked	complex
G82312JY	N-linked	complex
G82487CR	N-linked	complex
G82169SQ	N-linked	complex
G82622JD	N-linked	
G82868SO	N-linked	
G82779CI	N-linked	complex
G82639GQ	N-linked	complex
G82861UH	N-linked	complex
G82845MH	N-linked	complex
G82761BO	N-linked	complex
G82801WV	N-linked	complex
G82724NW	N-linked	complex
G82942ZJ	N-linked	hybrid
G82680EC	N-linked	
G82864KM	N-linked	complex
G82829MF	N-linked	complex
G82719GT	N-linked	complex
G82572FN	N-linked	complex
G82730QA	N-linked	complex
G82763XK	N-linked	complex
G82811EP	N-linked	complex
G82664ZC	N-linked	complex
G82605IU	N-linked	
G82894XV	N-linked	complex
G82853YO	N-linked	complex
G83022ZQ	N-linked	complex
G83092KU	O-linked	core 2
G83209DI	N-linked	complex
G83009TH	N-linked	
G83134ZR	O-linked	core 2
G83295QG	N-linked	
G83106XM	N-linked	complex
G83161QT	N-linked	high mannose
G83213GG	N-linked	
G83425EJ	N-linked	complex
G83312UD	N-linked	high mannose
G83402YY	N-linked	complex
G83062JW	N-linked	complex
G82950HY	O-linked	core 2
G83273JI	N-linked	
G83252PW	N-linked	complex
G83006TR	N-linked	complex
G83386PJ	N-linked	complex
G83313BI	N-linked	complex
G83600PQ	N-linked	high mannose
G83455QZ	N-linked	complex
G83644CC	N-linked	complex
G83945MQ	N-linked	complex
G83689NL	N-linked	complex
G83635VI	N-linked	complex
G83737UD	N-linked	complex
G83540SE	N-linked	complex
G83926PC	N-linked	complex
G83582BK	N-linked	
G83833IM	O-linked	core 1
G83461WR	N-linked	complex
G83480KI	N-linked	complex
G83754KL	O-linked	core 2
G83709GS	N-linked	complex
G83717YJ	N-linked	complex
G84167AV	N-linked	complex
G84287MH	N-linked	complex
G84390MS	N-linked	complex
G83958MI	N-linked	
G84163ZT	N-linked	complex
G83948CA	N-linked	
G84186YN	N-linked	complex
G84153KU	N-linked	complex
G84228AV	N-linked	complex
G84376FR	N-linked	complex
G84362VL	N-linked	
G84329MX	N-linked	complex
G84155GY	N-linked	
G84331QL	N-linked	
G84108IZ	N-linked	complex
G84260SO	N-linked	complex
G84368MT	N-linked	complex
G84778XH	N-linked	complex
G84495HF	N-linked	complex
G84678BK	N-linked	complex
G84536BM	N-linked	complex
G84622HC	N-linked	
G84504LI	N-linked	complex
G84756CG	N-linked	complex
G84874EV	N-linked	complex
G84712FX	N-linked	complex
G84674JQ	N-linked	complex
G84852GW	N-linked	
G84811LS	N-linked	
G84882JT	N-linked	complex
G84467IZ	N-linked	complex
G84558OA	N-linked	complex
G84777MO	N-linked	complex
G84753IL	N-linked	complex
G84901UD	N-linked	complex
G84975VY	N-linked	complex
G85101OA	N-linked	complex
G85041WE	N-linked	
G85545IG	N-linked	complex
G85116XO	N-linked	complex
G85302NF	O-linked	core 2
G85159UF	N-linked	
G85544LX	N-linked	
G85095TB	N-linked	complex
G85250EQ	N-linked	
G85422ZY	N-linked	complex
G85542KD	N-linked	complex
G85284LO	O-linked	core 2
G84964KJ	N-linked	complex
G85260RY	N-linked	complex
G85425ER	N-linked	high mannose
G84908OR	N-linked	complex
G85545QE	O-linked	core 4
G85121UD	N-linked	hybrid
G85471HV	N-linked	complex
G85458AY	N-linked	complex
G85046IS	N-linked	complex
G85106DS	N-linked	complex
G85460ZG	N-linked	
G85714GY	O-linked	core 3
G85652EW	N-linked	complex
G85721WE	O-linked	core 3
G86005HP	N-linked	complex
G85755BV	N-linked	complex
G85599NG	N-linked	
G85767HW	N-linked	complex
G85709JZ	N-linked	complex
G85652RK	N-linked	complex
G85895SP	N-linked	
G85608AG	O-linked	core 2
G85882GP	N-linked	complex
G86002PC	N-linked	
G85737WG	N-linked	
G85678WN	N-linked	complex
G86487TG	N-linked	complex
G86280ZQ	N-linked	complex
G86102AA	N-linked	complex
G86357DX	N-linked	complex
G86102WJ	N-linked	complex
G86385RC	N-linked	high mannose
G86294KR	N-linked	complex
G86053IC	N-linked	high mannose
G86377KB	N-linked	complex
G86414TE	N-linked	complex
G86475BX	N-linked	complex
G86095OE	N-linked	complex
G86386QT	N-linked	
G86199GK	O-linked	core 2
G86704VD	N-linked	complex
G86504RY	N-linked	complex
G86837CD	N-linked	complex
G86781KH	N-linked	complex
G86495BQ	N-linked	complex
G86522OD	N-linked	complex
G86750HK	N-linked	complex
G86730KO	N-linked	complex
G86770JF	N-linked	complex
G86606NT	N-linked	complex
G86681BW	N-linked	complex
G86490WA	N-linked	complex
G86632ZU	N-linked	complex
G86582QF	N-linked	
G86517XT	N-linked	complex
G86753CK	N-linked	complex
G86696LV	N-linked	complex
G86555OF	N-linked	hybrid
G87377KZ	N-linked	complex
G87377GM	N-linked	complex
G87308QC	N-linked	
G86928UZ	N-linked	complex
G87073UP	N-linked	complex
G87418CY	N-linked	
G87107PF	N-linked	complex
G87320GN	N-linked	hybrid
G87124HX	N-linked	complex
G87217OF	N-linked	complex
G87138HL	N-linked	high mannose
G87136DV	N-linked	complex
G87309GS	N-linked	complex
G87273JO	N-linked	complex
G87256FP	O-linked	core 1
G86912FM	N-linked	complex
G86881ZW	N-linked	complex
G87819IQ	O-linked	core 1
G87889NL	N-linked	high mannose
G87937HR	N-linked	complex
G87908HE	N-linked	complex
G87535DG	N-linked	complex
G87777GG	N-linked	
G87784HD	N-linked	high mannose
G87645JA	N-linked	complex
G87633UQ	N-linked	complex
G87773EB	N-linked	
G87668ED	N-linked	
G87433AX	N-linked	complex
G87802WG	N-linked	
G87887TB	N-linked	complex
G87921DA	N-linked	complex
G87854BA	N-linked	complex
G87695KR	N-linked	complex
G87457SB	N-linked	complex
G87557PZ	N-linked	
G87947EJ	N-linked	
G87618BG	N-linked	high mannose
G88382QE	N-linked	complex
G88127MB	N-linked	complex
G88242BL	N-linked	complex
G88435TS	N-linked	
G88380UG	N-linked	complex
G88313DY	O-linked	core 1
G88321DT	N-linked	complex
G88122ZQ	N-linked	complex
G88027AL	N-linked	complex
G88421PE	N-linked	
G88334IC	N-linked	
G88433PA	N-linked	
G88310CR	N-linked	complex
G88417ED	N-linked	complex
G88068QT	N-linked	complex
G89036WC	N-linked	
G88784SV	N-linked	
G88948CY	N-linked	complex
G88800UV	N-linked	complex
G88749TS	N-linked	complex
G88500SX	N-linked	complex
G88495BI	N-linked	complex
G88582ZD	N-linked	complex
G88641WO	N-linked	high mannose
G88884NJ	N-linked	complex
G88461FF	N-linked	complex
G88455FN	N-linked	
G88734GE	N-linked	complex
G88876JQ	N-linked	complex
G88727SH	N-linked	
G88537BJ	N-linked	complex
G88605BA	N-linked	complex
G89417VQ	N-linked	complex
G89378UY	N-linked	complex
G89364NG	N-linked	complex
G89532GI	N-linked	complex
G89168LM	N-linked	complex
G89144TN	N-linked	complex
G89058HG	O-linked	core 4
G89398MH	O-linked	core 2
G89290XU	N-linked	
G89058RF	N-linked	hybrid
G89325VN	N-linked	complex
G89285QP	N-linked	complex
G89466MK	N-linked	
G89117DH	N-linked	
G89143RS	N-linked	complex
G89370FG	N-linked	
G89498BT	N-linked	complex
G89261EQ	N-linked	complex
G89738LW	N-linked	
G90103MR	O-linked	core 2
G90028HY	N-linked	complex
G89808TP	N-linked	complex
G89970IY	N-linked	complex
G90033AN	N-linked	complex
G89663TB	N-linked	complex
G89864BN	N-linked	high mannose
G90017UO	N-linked	complex
G89993FE	N-linked	complex
G89865CB	N-linked	complex
G89878ZY	N-linked	
G89637WE	N-linked	complex
G89923TD	N-linked	
G89941FZ	N-linked	complex
G89877QI	N-linked	complex
G90130AG	N-linked	complex
G90099GV	N-linked	complex
G89905SH	N-linked	complex
G90107JW	N-linked	high mannose
G89664KV	N-linked	complex
G89799OK	N-linked	complex
G90146ME	O-linked	core 2
G90858SP	N-linked	complex
G90703DJ	N-linked	complex
G90825UM	N-linked	complex
G90509QW	N-linked	complex
G90797SN	N-linked	complex
G90686TN	N-linked	complex
G90789YQ	N-linked	
G90779DH	N-linked	complex
G90712YJ	N-linked	complex
G90784AP	N-linked	complex
G90348RI	N-linked	complex
G90542MP	N-linked	complex
G90870DG	N-linked	complex
G90334GI	O-linked	core 1
G90672BM	N-linked	complex
G90443NH	N-linked	
G90725ZC	N-linked	complex
G90223GH	N-linked	complex
G90717TP	N-linked	complex
G90769IN	N-linked	complex
G90441KT	N-linked	
G90633BY	N-linked	complex
G90987JA	N-linked	complex
G91074JT	N-linked	complex
G91068DJ	N-linked	complex
G90983BT	N-linked	complex
G91151XY	N-linked	complex
G91023GB	N-linked	complex
G91020ZU	N-linked	complex
G90950UC	N-linked	complex
G91130VE	N-linked	
G90889KG	N-linked	complex
G91180QG	N-linked	complex
G90882XB	N-linked	complex
G91337ZP	N-linked	complex
G91390JS	N-linked	complex
G91345JE	N-linked	complex
G91388QD	N-linked	complex
G91312MX	N-linked	complex
G91247WI	N-linked	complex
G91365ZQ	N-linked	complex
G91277HN	N-linked	high mannose
G91599FN	N-linked	complex
G91511MZ	N-linked	complex
G92024SL	N-linked	
G92042VQ	N-linked	high mannose
G91518OM	N-linked	complex
G91413ZX	N-linked	complex
G91704UR	N-linked	high mannose
G92117KA	N-linked	
G91623TN	N-linked	
G91644JA	N-linked	
G91905FJ	N-linked	complex
G92015OM	N-linked	complex
G91471TQ	N-linked	
G92172MH	N-linked	
G92129PT	N-linked	
G91550OH	N-linked	complex
G92188CK	N-linked	high mannose
G92575UZ	N-linked	complex
G92681HQ	N-linked	complex
G92574YO	N-linked	complex
G92296LB	O-linked	core 2
G92358PV	O-linked	core 1
G92612ZM	N-linked	
G92527BY	N-linked	complex
G92734HI	O-linked	core 5
G92570PJ	N-linked	hybrid
G92413DG	N-linked	complex
G92627GM	N-linked	complex
G92534LG	N-linked	
G92594VG	N-linked	complex
G92241FG	N-linked	complex
G92617LF	N-linked	complex
G92383TF	N-linked	high mannose
G92257YN	N-linked	
G92684AL	N-linked	high mannose
G92303LR	N-linked	
G92320PF	N-linked	complex
G92219PK	N-linked	complex
G92337QR	N-linked	complex
G92777SG	N-linked	complex
G93164KQ	N-linked	hybrid
G92821YI	N-linked	complex
G93374GV	N-linked	complex
G93284HQ	N-linked	complex
G93310KW	N-linked	
G93320VA	N-linked	complex
G92848CF	N-linked	complex
G92848QA	N-linked	
G93279TH	N-linked	complex
G93141AZ	N-linked	complex
G93204KY	N-linked	complex
G93450TT	N-linked	
G93088EE	N-linked	high mannose
G92908SH	N-linked	
G93029JO	N-linked	complex
G92805XC	N-linked	
G93446UA	N-linked	complex
G93044HC	N-linked	complex
G93148GC	N-linked	complex
G93152RZ	N-linked	complex
G93324RN	N-linked	complex
G92974UU	N-linked	high mannose
G93470LV	O-linked	core 1
G93839ET	N-linked	complex
G93624ZP	N-linked	complex
G93780IW	N-linked	complex
G93520MA	O-linked	core 1
G93758YP	N-linked	complex
G93575MM	N-linked	high mannose
G93856AJ	N-linked	complex
G93646CO	N-linked	complex
G93707PO	N-linked	hybrid
G93520OM	O-linked	core 2
G93516TF	N-linked	
G93460NV	N-linked	
G93720QH	N-linked	complex
G93746CY	N-linked	complex
G93819BH	N-linked	
G93500PH	N-linked	complex
G93638BI	N-linked	complex
G93788SW	N-linked	complex
G93922AL	N-linked	complex
G94394GK	N-linked	complex
G94363RH	N-linked	complex
G94047VH	N-linked	complex
G93912GK	N-linked	
G93993PD	N-linked	high mannose
G94156YI	N-linked	
G93899AU	N-linked	complex
G94019IV	N-linked	complex
G93999ON	N-linked	
G93861MS	N-linked	complex
G94373HA	N-linked	
G94045IP	N-linked	complex
G94141FZ	N-linked	complex
G94116NC	N-linked	complex
G93906VI	N-linked	complex
G94423NC	N-linked	complex
G93860XO	N-linked	
G94163JU	N-linked	
G94163JZ	N-linked	complex
G94748CQ	N-linked	high mannose
G94806YM	N-linked	complex
G94531EZ	N-linked	complex
G94736EY	N-linked	complex
G94610SC	N-linked	complex
G94733WZ	N-linked	complex
G94449IF	N-linked	
G94734OT	N-linked	
G94718HG	N-linked	
G94566ZN	O-linked	core 3
G94804ZC	N-linked	complex
G94705OR	O-linked	core 1
G94809SW	N-linked	complex
G94481KZ	N-linked	high mannose
G94626AX	N-linked	complex
G94435QH	O-linked	core 1
G94816EL	N-linked	complex
G94926TV	N-linked	complex
G95166FG	N-linked	
G94876HV	N-linked	complex
G94979RS	N-linked	complex
G95382MF	N-linked	
G94946LG	N-linked	complex
G95227SJ	N-linked	high mannose
G95333ZG	N-linked	complex
G95251MI	N-linked	complex
G95109CV	N-linked	complex
G95298UR	N-linked	complex
G95393JS	N-linked	
G95440SV	N-linked	complex
G95335FK	N-linked	complex
G95260HV	N-linked	complex
G95186HE	N-linked	complex
G95151JF	O-linked	core 2
G95222PD	N-linked	complex
G95658PH	N-linked	complex
G95677OZ	N-linked	high mannose
G95617FJ	N-linked	complex
G95924JX	N-linked	complex
G95660LN	N-linked	
G95542JQ	N-linked	complex
G95898GD	N-linked	complex
G95919TI	N-linked	complex
G95490LA	N-linked	complex
G95786NX	N-linked	
G95910WJ	N-linked	complex
G95713LQ	N-linked	high mannose
G95536UW	N-linked	complex
G95861KV	N-linked	complex
G95788IL	N-linked	complex
G95901MC	N-linked	
G95575GS	N-linked	
G95473VJ	N-linked	complex
G95655OA	N-linked	
G95695ZV	N-linked	complex
G96175KT	N-linked	complex
G96095QD	N-linked	complex
G96349RY	O-linked	core 4
G96024GG	N-linked	high mannose
G96223WK	N-linked	complex
G96235XM	N-linked	complex
G96091LW	N-linked	complex
G96081GH	N-linked	complex
G95952ST	N-linked	
G95994EE	N-linked	complex
G96122UB	N-linked	complex
G95984JN	N-linked	
G95956WE	N-linked	
G95997CK	N-linked	complex
G96004HC	N-linked	complex
G96063MG	N-linked	complex
G96079KC	N-linked	complex
G96057TO	O-linked	core 1
G95963DM	N-linked	high mannose
G96153DN	N-linked	high mannose
G96113SZ	N-linked	complex
G96079QX	N-linked	complex
G96017QA	O-linked	core 2
G96794ZC	N-linked	complex
G96852FA	N-linked	complex
G96579KL	N-linked	complex
G96861IW	N-linked	complex
G96674LJ	N-linked	complex
G96417PJ	N-linked	
G96771UL	N-linked	
G96894DL	N-linked	complex
G96768SN	N-linked	
G96463EY	O-linked	core 2
G96370EB	N-linked	
G96503EZ	N-linked	complex
G96719MC	N-linked	complex
G97109LT	N-linked	complex
G97423PY	N-linked	
G97130PD	N-linked	complex
G96988DW	N-linked	complex
G97453GF	N-linked	complex
G96963QG	N-linked	complex
G96896RL	N-linked	complex
G97455PT	N-linked	high mannose
G97352VJ	N-linked	complex
G96919WB	N-linked	complex
G96921ZU	N-linked	complex
G97452SL	O-linked	core 3
G97023FS	N-linked	
G96916QO	N-linked	complex
G97123TW	N-linked	complex
G97028UT	N-linked	
G97083VO	O-linked	core 3
G97317HP	N-linked	complex
G96906RY	N-linked	
G97185IQ	N-linked	complex
G96932XT	N-linked	complex
G97292GW	N-linked	high mannose
G97709WW	N-linked	complex
G98207CW	N-linked	complex
G98140IX	N-linked	
G97842ZO	N-linked	complex
G97938ZK	N-linked	high mannose
G98115AV	N-linked	complex
G98030BR	N-linked	complex
G97548TA	N-linked	complex
G97523ON	N-linked	complex
G98217YG	N-linked	complex
G98132BH	N-linked	complex
G97575FW	N-linked	hybrid
G98066UT	N-linked	complex
G97832IV	N-linked	complex
G98212GQ	N-linked	complex
G97674NY	N-linked	complex
G97948YW	N-linked	complex
G98073MH	O-linked	core 2
G97765TT	N-linked	complex
G97720QM	N-linked	
G97895RK	N-linked	complex
G98549NZ	N-linked	complex
G98425JK	N-linked	
G98366ZJ	N-linked	complex
G98559XP	N-linked	complex
G98393IW	O-linked	core 1
G98327TQ	O-linked	core 2
G98223HN	N-linked	complex
G98455QP	N-linked	
G98565KP	N-linked	complex
G98712QJ	N-linked	complex
G98666DD	N-linked	
G98452OT	N-linked	complex
G98728LU	N-linked	
G98338IO	N-linked	
G98535LH	O-linked	core 1
G98615GD	N-linked	complex
G98369DU	N-linked	complex
G98292JT	N-linked	complex
G98417SQ	O-linked	core 1
G98516BG	N-linked	high mannose
G98855LF	N-linked	complex
G99229VQ	N-linked	complex
G99141XX	N-linked	complex
G99129GB	N-linked	complex
G98956LI	N-linked	complex
G98736SM	N-linked	complex
G98863OA	N-linked	complex
G98862GW	N-linked	complex
G98906LL	N-linked	high mannose
G98961TI	N-linked	complex
G99067GT	N-linked	complex
G99078IR	N-linked	complex
G99165YY	N-linked	complex
G98899DA	N-linked	
G98894JN	N-linked	complex
G98950NS	N-linked	complex
G98903TR	N-linked	complex
G99074EO	N-linked	complex
G98809PE	N-linked	complex
G98790NR	N-linked	complex
G99035PG	N-linked	
G99026RX	N-linked	complex
G99382AP	N-linked	complex
G99403QU	N-linked	complex
G99372TR	N-linked	complex
G99182WQ	N-linked	complex
G99516QU	N-linked	
G99270AV	N-linked	complex
G99448WD	N-linked	complex
G99306JE	N-linked	complex
G99622IJ	N-linked	
G99610EG	N-linked	complex
G99503MW	N-linked	complex
G99507PM	O-linked	core 6
G99315PE	O-linked	core 1
G99603GB	N-linked	complex
G99533GU	N-linked	complex
G99568AR	N-linked	complex
G99502WP	N-linked	complex
G99626QO	N-linked	complex
G99689NZ	N-linked	high mannose
G99651QK	N-linked	complex
G99669MJ	N-linked	high mannose
G99770NO	N-linked	complex
G99796NW	N-linked	complex
G99729IU	N-linked	complex
G99831DA	N-linked	complex
G99647DZ	N-linked	complex
G99897FQ	N-linked	complex
G99858XP	N-linked	high mannose
G99829YW	N-linked	
G99954ZJ	N-linked	complex
G99808VS	N-linked	complex
G99969SS	N-linked	hybrid
G99866WK	N-linked	complex
G99927HL	N-linked	complex
