GlyTouCanAccession	Name	Domain
G00194GV	HexNAc(1)dHex(1)	Byonic
G00194GV	HexNAc1Hex0dHex1NeuAc0NeuGc0Pent0S0P0KDN0HexA0	UniCarbKB
G00194GV	HexNAc1dHex1	ShortUniCarbKB
G00912UN	H5N4S2	ShortComp
G00912UN	HexNAc(4)Hex(5)NeuAc(2)	Byonic
G00912UN	HexNAc4Hex5NeuAc2	ShortUniCarbKB
G00912UN	HexNAc4Hex5dHex0NeuAc2NeuGc0Pent0S0P0KDN0HexA0	UniCarbKB
G01410DC	HexNAc(7)Hex(8)dHex(1)NeuAc(1)	Byonic
G01410DC	HexNAc7Hex8dHex1NeuAc1	ShortUniCarbKB
G01410DC	HexNAc7Hex8dHex1NeuAc1NeuGc0Pent0S0P0KDN0HexA0	UniCarbKB
G01550VZ	HexNAc(4)Hex(5)Sulpho(1)	Byonic
G01550VZ	HexNAc4Hex5S1	ShortUniCarbKB
G01550VZ	HexNAc4Hex5dHex0NeuAc0NeuGc0Pent0S1P0KDN0HexA0	UniCarbKB
G01633XH	HexNAc(3)Hex(3)dHex(4)	Byonic
G01633XH	HexNAc3Hex3dHex4	ShortUniCarbKB
G01633XH	HexNAc3Hex3dHex4NeuAc0NeuGc0Pent0S0P0KDN0HexA0	UniCarbKB
G01650EU	H6N3S	ShortComp
G01650EU	HexNAc(3)Hex(6)NeuAc(1)	Byonic
G01650EU	HexNAc3Hex6NeuAc1	ShortUniCarbKB
G01650EU	HexNAc3Hex6dHex0NeuAc1NeuGc0Pent0S0P0KDN0HexA0	UniCarbKB
G01664MY	HexNAc1Hex1S1HexA1	ShortUniCarbKB
G01664MY	HexNAc1Hex1dHex0NeuAc0NeuGc0Pent0S1P0KDN0HexA1	UniCarbKB
G01769OH	H3S2	ShortComp
G01769OH	Hex(3)NeuAc(2)	Byonic
G01769OH	Hex3NeuAc2	ShortUniCarbKB
G01769OH	HexNAc0Hex3dHex0NeuAc2NeuGc0Pent0S0P0KDN0HexA0	UniCarbKB
G02287BL	HexNAc(6)Hex(7)dHex(2)	Byonic
G02287BL	HexNAc6Hex7dHex2	ShortUniCarbKB
G02287BL	HexNAc6Hex7dHex2NeuAc0NeuGc0Pent0S0P0KDN0HexA0	UniCarbKB
G02438LG	HexNAc0Hex0dHex1NeuAc0NeuGc0Pent0S0P0KDN0HexA0	UniCarbKB
G02438LG	dHex(1)	Byonic
G02438LG	dHex1	ShortUniCarbKB
G02447BS	HexNAc(6)Hex(7)dHex(2)NeuAc(1)	Byonic
G02447BS	HexNAc6Hex7dHex2NeuAc1	ShortUniCarbKB
G02447BS	HexNAc6Hex7dHex2NeuAc1NeuGc0Pent0S0P0KDN0HexA0	UniCarbKB
G02809YH	HexNAc(3)Hex(2)dHex(1)	Byonic
G02809YH	HexNAc3Hex2dHex1	ShortUniCarbKB
G02809YH	HexNAc3Hex2dHex1NeuAc0NeuGc0Pent0S0P0KDN0HexA0	UniCarbKB
G02815KT	H5N2	ShortComp
G02815KT	HexNAc(2)Hex(5)	Byonic
G02815KT	HexNAc2Hex5	ShortUniCarbKB
G02815KT	HexNAc2Hex5dHex0NeuAc0NeuGc0Pent0S0P0KDN0HexA0	UniCarbKB
G02815PP	H5N6S	ShortComp
G02815PP	HexNAc(6)Hex(5)NeuAc(1)	Byonic
G02815PP	HexNAc6Hex5NeuAc1	ShortUniCarbKB
G02815PP	HexNAc6Hex5dHex0NeuAc1NeuGc0Pent0S0P0KDN0HexA0	UniCarbKB
G02860WV	HexNAc(2)Hex(6)dHex(1)	Byonic
G02860WV	HexNAc2Hex6dHex1	ShortUniCarbKB
G02860WV	HexNAc2Hex6dHex1NeuAc0NeuGc0Pent0S0P0KDN0HexA0	UniCarbKB
G02886BB	H6N4	ShortComp
G02886BB	HexNAc(4)Hex(6)	Byonic
G02886BB	HexNAc4Hex6	ShortUniCarbKB
G02886BB	HexNAc4Hex6dHex0NeuAc0NeuGc0Pent0S0P0KDN0HexA0	UniCarbKB
G03574QJ	HexNAc(3)Hex(6)dHex(1)	Byonic
G03574QJ	HexNAc3Hex6dHex1	ShortUniCarbKB
G03574QJ	HexNAc3Hex6dHex1NeuAc0NeuGc0Pent0S0P0KDN0HexA0	UniCarbKB
G03596YS	HexNAc(5)Hex(6)dHex(2)NeuAc(1)	Byonic
G03596YS	HexNAc5Hex6dHex2NeuAc1	ShortUniCarbKB
G03596YS	HexNAc5Hex6dHex2NeuAc1NeuGc0Pent0S0P0KDN0HexA0	UniCarbKB
G03930BU	HexNAc(3)Hex(4)dHex(3)	Byonic
G03930BU	HexNAc3Hex4dHex3	ShortUniCarbKB
G03930BU	HexNAc3Hex4dHex3NeuAc0NeuGc0Pent0S0P0KDN0HexA0	UniCarbKB
G04055MU	HexNAc(9)Hex(7)dHex(1)NeuAc(1)	Byonic
G04055MU	HexNAc9Hex7dHex1NeuAc1	ShortUniCarbKB
G04055MU	HexNAc9Hex7dHex1NeuAc1NeuGc0Pent0S0P0KDN0HexA0	UniCarbKB
G04657PL	H5N4F3	ShortComp
G04657PL	HexNAc(4)Hex(5)Fuc(3)	Byonic
G04681UD	H10N	ShortComp
G04681UD	HexNAc(1)Hex(10)	Byonic
G04681UD	HexNAc1Hex10	ShortUniCarbKB
G04681UD	HexNAc1Hex10dHex0NeuAc0NeuGc0Pent0S0P0KDN0HexA0	UniCarbKB
G04784US	HexNAc(5)Hex(6)dHex(3)NeuAc(1)	Byonic
G04784US	HexNAc5Hex6dHex3NeuAc1	ShortUniCarbKB
G04784US	HexNAc5Hex6dHex3NeuAc1NeuGc0Pent0S0P0KDN0HexA0	UniCarbKB
G04854VP	H5N8	ShortComp
G04854VP	HexNAc(8)Hex(5)	Byonic
G04854VP	HexNAc8Hex5	ShortUniCarbKB
G04854VP	HexNAc8Hex5dHex0NeuAc0NeuGc0Pent0S0P0KDN0HexA0	UniCarbKB
G05049IC	HexNAc(6)Hex(6)dHex(2)	Byonic
G05049IC	HexNAc6Hex6dHex2	ShortUniCarbKB
G05049IC	HexNAc6Hex6dHex2NeuAc0NeuGc0Pent0S0P0KDN0HexA0	UniCarbKB
G05049YU	H4N4F	ShortComp
G05049YU	HexNAc(4)Hex(4)Fuc(1)	Byonic
G05394UY	H2N	ShortComp
G05394UY	HexNAc(1)Hex(2)	Byonic
G05394UY	HexNAc1Hex2	ShortUniCarbKB
G05394UY	HexNAc1Hex2dHex0NeuAc0NeuGc0Pent0S0P0KDN0HexA0	UniCarbKB
G05428EU	H4N3	ShortComp
G05428EU	HexNAc(3)Hex(4)	Byonic
G05428EU	HexNAc3Hex4	ShortUniCarbKB
G05428EU	HexNAc3Hex4dHex0NeuAc0NeuGc0Pent0S0P0KDN0HexA0	UniCarbKB
G05460KC	HexNAc(2)Hex(1)dHex(2)	Byonic
G05460KC	HexNAc2Hex1dHex2	ShortUniCarbKB
G05460KC	HexNAc2Hex1dHex2NeuAc0NeuGc0Pent0S0P0KDN0HexA0	UniCarbKB
G05528SJ	H11N11S	ShortComp
G05528SJ	HexNAc(11)Hex(11)NeuAc(1)	Byonic
G05528SJ	HexNAc11Hex11NeuAc1	ShortUniCarbKB
G05528SJ	HexNAc11Hex11dHex0NeuAc1NeuGc0Pent0S0P0KDN0HexA0	UniCarbKB
G05609XV	H7N5S2	ShortComp
G05609XV	HexNAc(5)Hex(7)NeuAc(2)	Byonic
G05609XV	HexNAc5Hex7NeuAc2	ShortUniCarbKB
G05609XV	HexNAc5Hex7dHex0NeuAc2NeuGc0Pent0S0P0KDN0HexA0	UniCarbKB
G05645NK	H6N	ShortComp
G05645NK	HexNAc(1)Hex(6)	Byonic
G05645NK	HexNAc1Hex6	ShortUniCarbKB
G05645NK	HexNAc1Hex6dHex0NeuAc0NeuGc0Pent0S0P0KDN0HexA0	UniCarbKB
G05664AS	HexNAc(6)Hex(8)dHex(1)NeuAc(1)	Byonic
G05664AS	HexNAc6Hex8dHex1NeuAc1	ShortUniCarbKB
G05664AS	HexNAc6Hex8dHex1NeuAc1NeuGc0Pent0S0P0KDN0HexA0	UniCarbKB
G05926FW	HexNAc(9)Hex(3)dHex(1)	Byonic
G05926FW	HexNAc9Hex3dHex1	ShortUniCarbKB
G05926FW	HexNAc9Hex3dHex1NeuAc0NeuGc0Pent0S0P0KDN0HexA0	UniCarbKB
G05931YV	HexNAc1Hex0dHex0NeuAc0NeuGc0Pent0S0P0KDN0HexA1	UniCarbKB
G05931YV	HexNAc1HexA1	ShortUniCarbKB
G05933EN	HexNAc(4)Hex(5)dHex(4)	Byonic
G05933EN	HexNAc4Hex5dHex4	ShortUniCarbKB
G05933EN	HexNAc4Hex5dHex4NeuAc0NeuGc0Pent0S0P0KDN0HexA0	UniCarbKB
G06042JP	HexNAc(2)dHex(1)	Byonic
G06042JP	HexNAc2Hex0dHex1NeuAc0NeuGc0Pent0S0P0KDN0HexA0	UniCarbKB
G06042JP	HexNAc2dHex1	ShortUniCarbKB
G06045JZ	HexNAc(4)Hex(3)dHex(1)NeuGc(5)	Byonic
G06045JZ	HexNAc4Hex3dHex1NeuAc0NeuGc5Pent0S0P0KDN0HexA0	UniCarbKB
G06045JZ	HexNAc4Hex3dHex1NeuGc5	ShortUniCarbKB
G06046KU	HexNAc(2)Hex(4)dHex(2)NeuAc(1)	Byonic
G06046KU	HexNAc2Hex4dHex2NeuAc1	ShortUniCarbKB
G06046KU	HexNAc2Hex4dHex2NeuAc1NeuGc0Pent0S0P0KDN0HexA0	UniCarbKB
G06231AO	HexNAc(3)Hex(5)dHex(3)	Byonic
G06231AO	HexNAc3Hex5dHex3	ShortUniCarbKB
G06231AO	HexNAc3Hex5dHex3NeuAc0NeuGc0Pent0S0P0KDN0HexA0	UniCarbKB
G06247RL	H6N5S3	ShortComp
G06247RL	HexNAc(5)Hex(6)NeuAc(3)	Byonic
G06247RL	HexNAc5Hex6NeuAc3	ShortUniCarbKB
G06247RL	HexNAc5Hex6dHex0NeuAc3NeuGc0Pent0S0P0KDN0HexA0	UniCarbKB
G06461TM	HexNAc(1)Hex(1)Sulpho(1)	Byonic
G06461TM	HexNAc1Hex1S1	ShortUniCarbKB
G06461TM	HexNAc1Hex1dHex0NeuAc0NeuGc0Pent0S1P0KDN0HexA0	UniCarbKB
G06577JJ	HexNAc(4)Hex(3)dHex(3)	Byonic
G06577JJ	HexNAc4Hex3dHex3	ShortUniCarbKB
G06577JJ	HexNAc4Hex3dHex3NeuAc0NeuGc0Pent0S0P0KDN0HexA0	UniCarbKB
G06704MH	HexNAc(5)Hex(6)dHex(2)NeuAc(3)	Byonic
G06704MH	HexNAc5Hex6dHex2NeuAc3	ShortUniCarbKB
G06704MH	HexNAc5Hex6dHex2NeuAc3NeuGc0Pent0S0P0KDN0HexA0	UniCarbKB
G06829PV	Hex(1)Phospho(1)	Byonic
G06829PV	Hex1P1	ShortUniCarbKB
G06829PV	HexNAc0Hex1dHex0NeuAc0NeuGc0Pent0S0P1KDN0HexA0	UniCarbKB
G06853GH	HexNAc(7)Hex(4)dHex(1)	Byonic
G06853GH	HexNAc7Hex4dHex1	ShortUniCarbKB
G06853GH	HexNAc7Hex4dHex1NeuAc0NeuGc0Pent0S0P0KDN0HexA0	UniCarbKB
G06932DR	HexNAc(1)Hex(2)Sulpho(1)	Byonic
G06932DR	HexNAc1Hex2S1	ShortUniCarbKB
G06932DR	HexNAc1Hex2dHex0NeuAc0NeuGc0Pent0S1P0KDN0HexA0	UniCarbKB
G07464LK	H9N6	ShortComp
G07464LK	HexNAc(6)Hex(9)	Byonic
G07464LK	HexNAc6Hex9	ShortUniCarbKB
G07464LK	HexNAc6Hex9dHex0NeuAc0NeuGc0Pent0S0P0KDN0HexA0	UniCarbKB
G07755XJ	H4N5F2	ShortComp
G07755XJ	HexNAc(5)Hex(4)Fuc(2)	Byonic
G07799LX	HexNAc(4)Hex(5)dHex(3)NeuAc(1)	Byonic
G07799LX	HexNAc4Hex5dHex3NeuAc1	ShortUniCarbKB
G07799LX	HexNAc4Hex5dHex3NeuAc1NeuGc0Pent0S0P0KDN0HexA0	UniCarbKB
G07888KH	Hex(3)dHex(2)	Byonic
G07888KH	Hex3dHex2	ShortUniCarbKB
G07888KH	HexNAc0Hex3dHex2NeuAc0NeuGc0Pent0S0P0KDN0HexA0	UniCarbKB
G08293MJ	HexNAc(4)Hex(5)dHex(1)NeuAc(1)	Byonic
G08293MJ	HexNAc4Hex5dHex1NeuAc1	ShortUniCarbKB
G08293MJ	HexNAc4Hex5dHex1NeuAc1NeuGc0Pent0S0P0KDN0HexA0	UniCarbKB
G08453HV	Hex(1)dHex(1)	Byonic
G08453HV	Hex1dHex1	ShortUniCarbKB
G08453HV	HexNAc0Hex1dHex1NeuAc0NeuGc0Pent0S0P0KDN0HexA0	UniCarbKB
G08578KJ	HexNAc(9)Hex(9)dHex(1)	Byonic
G08578KJ	HexNAc9Hex9dHex1	ShortUniCarbKB
G08578KJ	HexNAc9Hex9dHex1NeuAc0NeuGc0Pent0S0P0KDN0HexA0	UniCarbKB
G08590QR	H3N	ShortComp
G08590QR	HexNAc(1)Hex(3)	Byonic
G08590QR	HexNAc1Hex3	ShortUniCarbKB
G08590QR	HexNAc1Hex3dHex0NeuAc0NeuGc0Pent0S0P0KDN0HexA0	UniCarbKB
G08691QG	HexNAc(1)Hex(4)dHex(2)	Byonic
G08691QG	HexNAc1Hex4dHex2	ShortUniCarbKB
G08691QG	HexNAc1Hex4dHex2NeuAc0NeuGc0Pent0S0P0KDN0HexA0	UniCarbKB
G08805HB	HexNAc(3)Hex(3)dHex(2)NeuAc(1)	Byonic
G08805HB	HexNAc3Hex3dHex2NeuAc1	ShortUniCarbKB
G08805HB	HexNAc3Hex3dHex2NeuAc1NeuGc0Pent0S0P0KDN0HexA0	UniCarbKB
G08918WF	H5N4F2S	ShortComp
G08918WF	HexNAc(4)Hex(5)Fuc(2)NeuAc(1)	Byonic
G09084RP	HexNAc(7)Hex(6)dHex(2)	Byonic
G09084RP	HexNAc7Hex6dHex2	ShortUniCarbKB
G09084RP	HexNAc7Hex6dHex2NeuAc0NeuGc0Pent0S0P0KDN0HexA0	UniCarbKB
G09197ZW	HexNAc(4)Hex(6)dHex(1)	Byonic
G09197ZW	HexNAc4Hex6dHex1	ShortUniCarbKB
G09197ZW	HexNAc4Hex6dHex1NeuAc0NeuGc0Pent0S0P0KDN0HexA0	UniCarbKB
G09528DL	HexNAc(3)Hex(6)dHex(1)NeuAc(1)	Byonic
G09528DL	HexNAc3Hex6dHex1NeuAc1	ShortUniCarbKB
G09528DL	HexNAc3Hex6dHex1NeuAc1NeuGc0Pent0S0P0KDN0HexA0	UniCarbKB
G09693TP	HexNAc(1)Hex(3)NeuAc(1)NeuGc(1)	Byonic
G09693TP	HexNAc1Hex3NeuAc1NeuGc1	ShortUniCarbKB
G09693TP	HexNAc1Hex3dHex0NeuAc1NeuGc1Pent0S0P0KDN0HexA0	UniCarbKB
G09816OK	H3NS	ShortComp
G09816OK	HexNAc(1)Hex(3)NeuAc(1)	Byonic
G09816OK	HexNAc1Hex3NeuAc1	ShortUniCarbKB
G09816OK	HexNAc1Hex3dHex0NeuAc1NeuGc0Pent0S0P0KDN0HexA0	UniCarbKB
G09969JI	HexNAc(1)Hex(4)dHex(1)NeuAc(1)	Byonic
G09969JI	HexNAc1Hex4dHex1NeuAc1	ShortUniCarbKB
G09969JI	HexNAc1Hex4dHex1NeuAc1NeuGc0Pent0S0P0KDN0HexA0	UniCarbKB
G10136GN	H3NS5	ShortComp
G10136GN	HexNAc(1)Hex(3)NeuAc(5)	Byonic
G10136GN	HexNAc1Hex3NeuAc5	ShortUniCarbKB
G10136GN	HexNAc1Hex3dHex0NeuAc5NeuGc0Pent0S0P0KDN0HexA0	UniCarbKB
G10339FR	HexNAc(3)Hex(4)dHex(1)	Byonic
G10339FR	HexNAc3Hex4dHex1	ShortUniCarbKB
G10339FR	HexNAc3Hex4dHex1NeuAc0NeuGc0Pent0S0P0KDN0HexA0	UniCarbKB
G10486CT	H5N4	ShortComp
G10486CT	HexNAc(4)Hex(5)	Byonic
G10486CT	HexNAc4Hex5	ShortUniCarbKB
G10486CT	HexNAc4Hex5dHex0NeuAc0NeuGc0Pent0S0P0KDN0HexA0	UniCarbKB
G11009FR	HexNAc(4)Hex(4)dHex(3)	Byonic
G11009FR	HexNAc4Hex4dHex3	ShortUniCarbKB
G11009FR	HexNAc4Hex4dHex3NeuAc0NeuGc0Pent0S0P0KDN0HexA0	UniCarbKB
G11115RO	H7N6S4	ShortComp
G11115RO	HexNAc(6)Hex(7)NeuAc(4)	Byonic
G11115RO	HexNAc6Hex7NeuAc4	ShortUniCarbKB
G11115RO	HexNAc6Hex7dHex0NeuAc4NeuGc0Pent0S0P0KDN0HexA0	UniCarbKB
G11145KS	HexNAc(6)Hex(3)dHex(1)Sulpho(1)	Byonic
G11145KS	HexNAc6Hex3dHex1NeuAc0NeuGc0Pent0S1P0KDN0HexA0	UniCarbKB
G11145KS	HexNAc6Hex3dHex1S1	ShortUniCarbKB
G11157ZG	H5N3S2	ShortComp
G11157ZG	HexNAc(3)Hex(5)NeuAc(2)	Byonic
G11157ZG	HexNAc3Hex5NeuAc2	ShortUniCarbKB
G11157ZG	HexNAc3Hex5dHex0NeuAc2NeuGc0Pent0S0P0KDN0HexA0	UniCarbKB
G11235SR	HexNAc(1)Hex(2)dHex(1)	Byonic
G11235SR	HexNAc1Hex2dHex1	ShortUniCarbKB
G11235SR	HexNAc1Hex2dHex1NeuAc0NeuGc0Pent0S0P0KDN0HexA0	UniCarbKB
G11239ZB	H4NS	ShortComp
G11239ZB	HexNAc(1)Hex(4)NeuAc(1)	Byonic
G11239ZB	HexNAc1Hex4NeuAc1	ShortUniCarbKB
G11239ZB	HexNAc1Hex4dHex0NeuAc1NeuGc0Pent0S0P0KDN0HexA0	UniCarbKB
G11541NC	H11N10	ShortComp
G11541NC	HexNAc(10)Hex(11)	Byonic
G11541NC	HexNAc10Hex11	ShortUniCarbKB
G11541NC	HexNAc10Hex11dHex0NeuAc0NeuGc0Pent0S0P0KDN0HexA0	UniCarbKB
G11954JA	H5N5S3	ShortComp
G11954JA	HexNAc(5)Hex(5)NeuAc(3)	Byonic
G11954JA	HexNAc5Hex5NeuAc3	ShortUniCarbKB
G11954JA	HexNAc5Hex5dHex0NeuAc3NeuGc0Pent0S0P0KDN0HexA0	UniCarbKB
G12340GZ	H6N7S4	ShortComp
G12340GZ	HexNAc(7)Hex(6)NeuAc(4)	Byonic
G12340GZ	HexNAc7Hex6NeuAc4	ShortUniCarbKB
G12340GZ	HexNAc7Hex6dHex0NeuAc4NeuGc0Pent0S0P0KDN0HexA0	UniCarbKB
G12341GU	H8N7S	ShortComp
G12341GU	HexNAc(7)Hex(8)NeuAc(1)	Byonic
G12341GU	HexNAc7Hex8NeuAc1	ShortUniCarbKB
G12341GU	HexNAc7Hex8dHex0NeuAc1NeuGc0Pent0S0P0KDN0HexA0	UniCarbKB
G12580WI	HexNAc(5)Hex(5)dHex(1)NeuAc(1)	Byonic
G12580WI	HexNAc5Hex5dHex1NeuAc1	ShortUniCarbKB
G12580WI	HexNAc5Hex5dHex1NeuAc1NeuGc0Pent0S0P0KDN0HexA0	UniCarbKB
G12872WY	HexNAc(10)Hex(10)dHex(1)	Byonic
G12872WY	HexNAc10Hex10dHex1	ShortUniCarbKB
G12872WY	HexNAc10Hex10dHex1NeuAc0NeuGc0Pent0S0P0KDN0HexA0	UniCarbKB
G12959FT	H13N2	ShortComp
G12959FT	HexNAc(2)Hex(13)	Byonic
G12959FT	HexNAc2Hex13	ShortUniCarbKB
G12959FT	HexNAc2Hex13dHex0NeuAc0NeuGc0Pent0S0P0KDN0HexA0	UniCarbKB
G13144LI	H7N3	ShortComp
G13144LI	HexNAc(3)Hex(7)	Byonic
G13144LI	HexNAc3Hex7	ShortUniCarbKB
G13144LI	HexNAc3Hex7dHex0NeuAc0NeuGc0Pent0S0P0KDN0HexA0	UniCarbKB
G13193DT	H7N8	ShortComp
G13193DT	HexNAc(8)Hex(7)	Byonic
G13193DT	HexNAc8Hex7	ShortUniCarbKB
G13193DT	HexNAc8Hex7dHex0NeuAc0NeuGc0Pent0S0P0KDN0HexA0	UniCarbKB
G13436HZ	HexNAc3Hex0dHex0NeuAc0NeuGc0Pent0S0P0KDN0HexA2	UniCarbKB
G13436HZ	HexNAc3HexA2	ShortUniCarbKB
G13716SG	HexNAc(9)Hex(10)dHex(1)	Byonic
G13716SG	HexNAc9Hex10dHex1	ShortUniCarbKB
G13716SG	HexNAc9Hex10dHex1NeuAc0NeuGc0Pent0S0P0KDN0HexA0	UniCarbKB
G13973YO	HexNAc(4)Hex(9)dHex(1)	Byonic
G13973YO	HexNAc4Hex9dHex1	ShortUniCarbKB
G13973YO	HexNAc4Hex9dHex1NeuAc0NeuGc0Pent0S0P0KDN0HexA0	UniCarbKB
G14191MJ	HexNAc(2)Hex(7)dHex(1)	Byonic
G14191MJ	HexNAc2Hex7dHex1	ShortUniCarbKB
G14191MJ	HexNAc2Hex7dHex1NeuAc0NeuGc0Pent0S0P0KDN0HexA0	UniCarbKB
G14305YT	H8N6	ShortComp
G14305YT	HexNAc(6)Hex(8)	Byonic
G14305YT	HexNAc6Hex8	ShortUniCarbKB
G14305YT	HexNAc6Hex8dHex0NeuAc0NeuGc0Pent0S0P0KDN0HexA0	UniCarbKB
G14368ET	H7N5	ShortComp
G14368ET	HexNAc(5)Hex(7)	Byonic
G14368ET	HexNAc5Hex7	ShortUniCarbKB
G14368ET	HexNAc5Hex7dHex0NeuAc0NeuGc0Pent0S0P0KDN0HexA0	UniCarbKB
G14440NQ	HexNAc(7)Hex(5)dHex(1)	Byonic
G14440NQ	HexNAc7Hex5dHex1	ShortUniCarbKB
G14440NQ	HexNAc7Hex5dHex1NeuAc0NeuGc0Pent0S0P0KDN0HexA0	UniCarbKB
G14926RK	HexNAc(7)Hex(6)dHex(1)NeuAc(4)	Byonic
G14926RK	HexNAc7Hex6dHex1NeuAc4	ShortUniCarbKB
G14926RK	HexNAc7Hex6dHex1NeuAc4NeuGc0Pent0S0P0KDN0HexA0	UniCarbKB
G15038BD	HexNAc(4)Hex(6)dHex(1)NeuAc(1)	Byonic
G15038BD	HexNAc4Hex6dHex1NeuAc1	ShortUniCarbKB
G15038BD	HexNAc4Hex6dHex1NeuAc1NeuGc0Pent0S0P0KDN0HexA0	UniCarbKB
G15064OQ	HexNAc(6)Hex(1)dHex(1)	Byonic
G15064OQ	HexNAc6Hex1dHex1	ShortUniCarbKB
G15064OQ	HexNAc6Hex1dHex1NeuAc0NeuGc0Pent0S0P0KDN0HexA0	UniCarbKB
G15127JD	H10N9	ShortComp
G15127JD	HexNAc(9)Hex(10)	Byonic
G15127JD	HexNAc9Hex10	ShortUniCarbKB
G15127JD	HexNAc9Hex10dHex0NeuAc0NeuGc0Pent0S0P0KDN0HexA0	UniCarbKB
G15205QB	HexNAc(3)Hex(6)Phospho(1)	Byonic
G15205QB	HexNAc3Hex6P1	ShortUniCarbKB
G15205QB	HexNAc3Hex6dHex0NeuAc0NeuGc0Pent0S0P1KDN0HexA0	UniCarbKB
G15486FH	HexNAc(3)Hex(5)dHex(1)	Byonic
G15486FH	HexNAc3Hex5dHex1	ShortUniCarbKB
G15486FH	HexNAc3Hex5dHex1NeuAc0NeuGc0Pent0S0P0KDN0HexA0	UniCarbKB
G15666IG	H4N	ShortComp
G15666IG	HexNAc(1)Hex(4)	Byonic
G15666IG	HexNAc1Hex4	ShortUniCarbKB
G15666IG	HexNAc1Hex4dHex0NeuAc0NeuGc0Pent0S0P0KDN0HexA0	UniCarbKB
G15881BW	HexNAc(8)Hex(8)dHex(2)	Byonic
G15881BW	HexNAc8Hex8dHex2	ShortUniCarbKB
G15881BW	HexNAc8Hex8dHex2NeuAc0NeuGc0Pent0S0P0KDN0HexA0	UniCarbKB
G15919RU	Hex(2)NeuGc(1)	Byonic
G15919RU	Hex2NeuGc1	ShortUniCarbKB
G15919RU	HexNAc0Hex2dHex0NeuAc0NeuGc1Pent0S0P0KDN0HexA0	UniCarbKB
G16175ZV	HexNAc(4)Hex(6)dHex(2)	Byonic
G16175ZV	HexNAc4Hex6dHex2	ShortUniCarbKB
G16175ZV	HexNAc4Hex6dHex2NeuAc0NeuGc0Pent0S0P0KDN0HexA0	UniCarbKB
G16407EV	HexNAc(2)Hex(5)dHex(1)	Byonic
G16407EV	HexNAc2Hex5dHex1	ShortUniCarbKB
G16407EV	HexNAc2Hex5dHex1NeuAc0NeuGc0Pent0S0P0KDN0HexA0	UniCarbKB
G16462LS	HexNAc(5)Hex(9)dHex(1)	Byonic
G16462LS	HexNAc5Hex9dHex1	ShortUniCarbKB
G16462LS	HexNAc5Hex9dHex1NeuAc0NeuGc0Pent0S0P0KDN0HexA0	UniCarbKB
G16915GU	HexNAc(3)Hex(2)dHex(3)	Byonic
G16915GU	HexNAc3Hex2dHex3	ShortUniCarbKB
G16915GU	HexNAc3Hex2dHex3NeuAc0NeuGc0Pent0S0P0KDN0HexA0	UniCarbKB
G17015OC	HNS	ShortComp
G17015OC	HexNAc(1)Hex(1)NeuAc(1)	Byonic
G17015OC	HexNAc1Hex1NeuAc1	ShortUniCarbKB
G17015OC	HexNAc1Hex1dHex0NeuAc1NeuGc0Pent0S0P0KDN0HexA0	UniCarbKB
G17023GV	H7N5S	ShortComp
G17023GV	HexNAc(5)Hex(7)NeuAc(1)	Byonic
G17023GV	HexNAc5Hex7NeuAc1	ShortUniCarbKB
G17023GV	HexNAc5Hex7dHex0NeuAc1NeuGc0Pent0S0P0KDN0HexA0	UniCarbKB
G17650MH	HexNAc(7)Hex(7)dHex(1)	Byonic
G17650MH	HexNAc7Hex7dHex1	ShortUniCarbKB
G17650MH	HexNAc7Hex7dHex1NeuAc0NeuGc0Pent0S0P0KDN0HexA0	UniCarbKB
G18081CC	HexNAc0Hex0dHex0NeuAc0NeuGc0Pent1S1P0KDN0HexA1	UniCarbKB
G18081CC	Pent1S1HexA1	ShortUniCarbKB
G18081HD	HexNAc(2)Hex(3)dHex(3)	Byonic
G18081HD	HexNAc2Hex3dHex3	ShortUniCarbKB
G18081HD	HexNAc2Hex3dHex3NeuAc0NeuGc0Pent0S0P0KDN0HexA0	UniCarbKB
G18123SG	HexNAc(6)Hex(5)dHex(4)	Byonic
G18123SG	HexNAc6Hex5dHex4	ShortUniCarbKB
G18123SG	HexNAc6Hex5dHex4NeuAc0NeuGc0Pent0S0P0KDN0HexA0	UniCarbKB
G18125RR	H6N6S2	ShortComp
G18125RR	HexNAc(6)Hex(6)NeuAc(2)	Byonic
G18125RR	HexNAc6Hex6NeuAc2	ShortUniCarbKB
G18125RR	HexNAc6Hex6dHex0NeuAc2NeuGc0Pent0S0P0KDN0HexA0	UniCarbKB
G18981TN	HexNAc(2)Hex(2)Sulpho(2)	Byonic
G18981TN	HexNAc2Hex2S2	ShortUniCarbKB
G18981TN	HexNAc2Hex2dHex0NeuAc0NeuGc0Pent0S2P0KDN0HexA0	UniCarbKB
G18995MT	HexNAc(4)Hex(4)dHex(3)NeuAc(1)	Byonic
G18995MT	HexNAc4Hex4dHex3NeuAc1	ShortUniCarbKB
G18995MT	HexNAc4Hex4dHex3NeuAc1NeuGc0Pent0S0P0KDN0HexA0	UniCarbKB
G18999EB	HexNAc(2)Hex(2)Pent(1)	Byonic
G18999EB	HexNAc2Hex2Pent1	ShortUniCarbKB
G18999EB	HexNAc2Hex2dHex0NeuAc0NeuGc0Pent1S0P0KDN0HexA0	UniCarbKB
G19379ID	HexNAc(5)Hex(4)dHex(2)	Byonic
G19379ID	HexNAc5Hex4dHex2	ShortUniCarbKB
G19379ID	HexNAc5Hex4dHex2NeuAc0NeuGc0Pent0S0P0KDN0HexA0	UniCarbKB
G19512II	HexNAc(6)Hex(11)dHex(1)	Byonic
G19512II	HexNAc6Hex11dHex1	ShortUniCarbKB
G19512II	HexNAc6Hex11dHex1NeuAc0NeuGc0Pent0S0P0KDN0HexA0	UniCarbKB
G19517GM	HexNAc(6)Hex(5)dHex(1)NeuAc(2)	Byonic
G19517GM	HexNAc6Hex5dHex1NeuAc2	ShortUniCarbKB
G19517GM	HexNAc6Hex5dHex1NeuAc2NeuGc0Pent0S0P0KDN0HexA0	UniCarbKB
G19865KY	Hex(4)dHex(1)	Byonic
G19865KY	Hex4dHex1	ShortUniCarbKB
G19865KY	HexNAc0Hex4dHex1NeuAc0NeuGc0Pent0S0P0KDN0HexA0	UniCarbKB
G20606AK	HexNAc(6)Hex(6)dHex(1)NeuAc(4)	Byonic
G20606AK	HexNAc6Hex6dHex1NeuAc4	ShortUniCarbKB
G20606AK	HexNAc6Hex6dHex1NeuAc4NeuGc0Pent0S0P0KDN0HexA0	UniCarbKB
G20698EO	HexNAc(6)Hex(4)dHex(2)	Byonic
G20698EO	HexNAc6Hex4dHex2	ShortUniCarbKB
G20698EO	HexNAc6Hex4dHex2NeuAc0NeuGc0Pent0S0P0KDN0HexA0	UniCarbKB
G20899EQ	HexNAc(3)Hex(5)dHex(2)NeuAc(2)	Byonic
G20899EQ	HexNAc3Hex5dHex2NeuAc2	ShortUniCarbKB
G20899EQ	HexNAc3Hex5dHex2NeuAc2NeuGc0Pent0S0P0KDN0HexA0	UniCarbKB
G20956ZV	HexNAc(2)Hex(3)dHex(1)	Byonic
G20956ZV	HexNAc2Hex3dHex1	ShortUniCarbKB
G20956ZV	HexNAc2Hex3dHex1NeuAc0NeuGc0Pent0S0P0KDN0HexA0	UniCarbKB
G20980JF	HexNAc1Hex2Pent1HexA1	ShortUniCarbKB
G20980JF	HexNAc1Hex2dHex0NeuAc0NeuGc0Pent1S0P0KDN0HexA1	UniCarbKB
G21259PI	HexNAc(3)Hex(1)dHex(1)	Byonic
G21259PI	HexNAc3Hex1dHex1	ShortUniCarbKB
G21259PI	HexNAc3Hex1dHex1NeuAc0NeuGc0Pent0S0P0KDN0HexA0	UniCarbKB
G21670TV	HexNAc(6)Hex(5)NeuAc(2)NeuGc(1)	Byonic
G21670TV	HexNAc6Hex5NeuAc2NeuGc1	ShortUniCarbKB
G21670TV	HexNAc6Hex5dHex0NeuAc2NeuGc1Pent0S0P0KDN0HexA0	UniCarbKB
G21726WW	HexNAc(2)Hex(3)dHex(2)	Byonic
G21726WW	HexNAc2Hex3dHex2	ShortUniCarbKB
G21726WW	HexNAc2Hex3dHex2NeuAc0NeuGc0Pent0S0P0KDN0HexA0	UniCarbKB
G21976AG	HexNAc(6)Hex(5)dHex(1)NeuAc(3)	Byonic
G21976AG	HexNAc6Hex5dHex1NeuAc3	ShortUniCarbKB
G21976AG	HexNAc6Hex5dHex1NeuAc3NeuGc0Pent0S0P0KDN0HexA0	UniCarbKB
G22018FP	H6N4S	ShortComp
G22018FP	HexNAc(4)Hex(6)NeuAc(1)	Byonic
G22018FP	HexNAc4Hex6NeuAc1	ShortUniCarbKB
G22018FP	HexNAc4Hex6dHex0NeuAc1NeuGc0Pent0S0P0KDN0HexA0	UniCarbKB
G22314RO	Hex(2)NeuAc(1)NeuGc(1)	Byonic
G22314RO	Hex2NeuAc1NeuGc1	ShortUniCarbKB
G22314RO	HexNAc0Hex2dHex0NeuAc1NeuGc1Pent0S0P0KDN0HexA0	UniCarbKB
G22589VJ	HexNAc(6)Hex(7)dHex(4)	Byonic
G22589VJ	HexNAc6Hex7dHex4	ShortUniCarbKB
G22589VJ	HexNAc6Hex7dHex4NeuAc0NeuGc0Pent0S0P0KDN0HexA0	UniCarbKB
G22622ZG	HexNAc(5)Hex(3)dHex(3)NeuAc(1)	Byonic
G22622ZG	HexNAc5Hex3dHex3NeuAc1	ShortUniCarbKB
G22622ZG	HexNAc5Hex3dHex3NeuAc1NeuGc0Pent0S0P0KDN0HexA0	UniCarbKB
G22862WY	HexNAc(4)Hex(6)dHex(2)NeuAc(3)	Byonic
G22862WY	HexNAc4Hex6dHex2NeuAc3	ShortUniCarbKB
G22862WY	HexNAc4Hex6dHex2NeuAc3NeuGc0Pent0S0P0KDN0HexA0	UniCarbKB
G22913YS	HexNAc(5)Hex(6)dHex(1)Sulpho(2)	Byonic
G22913YS	HexNAc5Hex6dHex1NeuAc0NeuGc0Pent0S2P0KDN0HexA0	UniCarbKB
G22913YS	HexNAc5Hex6dHex1S2	ShortUniCarbKB
G22917YC	HexNAc0Hex0dHex0NeuAc0NeuGc0Pent0S0P0KDN1HexA0	UniCarbKB
G22917YC	KDN1	ShortUniCarbKB
G22955WV	HexNAc(1)Hex(3)dHex(2)	Byonic
G22955WV	HexNAc1Hex3dHex2	ShortUniCarbKB
G22955WV	HexNAc1Hex3dHex2NeuAc0NeuGc0Pent0S0P0KDN0HexA0	UniCarbKB
G23505EP	H4N6S	ShortComp
G23505EP	HexNAc(6)Hex(4)NeuAc(1)	Byonic
G23505EP	HexNAc6Hex4NeuAc1	ShortUniCarbKB
G23505EP	HexNAc6Hex4dHex0NeuAc1NeuGc0Pent0S0P0KDN0HexA0	UniCarbKB
G23666EW	HexNAc(2)Hex(3)dHex(2)NeuAc(1)	Byonic
G23666EW	HexNAc2Hex3dHex2NeuAc1	ShortUniCarbKB
G23666EW	HexNAc2Hex3dHex2NeuAc1NeuGc0Pent0S0P0KDN0HexA0	UniCarbKB
G23675NT	H3N5S	ShortComp
G23675NT	HexNAc(5)Hex(3)NeuAc(1)	Byonic
G23675NT	HexNAc5Hex3NeuAc1	ShortUniCarbKB
G23675NT	HexNAc5Hex3dHex0NeuAc1NeuGc0Pent0S0P0KDN0HexA0	UniCarbKB
G23719VF	H3N4F	ShortComp
G23719VF	HexNAc(4)Hex(3)Fuc(1)	Byonic
G23729WG	HNS2	ShortComp
G23729WG	HexNAc(1)Hex(1)NeuAc(2)	Byonic
G23729WG	HexNAc1Hex1NeuAc2	ShortUniCarbKB
G23729WG	HexNAc1Hex1dHex0NeuAc2NeuGc0Pent0S0P0KDN0HexA0	UniCarbKB
G24202RA	HexNAc(7)Hex(5)dHex(3)	Byonic
G24202RA	HexNAc7Hex5dHex3	ShortUniCarbKB
G24202RA	HexNAc7Hex5dHex3NeuAc0NeuGc0Pent0S0P0KDN0HexA0	UniCarbKB
G24255JV	HexNAc(3)Hex(6)dHex(3)	Byonic
G24255JV	HexNAc3Hex6dHex3	ShortUniCarbKB
G24255JV	HexNAc3Hex6dHex3NeuAc0NeuGc0Pent0S0P0KDN0HexA0	UniCarbKB
G24481HY	HexNAc(8)Hex(8)dHex(1)	Byonic
G24481HY	HexNAc8Hex8dHex1	ShortUniCarbKB
G24481HY	HexNAc8Hex8dHex1NeuAc0NeuGc0Pent0S0P0KDN0HexA0	UniCarbKB
G24701BA	HexNAc(2)Hex(4)NeuGc(1)	Byonic
G24701BA	HexNAc2Hex4NeuGc1	ShortUniCarbKB
G24701BA	HexNAc2Hex4dHex0NeuAc0NeuGc1Pent0S0P0KDN0HexA0	UniCarbKB
G25079LO	H4N6	ShortComp
G25079LO	HexNAc(6)Hex(4)	Byonic
G25079LO	HexNAc6Hex4	ShortUniCarbKB
G25079LO	HexNAc6Hex4dHex0NeuAc0NeuGc0Pent0S0P0KDN0HexA0	UniCarbKB
G25098MR	HexNAc(6)Hex(9)dHex(1)NeuAc(2)	Byonic
G25098MR	HexNAc6Hex9dHex1NeuAc2	ShortUniCarbKB
G25098MR	HexNAc6Hex9dHex1NeuAc2NeuGc0Pent0S0P0KDN0HexA0	UniCarbKB
G25216KM	HexNAc(7)Hex(7)dHex(1)NeuAc(3)	Byonic
G25216KM	HexNAc7Hex7dHex1NeuAc3	ShortUniCarbKB
G25216KM	HexNAc7Hex7dHex1NeuAc3NeuGc0Pent0S0P0KDN0HexA0	UniCarbKB
G25325JY	Hex(1)Pent(1)	Byonic
G25325JY	Hex1Pent1	ShortUniCarbKB
G25325JY	HexNAc0Hex1dHex0NeuAc0NeuGc0Pent1S0P0KDN0HexA0	UniCarbKB
G25700PA	H8N8	ShortComp
G25700PA	HexNAc(8)Hex(8)	Byonic
G25700PA	HexNAc8Hex8	ShortUniCarbKB
G25700PA	HexNAc8Hex8dHex0NeuAc0NeuGc0Pent0S0P0KDN0HexA0	UniCarbKB
G25928EE	HexNAc(1)Hex(4)dHex(1)	Byonic
G25928EE	HexNAc1Hex4dHex1	ShortUniCarbKB
G25928EE	HexNAc1Hex4dHex1NeuAc0NeuGc0Pent0S0P0KDN0HexA0	UniCarbKB
G25987BV	HexNAc(4)Hex(3)dHex(1)	Byonic
G25987BV	HexNAc4Hex3dHex1	ShortUniCarbKB
G25987BV	HexNAc4Hex3dHex1NeuAc0NeuGc0Pent0S0P0KDN0HexA0	UniCarbKB
G26006IS	HexNAc(7)Hex(6)dHex(1)NeuAc(3)	Byonic
G26006IS	HexNAc7Hex6dHex1NeuAc3	ShortUniCarbKB
G26006IS	HexNAc7Hex6dHex1NeuAc3NeuGc0Pent0S0P0KDN0HexA0	UniCarbKB
G26271XI	HexNAc(5)Hex(6)dHex(4)	Byonic
G26271XI	HexNAc5Hex6dHex4	ShortUniCarbKB
G26271XI	HexNAc5Hex6dHex4NeuAc0NeuGc0Pent0S0P0KDN0HexA0	UniCarbKB
G26330YA	H5N7	ShortComp
G26330YA	HexNAc(7)Hex(5)	Byonic
G26330YA	HexNAc7Hex5	ShortUniCarbKB
G26330YA	HexNAc7Hex5dHex0NeuAc0NeuGc0Pent0S0P0KDN0HexA0	UniCarbKB
G26400XV	HexNAc(2)Hex(4)dHex(1)NeuAc(2)	Byonic
G26400XV	HexNAc2Hex4dHex1NeuAc2	ShortUniCarbKB
G26400XV	HexNAc2Hex4dHex1NeuAc2NeuGc0Pent0S0P0KDN0HexA0	UniCarbKB
G26549SM	H4N7S2	ShortComp
G26549SM	HexNAc(7)Hex(4)NeuAc(2)	Byonic
G26549SM	HexNAc7Hex4NeuAc2	ShortUniCarbKB
G26549SM	HexNAc7Hex4dHex0NeuAc2NeuGc0Pent0S0P0KDN0HexA0	UniCarbKB
G26918LL	HexNAc(1)Hex(1)dHex(1)Sulpho(1)	Byonic
G26918LL	HexNAc1Hex1dHex1NeuAc0NeuGc0Pent0S1P0KDN0HexA0	UniCarbKB
G26918LL	HexNAc1Hex1dHex1S1	ShortUniCarbKB
G27033WF	HexNAc(8)Hex(9)dHex(1)NeuAc(3)	Byonic
G27033WF	HexNAc8Hex9dHex1NeuAc3	ShortUniCarbKB
G27033WF	HexNAc8Hex9dHex1NeuAc3NeuGc0Pent0S0P0KDN0HexA0	UniCarbKB
G27058EU	H5N4FS	ShortComp
G27058EU	HexNAc(4)Hex(5)Fuc(1)NeuAc(1)	Byonic
G27378DU	HexNAc(7)Hex(8)dHex(2)	Byonic
G27378DU	HexNAc7Hex8dHex2	ShortUniCarbKB
G27378DU	HexNAc7Hex8dHex2NeuAc0NeuGc0Pent0S0P0KDN0HexA0	UniCarbKB
G27391WQ	HexNAc(2)	Byonic
G27391WQ	HexNAc2	ShortUniCarbKB
G27391WQ	HexNAc2Hex0dHex0NeuAc0NeuGc0Pent0S0P0KDN0HexA0	UniCarbKB
G27391WQ	N2	ShortComp
G27622TD	HexNAc(3)Hex(5)dHex(2)	Byonic
G27622TD	HexNAc3Hex5dHex2	ShortUniCarbKB
G27622TD	HexNAc3Hex5dHex2NeuAc0NeuGc0Pent0S0P0KDN0HexA0	UniCarbKB
G27846BH	HexNAc(7)Hex(8)dHex(3)NeuAc(1)	Byonic
G27846BH	HexNAc7Hex8dHex3NeuAc1	ShortUniCarbKB
G27846BH	HexNAc7Hex8dHex3NeuAc1NeuGc0Pent0S0P0KDN0HexA0	UniCarbKB
G27947YN	H6N5S2	ShortComp
G27947YN	HexNAc(5)Hex(6)NeuAc(2)	Byonic
G27947YN	HexNAc5Hex6NeuAc2	ShortUniCarbKB
G27947YN	HexNAc5Hex6dHex0NeuAc2NeuGc0Pent0S0P0KDN0HexA0	UniCarbKB
G27997AO	HexNAc(1)Hex(1)NeuGc(1)	Byonic
G27997AO	HexNAc1Hex1NeuGc1	ShortUniCarbKB
G27997AO	HexNAc1Hex1dHex0NeuAc0NeuGc1Pent0S0P0KDN0HexA0	UniCarbKB
G28096RS	HexNAc(3)Hex(5)dHex(3)NeuAc(1)	Byonic
G28096RS	HexNAc3Hex5dHex3NeuAc1	ShortUniCarbKB
G28096RS	HexNAc3Hex5dHex3NeuAc1NeuGc0Pent0S0P0KDN0HexA0	UniCarbKB
G28155JW	HexNAc2Hex0dHex0NeuAc0NeuGc0Pent0S0P0KDN0HexA1	UniCarbKB
G28155JW	HexNAc2HexA1	ShortUniCarbKB
G28541PG	H6N3	ShortComp
G28541PG	HexNAc(3)Hex(6)	Byonic
G28541PG	HexNAc3Hex6	ShortUniCarbKB
G28541PG	HexNAc3Hex6dHex0NeuAc0NeuGc0Pent0S0P0KDN0HexA0	UniCarbKB
G28603RA	H4N7S	ShortComp
G28603RA	HexNAc(7)Hex(4)NeuAc(1)	Byonic
G28603RA	HexNAc7Hex4NeuAc1	ShortUniCarbKB
G28603RA	HexNAc7Hex4dHex0NeuAc1NeuGc0Pent0S0P0KDN0HexA0	UniCarbKB
G28622IK	H7N7	ShortComp
G28622IK	HexNAc(7)Hex(7)	Byonic
G28622IK	HexNAc7Hex7	ShortUniCarbKB
G28622IK	HexNAc7Hex7dHex0NeuAc0NeuGc0Pent0S0P0KDN0HexA0	UniCarbKB
G28681TP	H3N2	ShortComp
G28681TP	HexNAc(2)Hex(3)	Byonic
G28681TP	HexNAc2Hex3	ShortUniCarbKB
G28681TP	HexNAc2Hex3dHex0NeuAc0NeuGc0Pent0S0P0KDN0HexA0	UniCarbKB
G28905MY	H8N3	ShortComp
G28905MY	HexNAc(3)Hex(8)	Byonic
G28905MY	HexNAc3Hex8	ShortUniCarbKB
G28905MY	HexNAc3Hex8dHex0NeuAc0NeuGc0Pent0S0P0KDN0HexA0	UniCarbKB
G28937TW	HexNAc(5)Hex(5)dHex(1)NeuAc(3)	Byonic
G28937TW	HexNAc5Hex5dHex1NeuAc3	ShortUniCarbKB
G28937TW	HexNAc5Hex5dHex1NeuAc3NeuGc0Pent0S0P0KDN0HexA0	UniCarbKB
G28985UO	HexNAc4Hex0dHex0NeuAc0NeuGc0Pent0S0P0KDN0HexA4	UniCarbKB
G28985UO	HexNAc4HexA4	ShortUniCarbKB
G28997IA	HexNAc(3)Hex(3)dHex(2)	Byonic
G28997IA	HexNAc3Hex3dHex2	ShortUniCarbKB
G28997IA	HexNAc3Hex3dHex2NeuAc0NeuGc0Pent0S0P0KDN0HexA0	UniCarbKB
G29063QY	H2N4	ShortComp
G29063QY	HexNAc(4)Hex(2)	Byonic
G29063QY	HexNAc4Hex2	ShortUniCarbKB
G29063QY	HexNAc4Hex2dHex0NeuAc0NeuGc0Pent0S0P0KDN0HexA0	UniCarbKB
G29068FM	HexNAc(1)	Byonic
G29068FM	HexNAc1	ShortUniCarbKB
G29068FM	HexNAc1Hex0dHex0NeuAc0NeuGc0Pent0S0P0KDN0HexA0	UniCarbKB
G29068FM	N	ShortComp
G29084PT	HexNAc(1)Hex(4)dHex(1)NeuAc(2)	Byonic
G29084PT	HexNAc1Hex4dHex1NeuAc2	ShortUniCarbKB
G29084PT	HexNAc1Hex4dHex1NeuAc2NeuGc0Pent0S0P0KDN0HexA0	UniCarbKB
G29279QO	HexNAc(4)Hex(5)dHex(1)NeuAc(1)NeuGc(1)	Byonic
G29279QO	HexNAc4Hex5dHex1NeuAc1NeuGc1	ShortUniCarbKB
G29279QO	HexNAc4Hex5dHex1NeuAc1NeuGc1Pent0S0P0KDN0HexA0	UniCarbKB
G29651HS	HexNAc(5)Hex(5)dHex(2)	Byonic
G29651HS	HexNAc5Hex5dHex2	ShortUniCarbKB
G29651HS	HexNAc5Hex5dHex2NeuAc0NeuGc0Pent0S0P0KDN0HexA0	UniCarbKB
G30123TP	HexNAc(4)Hex(5)dHex(2)NeuGc(1)	Byonic
G30123TP	HexNAc4Hex5dHex2NeuAc0NeuGc1Pent0S0P0KDN0HexA0	UniCarbKB
G30123TP	HexNAc4Hex5dHex2NeuGc1	ShortUniCarbKB
G30190ML	HN4	ShortComp
G30190ML	HexNAc(4)Hex(1)	Byonic
G30190ML	HexNAc4Hex1	ShortUniCarbKB
G30190ML	HexNAc4Hex1dHex0NeuAc0NeuGc0Pent0S0P0KDN0HexA0	UniCarbKB
G30418WA	HexNAc(4)Hex(6)dHex(4)NeuAc(2)	Byonic
G30418WA	HexNAc4Hex6dHex4NeuAc2	ShortUniCarbKB
G30418WA	HexNAc4Hex6dHex4NeuAc2NeuGc0Pent0S0P0KDN0HexA0	UniCarbKB
G30621VE	HexNAc(5)Hex(6)dHex(3)NeuAc(2)	Byonic
G30621VE	HexNAc5Hex6dHex3NeuAc2	ShortUniCarbKB
G30621VE	HexNAc5Hex6dHex3NeuAc2NeuGc0Pent0S0P0KDN0HexA0	UniCarbKB
G30630UO	HexNAc(8)Hex(5)dHex(1)	Byonic
G30630UO	HexNAc8Hex5dHex1	ShortUniCarbKB
G30630UO	HexNAc8Hex5dHex1NeuAc0NeuGc0Pent0S0P0KDN0HexA0	UniCarbKB
G31016RR	HexNAc(3)Hex(7)dHex(2)	Byonic
G31016RR	HexNAc3Hex7dHex2	ShortUniCarbKB
G31016RR	HexNAc3Hex7dHex2NeuAc0NeuGc0Pent0S0P0KDN0HexA0	UniCarbKB
G31028YV	H3N9	ShortComp
G31028YV	HexNAc(9)Hex(3)	Byonic
G31028YV	HexNAc9Hex3	ShortUniCarbKB
G31028YV	HexNAc9Hex3dHex0NeuAc0NeuGc0Pent0S0P0KDN0HexA0	UniCarbKB
G31166QV	H4N8S	ShortComp
G31166QV	HexNAc(8)Hex(4)NeuAc(1)	Byonic
G31166QV	HexNAc8Hex4NeuAc1	ShortUniCarbKB
G31166QV	HexNAc8Hex4dHex0NeuAc1NeuGc0Pent0S0P0KDN0HexA0	UniCarbKB
G31282CB	HexNAc(2)Sulpho(1)	Byonic
G31282CB	HexNAc2Hex0dHex0NeuAc0NeuGc0Pent0S1P0KDN0HexA0	UniCarbKB
G31282CB	HexNAc2S1	ShortUniCarbKB
G31458KO	HexNAc(7)Hex(10)dHex(2)	Byonic
G31458KO	HexNAc7Hex10dHex2	ShortUniCarbKB
G31458KO	HexNAc7Hex10dHex2NeuAc0NeuGc0Pent0S0P0KDN0HexA0	UniCarbKB
G31483BB	HexNAc(8)Hex(3)dHex(2)	Byonic
G31483BB	HexNAc8Hex3dHex2	ShortUniCarbKB
G31483BB	HexNAc8Hex3dHex2NeuAc0NeuGc0Pent0S0P0KDN0HexA0	UniCarbKB
G31632CJ	HexNAc(5)Hex(4)dHex(4)	Byonic
G31632CJ	HexNAc5Hex4dHex4	ShortUniCarbKB
G31632CJ	HexNAc5Hex4dHex4NeuAc0NeuGc0Pent0S0P0KDN0HexA0	UniCarbKB
G31852PQ	H7N2	ShortComp
G31852PQ	HexNAc(2)Hex(7)	Byonic
G31852PQ	HexNAc2Hex7	ShortUniCarbKB
G31852PQ	HexNAc2Hex7dHex0NeuAc0NeuGc0Pent0S0P0KDN0HexA0	UniCarbKB
G31986NC	H7N4S	ShortComp
G31986NC	HexNAc(4)Hex(7)NeuAc(1)	Byonic
G31986NC	HexNAc4Hex7NeuAc1	ShortUniCarbKB
G31986NC	HexNAc4Hex7dHex0NeuAc1NeuGc0Pent0S0P0KDN0HexA0	UniCarbKB
G32030CB	H6	ShortComp
G32030CB	Hex(6)	Byonic
G32030CB	Hex6	ShortUniCarbKB
G32030CB	HexNAc0Hex6dHex0NeuAc0NeuGc0Pent0S0P0KDN0HexA0	UniCarbKB
G32406CO	HexNAc(2)Hex(1)Sulpho(1)	Byonic
G32406CO	HexNAc2Hex1S1	ShortUniCarbKB
G32406CO	HexNAc2Hex1dHex0NeuAc0NeuGc0Pent0S1P0KDN0HexA0	UniCarbKB
G32633LC	HexNAc(5)Hex(7)dHex(1)NeuAc(1)	Byonic
G32633LC	HexNAc5Hex7dHex1NeuAc1	ShortUniCarbKB
G32633LC	HexNAc5Hex7dHex1NeuAc1NeuGc0Pent0S0P0KDN0HexA0	UniCarbKB
G32899LT	HexNAc(2)Hex(3)dHex(1)NeuAc(1)	Byonic
G32899LT	HexNAc2Hex3dHex1NeuAc1	ShortUniCarbKB
G32899LT	HexNAc2Hex3dHex1NeuAc1NeuGc0Pent0S0P0KDN0HexA0	UniCarbKB
G32926LW	HexNAc(6)Hex(7)dHex(1)NeuAc(2)	Byonic
G32926LW	HexNAc6Hex7dHex1NeuAc2	ShortUniCarbKB
G32926LW	HexNAc6Hex7dHex1NeuAc2NeuGc0Pent0S0P0KDN0HexA0	UniCarbKB
G33147DG	HexNAc0Hex0dHex0NeuAc2NeuGc0Pent0S0P0KDN0HexA0	UniCarbKB
G33147DG	NeuAc(2)	Byonic
G33147DG	NeuAc2	ShortUniCarbKB
G33147DG	S2	ShortComp
G33556XM	HexNAc(6)Hex(3)dHex(1)NeuAc(1)	Byonic
G33556XM	HexNAc6Hex3dHex1NeuAc1	ShortUniCarbKB
G33556XM	HexNAc6Hex3dHex1NeuAc1NeuGc0Pent0S0P0KDN0HexA0	UniCarbKB
G33623LN	HexNAc2Hex0dHex0NeuAc0NeuGc0Pent0S0P0KDN0HexA2	UniCarbKB
G33623LN	HexNAc2HexA2	ShortUniCarbKB
G33635AG	HexNAc(7)Hex(6)dHex(3)	Byonic
G33635AG	HexNAc7Hex6dHex3	ShortUniCarbKB
G33635AG	HexNAc7Hex6dHex3NeuAc0NeuGc0Pent0S0P0KDN0HexA0	UniCarbKB
G34029GR	H4N7	ShortComp
G34029GR	HexNAc(7)Hex(4)	Byonic
G34029GR	HexNAc7Hex4	ShortUniCarbKB
G34029GR	HexNAc7Hex4dHex0NeuAc0NeuGc0Pent0S0P0KDN0HexA0	UniCarbKB
G34516JZ	H3N3S	ShortComp
G34516JZ	HexNAc(3)Hex(3)NeuAc(1)	Byonic
G34516JZ	HexNAc3Hex3NeuAc1	ShortUniCarbKB
G34516JZ	HexNAc3Hex3dHex0NeuAc1NeuGc0Pent0S0P0KDN0HexA0	UniCarbKB
G34852SB	HexNAc(6)Hex(6)dHex(3)	Byonic
G34852SB	HexNAc6Hex6dHex3	ShortUniCarbKB
G34852SB	HexNAc6Hex6dHex3NeuAc0NeuGc0Pent0S0P0KDN0HexA0	UniCarbKB
G35029YA	H3N4	ShortComp
G35029YA	HexNAc(4)Hex(3)	Byonic
G35029YA	HexNAc4Hex3	ShortUniCarbKB
G35029YA	HexNAc4Hex3dHex0NeuAc0NeuGc0Pent0S0P0KDN0HexA0	UniCarbKB
G35235RT	HexNAc(3)Hex(5)dHex(2)NeuAc(1)	Byonic
G35235RT	HexNAc3Hex5dHex2NeuAc1	ShortUniCarbKB
G35235RT	HexNAc3Hex5dHex2NeuAc1NeuGc0Pent0S0P0KDN0HexA0	UniCarbKB
G35236NV	HexNAc2Hex3HexA1	ShortUniCarbKB
G35236NV	HexNAc2Hex3dHex0NeuAc0NeuGc0Pent0S0P0KDN0HexA1	UniCarbKB
G35726GI	HexNAc(1)Hex(2)dHex(3)	Byonic
G35726GI	HexNAc1Hex2dHex3	ShortUniCarbKB
G35726GI	HexNAc1Hex2dHex3NeuAc0NeuGc0Pent0S0P0KDN0HexA0	UniCarbKB
G36003IU	H7N10	ShortComp
G36003IU	HexNAc(10)Hex(7)	Byonic
G36003IU	HexNAc10Hex7	ShortUniCarbKB
G36003IU	HexNAc10Hex7dHex0NeuAc0NeuGc0Pent0S0P0KDN0HexA0	UniCarbKB
G36357CE	HexNAc(5)Hex(4)dHex(4)NeuAc(2)	Byonic
G36357CE	HexNAc5Hex4dHex4NeuAc2	ShortUniCarbKB
G36357CE	HexNAc5Hex4dHex4NeuAc2NeuGc0Pent0S0P0KDN0HexA0	UniCarbKB
G36379GD	H3N3F	ShortComp
G36379GD	HexNAc(3)Hex(3)Fuc(1)	Byonic
G36653TZ	HexNAc4Hex0dHex0NeuAc0NeuGc0Pent0S0P0KDN0HexA3	UniCarbKB
G36653TZ	HexNAc4HexA3	ShortUniCarbKB
G36670VW	HexNAc(5)Hex(5)dHex(1)NeuAc(2)	Byonic
G36670VW	HexNAc5Hex5dHex1NeuAc2	ShortUniCarbKB
G36670VW	HexNAc5Hex5dHex1NeuAc2NeuGc0Pent0S0P0KDN0HexA0	UniCarbKB
G36699NY	HexNAc(7)Hex(8)dHex(4)NeuAc(5)	Byonic
G36699NY	HexNAc7Hex8dHex4NeuAc5	ShortUniCarbKB
G36699NY	HexNAc7Hex8dHex4NeuAc5NeuGc0Pent0S0P0KDN0HexA0	UniCarbKB
G36823XT	HexNAc(1)Hex(3)dHex(1)NeuGc(1)	Byonic
G36823XT	HexNAc1Hex3dHex1NeuAc0NeuGc1Pent0S0P0KDN0HexA0	UniCarbKB
G36823XT	HexNAc1Hex3dHex1NeuGc1	ShortUniCarbKB
G36923NX	HexNAc(4)Hex(3)dHex(1)NeuAc(1)	Byonic
G36923NX	HexNAc4Hex3dHex1NeuAc1	ShortUniCarbKB
G36923NX	HexNAc4Hex3dHex1NeuAc1NeuGc0Pent0S0P0KDN0HexA0	UniCarbKB
G37092BG	H2NS2	ShortComp
G37092BG	HexNAc(1)Hex(2)NeuAc(2)	Byonic
G37092BG	HexNAc1Hex2NeuAc2	ShortUniCarbKB
G37092BG	HexNAc1Hex2dHex0NeuAc2NeuGc0Pent0S0P0KDN0HexA0	UniCarbKB
G37399XV	H5N3S	ShortComp
G37399XV	HexNAc(3)Hex(5)NeuAc(1)	Byonic
G37399XV	HexNAc3Hex5NeuAc1	ShortUniCarbKB
G37399XV	HexNAc3Hex5dHex0NeuAc1NeuGc0Pent0S0P0KDN0HexA0	UniCarbKB
G37412TK	H4N5S2	ShortComp
G37412TK	HexNAc(5)Hex(4)NeuAc(2)	Byonic
G37412TK	HexNAc5Hex4NeuAc2	ShortUniCarbKB
G37412TK	HexNAc5Hex4dHex0NeuAc2NeuGc0Pent0S0P0KDN0HexA0	UniCarbKB
G37659EV	HexNAc(9)Hex(4)dHex(1)	Byonic
G37659EV	HexNAc9Hex4dHex1	ShortUniCarbKB
G37659EV	HexNAc9Hex4dHex1NeuAc0NeuGc0Pent0S0P0KDN0HexA0	UniCarbKB
G37818NZ	H7N6S2	ShortComp
G37818NZ	HexNAc(6)Hex(7)NeuAc(2)	Byonic
G37818NZ	HexNAc6Hex7NeuAc2	ShortUniCarbKB
G37818NZ	HexNAc6Hex7dHex0NeuAc2NeuGc0Pent0S0P0KDN0HexA0	UniCarbKB
G38025DM	H2NS	ShortComp
G38025DM	HexNAc(1)Hex(2)NeuAc(1)	Byonic
G38025DM	HexNAc1Hex2NeuAc1	ShortUniCarbKB
G38025DM	HexNAc1Hex2dHex0NeuAc1NeuGc0Pent0S0P0KDN0HexA0	UniCarbKB
G38052JH	HexNAc3Hex0dHex0NeuAc0NeuGc0Pent0S0P0KDN0HexA4	UniCarbKB
G38052JH	HexNAc3HexA4	ShortUniCarbKB
G38398KX	HexNAc(9)Hex(1)dHex(1)	Byonic
G38398KX	HexNAc9Hex1dHex1	ShortUniCarbKB
G38398KX	HexNAc9Hex1dHex1NeuAc0NeuGc0Pent0S0P0KDN0HexA0	UniCarbKB
G38441AG	H9N4	ShortComp
G38441AG	HexNAc(4)Hex(9)	Byonic
G38441AG	HexNAc4Hex9	ShortUniCarbKB
G38441AG	HexNAc4Hex9dHex0NeuAc0NeuGc0Pent0S0P0KDN0HexA0	UniCarbKB
G38621WW	Hex(2)Phospho(1)	Byonic
G38621WW	Hex2P1	ShortUniCarbKB
G38621WW	HexNAc0Hex2dHex0NeuAc0NeuGc0Pent0S0P1KDN0HexA0	UniCarbKB
G38680WX	HexNAc(7)Hex(7)dHex(4)	Byonic
G38680WX	HexNAc7Hex7dHex4	ShortUniCarbKB
G38680WX	HexNAc7Hex7dHex4NeuAc0NeuGc0Pent0S0P0KDN0HexA0	UniCarbKB
G38769OU	HexNAc(2)Hex(4)dHex(2)	Byonic
G38769OU	HexNAc2Hex4dHex2	ShortUniCarbKB
G38769OU	HexNAc2Hex4dHex2NeuAc0NeuGc0Pent0S0P0KDN0HexA0	UniCarbKB
G39258LN	HexNAc(11)Hex(11)dHex(1)	Byonic
G39258LN	HexNAc11Hex11dHex1	ShortUniCarbKB
G39258LN	HexNAc11Hex11dHex1NeuAc0NeuGc0Pent0S0P0KDN0HexA0	UniCarbKB
G39329TJ	Hex(2)dHex(2)	Byonic
G39329TJ	Hex2dHex2	ShortUniCarbKB
G39329TJ	HexNAc0Hex2dHex2NeuAc0NeuGc0Pent0S0P0KDN0HexA0	UniCarbKB
G39365VM	H3	ShortComp
G39365VM	Hex(3)	Byonic
G39365VM	Hex3	ShortUniCarbKB
G39365VM	HexNAc0Hex3dHex0NeuAc0NeuGc0Pent0S0P0KDN0HexA0	UniCarbKB
G39408GQ	H9N7S4	ShortComp
G39408GQ	HexNAc(7)Hex(9)NeuAc(4)	Byonic
G39408GQ	HexNAc7Hex9NeuAc4	ShortUniCarbKB
G39408GQ	HexNAc7Hex9dHex0NeuAc4NeuGc0Pent0S0P0KDN0HexA0	UniCarbKB
G39411LN	HexNAc(5)Hex(4)Sulpho(1)	Byonic
G39411LN	HexNAc5Hex4S1	ShortUniCarbKB
G39411LN	HexNAc5Hex4dHex0NeuAc0NeuGc0Pent0S1P0KDN0HexA0	UniCarbKB
G39446WN	H5N3	ShortComp
G39446WN	HexNAc(3)Hex(5)	Byonic
G39446WN	HexNAc3Hex5	ShortUniCarbKB
G39446WN	HexNAc3Hex5dHex0NeuAc0NeuGc0Pent0S0P0KDN0HexA0	UniCarbKB
G39471UU	H9N8	ShortComp
G39471UU	HexNAc(8)Hex(9)	Byonic
G39471UU	HexNAc8Hex9	ShortUniCarbKB
G39471UU	HexNAc8Hex9dHex0NeuAc0NeuGc0Pent0S0P0KDN0HexA0	UniCarbKB
G39689FZ	HexNAc(5)Hex(6)dHex(4)NeuAc(1)	Byonic
G39689FZ	HexNAc5Hex6dHex4NeuAc1	ShortUniCarbKB
G39689FZ	HexNAc5Hex6dHex4NeuAc1NeuGc0Pent0S0P0KDN0HexA0	UniCarbKB
G39916IH	HexNAc(2)Hex(4)dHex(1)NeuAc(1)	Byonic
G39916IH	HexNAc2Hex4dHex1NeuAc1	ShortUniCarbKB
G39916IH	HexNAc2Hex4dHex1NeuAc1NeuGc0Pent0S0P0KDN0HexA0	UniCarbKB
G39927PF	H3N2S2	ShortComp
G39927PF	HexNAc(2)Hex(3)NeuAc(2)	Byonic
G39927PF	HexNAc2Hex3NeuAc2	ShortUniCarbKB
G39927PF	HexNAc2Hex3dHex0NeuAc2NeuGc0Pent0S0P0KDN0HexA0	UniCarbKB
G40206WX	H4N9	ShortComp
G40206WX	HexNAc(9)Hex(4)	Byonic
G40206WX	HexNAc9Hex4	ShortUniCarbKB
G40206WX	HexNAc9Hex4dHex0NeuAc0NeuGc0Pent0S0P0KDN0HexA0	UniCarbKB
G40664HB	HexNAc(4)Hex(4)dHex(2)NeuAc(1)	Byonic
G40664HB	HexNAc4Hex4dHex2NeuAc1	ShortUniCarbKB
G40664HB	HexNAc4Hex4dHex2NeuAc1NeuGc0Pent0S0P0KDN0HexA0	UniCarbKB
G40740AD	HexNAc(3)	Byonic
G40740AD	HexNAc3	ShortUniCarbKB
G40740AD	HexNAc3Hex0dHex0NeuAc0NeuGc0Pent0S0P0KDN0HexA0	UniCarbKB
G40740AD	N3	ShortComp
G40792UP	HexNAc(5)Hex(3)dHex(2)	Byonic
G40792UP	HexNAc5Hex3dHex2	ShortUniCarbKB
G40792UP	HexNAc5Hex3dHex2NeuAc0NeuGc0Pent0S0P0KDN0HexA0	UniCarbKB
G40834TG	H6N4S2	ShortComp
G40834TG	HexNAc(4)Hex(6)NeuAc(2)	Byonic
G40834TG	HexNAc4Hex6NeuAc2	ShortUniCarbKB
G40834TG	HexNAc4Hex6dHex0NeuAc2NeuGc0Pent0S0P0KDN0HexA0	UniCarbKB
G40926MX	H6N5S	ShortComp
G40926MX	HexNAc(5)Hex(6)NeuAc(1)	Byonic
G40926MX	HexNAc5Hex6NeuAc1	ShortUniCarbKB
G40926MX	HexNAc5Hex6dHex0NeuAc1NeuGc0Pent0S0P0KDN0HexA0	UniCarbKB
G40959OV	HexNAc(3)Hex(7)dHex(1)	Byonic
G40959OV	HexNAc3Hex7dHex1	ShortUniCarbKB
G40959OV	HexNAc3Hex7dHex1NeuAc0NeuGc0Pent0S0P0KDN0HexA0	UniCarbKB
G41044JW	HexNAc(6)Hex(7)dHex(1)NeuAc(3)	Byonic
G41044JW	HexNAc6Hex7dHex1NeuAc3	ShortUniCarbKB
G41044JW	HexNAc6Hex7dHex1NeuAc3NeuGc0Pent0S0P0KDN0HexA0	UniCarbKB
G41126SR	HexNAc(5)Hex(6)dHex(3)	Byonic
G41126SR	HexNAc5Hex6dHex3	ShortUniCarbKB
G41126SR	HexNAc5Hex6dHex3NeuAc0NeuGc0Pent0S0P0KDN0HexA0	UniCarbKB
G41247ZX	H6N2	ShortComp
G41247ZX	HexNAc(2)Hex(6)	Byonic
G41247ZX	HexNAc2Hex6	ShortUniCarbKB
G41247ZX	HexNAc2Hex6dHex0NeuAc0NeuGc0Pent0S0P0KDN0HexA0	UniCarbKB
G41491RX	H6N9	ShortComp
G41491RX	HexNAc(9)Hex(6)	Byonic
G41491RX	HexNAc9Hex6	ShortUniCarbKB
G41491RX	HexNAc9Hex6dHex0NeuAc0NeuGc0Pent0S0P0KDN0HexA0	UniCarbKB
G42032FN	HexNAc(2)Hex(3)dHex(1)Pent(1)	Byonic
G42032FN	HexNAc2Hex3dHex1NeuAc0NeuGc0Pent1S0P0KDN0HexA0	UniCarbKB
G42032FN	HexNAc2Hex3dHex1Pent1	ShortUniCarbKB
G42124LM	H4N5F	ShortComp
G42124LM	HexNAc(5)Hex(4)Fuc(1)	Byonic
G42518JM	Hex(1)Pent(2)	Byonic
G42518JM	Hex1Pent2	ShortUniCarbKB
G42518JM	HexNAc0Hex1dHex0NeuAc0NeuGc0Pent2S0P0KDN0HexA0	UniCarbKB
G42789YX	HexNAc(6)Hex(7)dHex(3)	Byonic
G42789YX	HexNAc6Hex7dHex3	ShortUniCarbKB
G42789YX	HexNAc6Hex7dHex3NeuAc0NeuGc0Pent0S0P0KDN0HexA0	UniCarbKB
G42817NX	HexNAc(6)Hex(3)Sulpho(2)	Byonic
G42817NX	HexNAc6Hex3S2	ShortUniCarbKB
G42817NX	HexNAc6Hex3dHex0NeuAc0NeuGc0Pent0S2P0KDN0HexA0	UniCarbKB
G43037OL	HexNAc(5)Hex(9)dHex(2)	Byonic
G43037OL	HexNAc5Hex9dHex2	ShortUniCarbKB
G43037OL	HexNAc5Hex9dHex2NeuAc0NeuGc0Pent0S0P0KDN0HexA0	UniCarbKB
G43071TH	HexNAc(1)Hex(4)NeuGc(1)	Byonic
G43071TH	HexNAc1Hex4NeuGc1	ShortUniCarbKB
G43071TH	HexNAc1Hex4dHex0NeuAc0NeuGc1Pent0S0P0KDN0HexA0	UniCarbKB
G43417UB	HN	ShortComp
G43417UB	HexNAc(1)Hex(1)	Byonic
G43417UB	HexNAc1Hex1	ShortUniCarbKB
G43417UB	HexNAc1Hex1dHex0NeuAc0NeuGc0Pent0S0P0KDN0HexA0	UniCarbKB
G43560PI	HexNAc(7)Hex(4)dHex(2)	Byonic
G43560PI	HexNAc7Hex4dHex2	ShortUniCarbKB
G43560PI	HexNAc7Hex4dHex2NeuAc0NeuGc0Pent0S0P0KDN0HexA0	UniCarbKB
G43638QT	HexNAc(6)Hex(5)dHex(1)NeuAc(1)	Byonic
G43638QT	HexNAc6Hex5dHex1NeuAc1	ShortUniCarbKB
G43638QT	HexNAc6Hex5dHex1NeuAc1NeuGc0Pent0S0P0KDN0HexA0	UniCarbKB
G43669FQ	H7N6	ShortComp
G43669FQ	HexNAc(6)Hex(7)	Byonic
G43669FQ	HexNAc6Hex7	ShortUniCarbKB
G43669FQ	HexNAc6Hex7dHex0NeuAc0NeuGc0Pent0S0P0KDN0HexA0	UniCarbKB
G43709WM	H3N2S	ShortComp
G43709WM	HexNAc(2)Hex(3)NeuAc(1)	Byonic
G43709WM	HexNAc2Hex3NeuAc1	ShortUniCarbKB
G43709WM	HexNAc2Hex3dHex0NeuAc1NeuGc0Pent0S0P0KDN0HexA0	UniCarbKB
G43734MM	H6N7	ShortComp
G43734MM	HexNAc(7)Hex(6)	Byonic
G43734MM	HexNAc7Hex6	ShortUniCarbKB
G43734MM	HexNAc7Hex6dHex0NeuAc0NeuGc0Pent0S0P0KDN0HexA0	UniCarbKB
G43769HG	H5N6	ShortComp
G43769HG	HexNAc(6)Hex(5)	Byonic
G43769HG	HexNAc6Hex5	ShortUniCarbKB
G43769HG	HexNAc6Hex5dHex0NeuAc0NeuGc0Pent0S0P0KDN0HexA0	UniCarbKB
G43806FA	HexNAc(6)Hex(9)dHex(5)	Byonic
G43806FA	HexNAc6Hex9dHex5	ShortUniCarbKB
G43806FA	HexNAc6Hex9dHex5NeuAc0NeuGc0Pent0S0P0KDN0HexA0	UniCarbKB
G44211QA	HexNAc(5)Hex(6)dHex(1)	Byonic
G44211QA	HexNAc5Hex6dHex1	ShortUniCarbKB
G44211QA	HexNAc5Hex6dHex1NeuAc0NeuGc0Pent0S0P0KDN0HexA0	UniCarbKB
G44753VC	H7N6S	ShortComp
G44753VC	HexNAc(6)Hex(7)NeuAc(1)	Byonic
G44753VC	HexNAc6Hex7NeuAc1	ShortUniCarbKB
G44753VC	HexNAc6Hex7dHex0NeuAc1NeuGc0Pent0S0P0KDN0HexA0	UniCarbKB
G44900JK	HexNAc(4)Hex(8)dHex(2)NeuAc(1)	Byonic
G44900JK	HexNAc4Hex8dHex2NeuAc1	ShortUniCarbKB
G44900JK	HexNAc4Hex8dHex2NeuAc1NeuGc0Pent0S0P0KDN0HexA0	UniCarbKB
G44953PJ	HexNAc(5)Hex(4)dHex(1)NeuAc(1)	Byonic
G44953PJ	HexNAc5Hex4dHex1NeuAc1	ShortUniCarbKB
G44953PJ	HexNAc5Hex4dHex1NeuAc1NeuGc0Pent0S0P0KDN0HexA0	UniCarbKB
G45504EY	H4N4S	ShortComp
G45504EY	HexNAc(4)Hex(4)NeuAc(1)	Byonic
G45504EY	HexNAc4Hex4NeuAc1	ShortUniCarbKB
G45504EY	HexNAc4Hex4dHex0NeuAc1NeuGc0Pent0S0P0KDN0HexA0	UniCarbKB
G45586SP	HexNAc1Hex0dHex0NeuAc0NeuGc0Pent1S0P0KDN0HexA1	UniCarbKB
G45586SP	HexNAc1Pent1HexA1	ShortUniCarbKB
G45703RF	H9N	ShortComp
G45703RF	HexNAc(1)Hex(9)	Byonic
G45703RF	HexNAc1Hex9	ShortUniCarbKB
G45703RF	HexNAc1Hex9dHex0NeuAc0NeuGc0Pent0S0P0KDN0HexA0	UniCarbKB
G45759AR	HexNAc(1)Hex(5)dHex(2)	Byonic
G45759AR	HexNAc1Hex5dHex2	ShortUniCarbKB
G45759AR	HexNAc1Hex5dHex2NeuAc0NeuGc0Pent0S0P0KDN0HexA0	UniCarbKB
G46177TS	HexNAc(6)Hex(6)dHex(4)	Byonic
G46177TS	HexNAc6Hex6dHex4	ShortUniCarbKB
G46177TS	HexNAc6Hex6dHex4NeuAc0NeuGc0Pent0S0P0KDN0HexA0	UniCarbKB
G46503DX	H3N4S2	ShortComp
G46503DX	HexNAc(4)Hex(3)NeuAc(2)	Byonic
G46503DX	HexNAc4Hex3NeuAc2	ShortUniCarbKB
G46503DX	HexNAc4Hex3dHex0NeuAc2NeuGc0Pent0S0P0KDN0HexA0	UniCarbKB
G46784SU	HexNAc(4)Hex(8)dHex(2)	Byonic
G46784SU	HexNAc4Hex8dHex2	ShortUniCarbKB
G46784SU	HexNAc4Hex8dHex2NeuAc0NeuGc0Pent0S0P0KDN0HexA0	UniCarbKB
G46823ME	HexNAc(4)Hex(4)dHex(2)NeuAc(3)	Byonic
G46823ME	HexNAc4Hex4dHex2NeuAc3	ShortUniCarbKB
G46823ME	HexNAc4Hex4dHex2NeuAc3NeuGc0Pent0S0P0KDN0HexA0	UniCarbKB
G46982GD	HexNAc(8)Hex(3)dHex(1)	Byonic
G46982GD	HexNAc8Hex3dHex1	ShortUniCarbKB
G46982GD	HexNAc8Hex3dHex1NeuAc0NeuGc0Pent0S0P0KDN0HexA0	UniCarbKB
G47621XV	HexNAc(3)Hex(4)dHex(1)NeuAc(2)	Byonic
G47621XV	HexNAc3Hex4dHex1NeuAc2	ShortUniCarbKB
G47621XV	HexNAc3Hex4dHex1NeuAc2NeuGc0Pent0S0P0KDN0HexA0	UniCarbKB
G47644PP	H4N3FS	ShortComp
G47644PP	HexNAc(3)Hex(4)Fuc(1)NeuAc(1)	Byonic
G47737VJ	HexNAc(4)Hex(5)dHex(2)NeuAc(1)	Byonic
G47737VJ	HexNAc4Hex5dHex2NeuAc1	ShortUniCarbKB
G47737VJ	HexNAc4Hex5dHex2NeuAc1NeuGc0Pent0S0P0KDN0HexA0	UniCarbKB
G47913JC	HexNAc(3)Hex(5)NeuGc(1)	Byonic
G47913JC	HexNAc3Hex5NeuGc1	ShortUniCarbKB
G47913JC	HexNAc3Hex5dHex0NeuAc0NeuGc1Pent0S0P0KDN0HexA0	UniCarbKB
G47957HH	HexNAc0Hex0dHex0NeuAc0NeuGc0Pent1S0P0KDN0HexA0	UniCarbKB
G47957HH	Pent(1)	Byonic
G47957HH	Pent1	ShortUniCarbKB
G48053DU	HexNAc(6)Hex(5)dHex(3)	Byonic
G48053DU	HexNAc6Hex5dHex3	ShortUniCarbKB
G48053DU	HexNAc6Hex5dHex3NeuAc0NeuGc0Pent0S0P0KDN0HexA0	UniCarbKB
G48149UR	HexNAc(6)Hex(6)dHex(3)NeuAc(1)	Byonic
G48149UR	HexNAc6Hex6dHex3NeuAc1	ShortUniCarbKB
G48149UR	HexNAc6Hex6dHex3NeuAc1NeuGc0Pent0S0P0KDN0HexA0	UniCarbKB
G48927BJ	Hex(3)dHex(1)	Byonic
G48927BJ	Hex3dHex1	ShortUniCarbKB
G48927BJ	HexNAc0Hex3dHex1NeuAc0NeuGc0Pent0S0P0KDN0HexA0	UniCarbKB
G49012OF	HexNAc2Hex0dHex0NeuAc0NeuGc0Pent0S1P0KDN0HexA1	UniCarbKB
G49012OF	HexNAc2S1HexA1	ShortUniCarbKB
G49035CH	HexNAc(6)Hex(6)dHex(2)NeuAc(1)	Byonic
G49035CH	HexNAc6Hex6dHex2NeuAc1	ShortUniCarbKB
G49035CH	HexNAc6Hex6dHex2NeuAc1NeuGc0Pent0S0P0KDN0HexA0	UniCarbKB
G49112ZN	F	ShortComp
G49112ZN	Fuc(1)	Byonic
G49284IH	HexNAc(4)Hex(6)dHex(2)NeuAc(1)	Byonic
G49284IH	HexNAc4Hex6dHex2NeuAc1	ShortUniCarbKB
G49284IH	HexNAc4Hex6dHex2NeuAc1NeuGc0Pent0S0P0KDN0HexA0	UniCarbKB
G49345XT	HexNAc(4)Hex(7)dHex(2)	Byonic
G49345XT	HexNAc4Hex7dHex2	ShortUniCarbKB
G49345XT	HexNAc4Hex7dHex2NeuAc0NeuGc0Pent0S0P0KDN0HexA0	UniCarbKB
G49739MP	HexNAc(6)Hex(7)dHex(1)	Byonic
G49739MP	HexNAc6Hex7dHex1	ShortUniCarbKB
G49739MP	HexNAc6Hex7dHex1NeuAc0NeuGc0Pent0S0P0KDN0HexA0	UniCarbKB
G49906RN	H6N6	ShortComp
G49906RN	HexNAc(6)Hex(6)	Byonic
G49906RN	HexNAc6Hex6	ShortUniCarbKB
G49906RN	HexNAc6Hex6dHex0NeuAc0NeuGc0Pent0S0P0KDN0HexA0	UniCarbKB
G49955PK	H3N5	ShortComp
G49955PK	HexNAc(5)Hex(3)	Byonic
G49955PK	HexNAc5Hex3	ShortUniCarbKB
G49955PK	HexNAc5Hex3dHex0NeuAc0NeuGc0Pent0S0P0KDN0HexA0	UniCarbKB
G50030TB	HexNAc(10)Hex(11)dHex(2)	Byonic
G50030TB	HexNAc10Hex11dHex2	ShortUniCarbKB
G50030TB	HexNAc10Hex11dHex2NeuAc0NeuGc0Pent0S0P0KDN0HexA0	UniCarbKB
G50073PQ	HexNAc(4)Hex(4)dHex(2)	Byonic
G50073PQ	HexNAc4Hex4dHex2	ShortUniCarbKB
G50073PQ	HexNAc4Hex4dHex2NeuAc0NeuGc0Pent0S0P0KDN0HexA0	UniCarbKB
G50143PC	HexNAc(9)Hex(7)dHex(1)NeuAc(2)	Byonic
G50143PC	HexNAc9Hex7dHex1NeuAc2	ShortUniCarbKB
G50143PC	HexNAc9Hex7dHex1NeuAc2NeuGc0Pent0S0P0KDN0HexA0	UniCarbKB
G50372IH	HexNAc(3)Hex(6)dHex(2)	Byonic
G50372IH	HexNAc3Hex6dHex2	ShortUniCarbKB
G50372IH	HexNAc3Hex6dHex2NeuAc0NeuGc0Pent0S0P0KDN0HexA0	UniCarbKB
G50713DU	H9N3	ShortComp
G50713DU	HexNAc(3)Hex(9)	Byonic
G50713DU	HexNAc3Hex9	ShortUniCarbKB
G50713DU	HexNAc3Hex9dHex0NeuAc0NeuGc0Pent0S0P0KDN0HexA0	UniCarbKB
G51123ZO	HexNAc3Hex0dHex0NeuAc0NeuGc0Pent0S0P0KDN0HexA3	UniCarbKB
G51123ZO	HexNAc3HexA3	ShortUniCarbKB
G51210WZ	HexNAc(2)Hex(2)dHex(2)	Byonic
G51210WZ	HexNAc2Hex2dHex2	ShortUniCarbKB
G51210WZ	HexNAc2Hex2dHex2NeuAc0NeuGc0Pent0S0P0KDN0HexA0	UniCarbKB
G51412NQ	HexNAc(5)Hex(8)dHex(4)	Byonic
G51412NQ	HexNAc5Hex8dHex4	ShortUniCarbKB
G51412NQ	HexNAc5Hex8dHex4NeuAc0NeuGc0Pent0S0P0KDN0HexA0	UniCarbKB
G51434LA	HexNAc(3)Hex(2)dHex(4)	Byonic
G51434LA	HexNAc3Hex2dHex4	ShortUniCarbKB
G51434LA	HexNAc3Hex2dHex4NeuAc0NeuGc0Pent0S0P0KDN0HexA0	UniCarbKB
G51572MS	HexNAc(6)Hex(10)dHex(1)NeuAc(1)	Byonic
G51572MS	HexNAc6Hex10dHex1NeuAc1	ShortUniCarbKB
G51572MS	HexNAc6Hex10dHex1NeuAc1NeuGc0Pent0S0P0KDN0HexA0	UniCarbKB
G51637RO	HexNAc(8)Hex(9)dHex(1)NeuAc(4)	Byonic
G51637RO	HexNAc8Hex9dHex1NeuAc4	ShortUniCarbKB
G51637RO	HexNAc8Hex9dHex1NeuAc4NeuGc0Pent0S0P0KDN0HexA0	UniCarbKB
G51675EU	HexNAc(6)Hex(5)dHex(3)NeuAc(1)	Byonic
G51675EU	HexNAc6Hex5dHex3NeuAc1	ShortUniCarbKB
G51675EU	HexNAc6Hex5dHex3NeuAc1NeuGc0Pent0S0P0KDN0HexA0	UniCarbKB
G52162PS	HexNAc(4)Hex(3)dHex(2)NeuAc(1)	Byonic
G52162PS	HexNAc4Hex3dHex2NeuAc1	ShortUniCarbKB
G52162PS	HexNAc4Hex3dHex2NeuAc1NeuGc0Pent0S0P0KDN0HexA0	UniCarbKB
G52687MJ	HexNAc(10)Hex(11)dHex(1)	Byonic
G52687MJ	HexNAc10Hex11dHex1	ShortUniCarbKB
G52687MJ	HexNAc10Hex11dHex1NeuAc0NeuGc0Pent0S0P0KDN0HexA0	UniCarbKB
G52952NI	HexNAc1Hex0dHex0NeuAc0NeuGc0Pent0S0P0KDN0HexA2	UniCarbKB
G52952NI	HexNAc1HexA2	ShortUniCarbKB
G53075ES	H7N6FS4	ShortComp
G53075ES	HexNAc(6)Hex(7)Fuc(1)NeuAc(4)	Byonic
G53188XU	HexNAc(4)Hex(5)dHex(6)NeuGc(3)	Byonic
G53188XU	HexNAc4Hex5dHex6NeuAc0NeuGc3Pent0S0P0KDN0HexA0	UniCarbKB
G53188XU	HexNAc4Hex5dHex6NeuGc3	ShortUniCarbKB
G53315IV	HexNAc(8)Hex(9)dHex(1)	Byonic
G53315IV	HexNAc8Hex9dHex1	ShortUniCarbKB
G53315IV	HexNAc8Hex9dHex1NeuAc0NeuGc0Pent0S0P0KDN0HexA0	UniCarbKB
G53384JS	HexNAc(5)Hex(6)dHex(7)	Byonic
G53384JS	HexNAc5Hex6dHex7	ShortUniCarbKB
G53384JS	HexNAc5Hex6dHex7NeuAc0NeuGc0Pent0S0P0KDN0HexA0	UniCarbKB
G53434XO	H2N2	ShortComp
G53434XO	HexNAc(2)Hex(2)	Byonic
G53434XO	HexNAc2Hex2	ShortUniCarbKB
G53434XO	HexNAc2Hex2dHex0NeuAc0NeuGc0Pent0S0P0KDN0HexA0	UniCarbKB
G53874PO	HexNAc(4)Hex(5)dHex(1)Sulpho(2)	Byonic
G53874PO	HexNAc4Hex5dHex1NeuAc0NeuGc0Pent0S2P0KDN0HexA0	UniCarbKB
G53874PO	HexNAc4Hex5dHex1S2	ShortUniCarbKB
G53958ZQ	HexNAc(3)Hex(5)dHex(5)	Byonic
G53958ZQ	HexNAc3Hex5dHex5	ShortUniCarbKB
G53958ZQ	HexNAc3Hex5dHex5NeuAc0NeuGc0Pent0S0P0KDN0HexA0	UniCarbKB
G53969DE	H5N	ShortComp
G53969DE	HexNAc(1)Hex(5)	Byonic
G53969DE	HexNAc1Hex5	ShortUniCarbKB
G53969DE	HexNAc1Hex5dHex0NeuAc0NeuGc0Pent0S0P0KDN0HexA0	UniCarbKB
G54129SE	HexNAc(1)Hex(1)dHex(1)	Byonic
G54129SE	HexNAc1Hex1dHex1	ShortUniCarbKB
G54129SE	HexNAc1Hex1dHex1NeuAc0NeuGc0Pent0S0P0KDN0HexA0	UniCarbKB
G54168YD	HexNAc(4)Hex(3)dHex(1)Sulpho(1)	Byonic
G54168YD	HexNAc4Hex3dHex1NeuAc0NeuGc0Pent0S1P0KDN0HexA0	UniCarbKB
G54168YD	HexNAc4Hex3dHex1S1	ShortUniCarbKB
G54296PF	HexNAc2Hex3S1HexA1	ShortUniCarbKB
G54296PF	HexNAc2Hex3dHex0NeuAc0NeuGc0Pent0S1P0KDN0HexA1	UniCarbKB
G54417MJ	HexNAc(6)Hex(6)dHex(1)NeuAc(1)	Byonic
G54417MJ	HexNAc6Hex6dHex1NeuAc1	ShortUniCarbKB
G54417MJ	HexNAc6Hex6dHex1NeuAc1NeuGc0Pent0S0P0KDN0HexA0	UniCarbKB
G54600FO	HexNAc(4)Hex(4)dHex(1)NeuAc(1)	Byonic
G54600FO	HexNAc4Hex4dHex1NeuAc1	ShortUniCarbKB
G54600FO	HexNAc4Hex4dHex1NeuAc1NeuGc0Pent0S0P0KDN0HexA0	UniCarbKB
G54630CD	HexNAc(1)Hex(3)dHex(1)	Byonic
G54630CD	HexNAc1Hex3dHex1	ShortUniCarbKB
G54630CD	HexNAc1Hex3dHex1NeuAc0NeuGc0Pent0S0P0KDN0HexA0	UniCarbKB
G54968WM	HexNAc(2)Hex(1)Pent(1)	Byonic
G54968WM	HexNAc2Hex1Pent1	ShortUniCarbKB
G54968WM	HexNAc2Hex1dHex0NeuAc0NeuGc0Pent1S0P0KDN0HexA0	UniCarbKB
G54992WG	HexNAc(3)Hex(7)dHex(1)NeuAc(1)	Byonic
G54992WG	HexNAc3Hex7dHex1NeuAc1	ShortUniCarbKB
G54992WG	HexNAc3Hex7dHex1NeuAc1NeuGc0Pent0S0P0KDN0HexA0	UniCarbKB
G55070DG	H4N4	ShortComp
G55070DG	HexNAc(4)Hex(4)	Byonic
G55070DG	HexNAc4Hex4	ShortUniCarbKB
G55070DG	HexNAc4Hex4dHex0NeuAc0NeuGc0Pent0S0P0KDN0HexA0	UniCarbKB
G55216FT	HexNAc(7)Hex(8)dHex(1)	Byonic
G55216FT	HexNAc7Hex8dHex1	ShortUniCarbKB
G55216FT	HexNAc7Hex8dHex1NeuAc0NeuGc0Pent0S0P0KDN0HexA0	UniCarbKB
G55299GS	HexNAc2Hex0dHex0NeuAc0NeuGc0Pent0S0P0KDN0HexA3	UniCarbKB
G55299GS	HexNAc2HexA3	ShortUniCarbKB
G55382TU	HexNAc(6)Hex(3)dHex(1)	Byonic
G55382TU	HexNAc6Hex3dHex1	ShortUniCarbKB
G55382TU	HexNAc6Hex3dHex1NeuAc0NeuGc0Pent0S0P0KDN0HexA0	UniCarbKB
G55444WK	HexNAc(3)Hex(6)dHex(1)NeuAc(2)	Byonic
G55444WK	HexNAc3Hex6dHex1NeuAc2	ShortUniCarbKB
G55444WK	HexNAc3Hex6dHex1NeuAc2NeuGc0Pent0S0P0KDN0HexA0	UniCarbKB
G55913GS	H7	ShortComp
G55913GS	Hex(7)	Byonic
G55913GS	Hex7	ShortUniCarbKB
G55913GS	HexNAc0Hex7dHex0NeuAc0NeuGc0Pent0S0P0KDN0HexA0	UniCarbKB
G56001JD	HexNAc(12)Hex(12)dHex(1)	Byonic
G56001JD	HexNAc12Hex12dHex1	ShortUniCarbKB
G56001JD	HexNAc12Hex12dHex1NeuAc0NeuGc0Pent0S0P0KDN0HexA0	UniCarbKB
G56610MH	HexNAc(6)Hex(4)dHex(1)	Byonic
G56610MH	HexNAc6Hex4dHex1	ShortUniCarbKB
G56610MH	HexNAc6Hex4dHex1NeuAc0NeuGc0Pent0S0P0KDN0HexA0	UniCarbKB
G57220OY	HexNAc(4)Hex(4)dHex(4)NeuAc(2)	Byonic
G57220OY	HexNAc4Hex4dHex4NeuAc2	ShortUniCarbKB
G57220OY	HexNAc4Hex4dHex4NeuAc2NeuGc0Pent0S0P0KDN0HexA0	UniCarbKB
G57269FM	HexNAc(5)Hex(6)dHex(1)Sulpho(3)	Byonic
G57269FM	HexNAc5Hex6dHex1NeuAc0NeuGc0Pent0S3P0KDN0HexA0	UniCarbKB
G57269FM	HexNAc5Hex6dHex1S3	ShortUniCarbKB
G57784IN	HexNAc(2)Hex(3)NeuGc(1)	Byonic
G57784IN	HexNAc2Hex3NeuGc1	ShortUniCarbKB
G57784IN	HexNAc2Hex3dHex0NeuAc0NeuGc1Pent0S0P0KDN0HexA0	UniCarbKB
G58001LT	HN2	ShortComp
G58001LT	HexNAc(2)Hex(1)	Byonic
G58001LT	HexNAc2Hex1	ShortUniCarbKB
G58001LT	HexNAc2Hex1dHex0NeuAc0NeuGc0Pent0S0P0KDN0HexA0	UniCarbKB
G58014BV	HexNAc(5)Hex(8)dHex(1)NeuAc(1)	Byonic
G58014BV	HexNAc5Hex8dHex1NeuAc1	ShortUniCarbKB
G58014BV	HexNAc5Hex8dHex1NeuAc1NeuGc0Pent0S0P0KDN0HexA0	UniCarbKB
G58082FV	HexNAc1Hex0dHex0NeuAc0NeuGc0Pent0S1P0KDN0HexA1	UniCarbKB
G58082FV	HexNAc1S1HexA1	ShortUniCarbKB
G58087IP	H11N2	ShortComp
G58087IP	HexNAc(2)Hex(11)	Byonic
G58087IP	HexNAc2Hex11	ShortUniCarbKB
G58087IP	HexNAc2Hex11dHex0NeuAc0NeuGc0Pent0S0P0KDN0HexA0	UniCarbKB
G58498GJ	H10N7S	ShortComp
G58498GJ	HexNAc(7)Hex(10)NeuAc(1)	Byonic
G58498GJ	HexNAc7Hex10NeuAc1	ShortUniCarbKB
G58498GJ	HexNAc7Hex10dHex0NeuAc1NeuGc0Pent0S0P0KDN0HexA0	UniCarbKB
G58512JV	HexNAc(1)Hex(3)dHex(3)	Byonic
G58512JV	HexNAc1Hex3dHex3	ShortUniCarbKB
G58512JV	HexNAc1Hex3dHex3NeuAc0NeuGc0Pent0S0P0KDN0HexA0	UniCarbKB
G58802FE	HexNAc(4)Hex(6)dHex(3)	Byonic
G58802FE	HexNAc4Hex6dHex3	ShortUniCarbKB
G58802FE	HexNAc4Hex6dHex3NeuAc0NeuGc0Pent0S0P0KDN0HexA0	UniCarbKB
G59324HL	H12N2	ShortComp
G59324HL	HexNAc(2)Hex(12)	Byonic
G59324HL	HexNAc2Hex12	ShortUniCarbKB
G59324HL	HexNAc2Hex12dHex0NeuAc0NeuGc0Pent0S0P0KDN0HexA0	UniCarbKB
G59334JE	H4N8	ShortComp
G59334JE	HexNAc(8)Hex(4)	Byonic
G59334JE	HexNAc8Hex4	ShortUniCarbKB
G59334JE	HexNAc8Hex4dHex0NeuAc0NeuGc0Pent0S0P0KDN0HexA0	UniCarbKB
G59365RI	Hex(2)Sulpho(1)	Byonic
G59365RI	Hex2S1	ShortUniCarbKB
G59365RI	HexNAc0Hex2dHex0NeuAc0NeuGc0Pent0S1P0KDN0HexA0	UniCarbKB
G59540CB	HexNAc(6)Hex(3)dHex(2)	Byonic
G59540CB	HexNAc6Hex3dHex2	ShortUniCarbKB
G59540CB	HexNAc6Hex3dHex2NeuAc0NeuGc0Pent0S0P0KDN0HexA0	UniCarbKB
G59626AS	H5N4S	ShortComp
G59626AS	HexNAc(4)Hex(5)NeuAc(1)	Byonic
G59626AS	HexNAc4Hex5NeuAc1	ShortUniCarbKB
G59626AS	HexNAc4Hex5dHex0NeuAc1NeuGc0Pent0S0P0KDN0HexA0	UniCarbKB
G59639BE	HexNAc(7)Hex(8)dHex(1)NeuAc(3)	Byonic
G59639BE	HexNAc7Hex8dHex1NeuAc3	ShortUniCarbKB
G59639BE	HexNAc7Hex8dHex1NeuAc3NeuGc0Pent0S0P0KDN0HexA0	UniCarbKB
G59937CP	HexNAc(4)Hex(4)dHex(1)	Byonic
G59937CP	HexNAc4Hex4dHex1	ShortUniCarbKB
G59937CP	HexNAc4Hex4dHex1NeuAc0NeuGc0Pent0S0P0KDN0HexA0	UniCarbKB
G60032AU	HexNAc(1)Hex(3)Sulpho(2)	Byonic
G60032AU	HexNAc1Hex3S2	ShortUniCarbKB
G60032AU	HexNAc1Hex3dHex0NeuAc0NeuGc0Pent0S2P0KDN0HexA0	UniCarbKB
G60041XW	H3N5S2	ShortComp
G60041XW	HexNAc(5)Hex(3)NeuAc(2)	Byonic
G60041XW	HexNAc5Hex3NeuAc2	ShortUniCarbKB
G60041XW	HexNAc5Hex3dHex0NeuAc2NeuGc0Pent0S0P0KDN0HexA0	UniCarbKB
G60060GI	HexNAc(4)Hex(2)dHex(1)	Byonic
G60060GI	HexNAc4Hex2dHex1	ShortUniCarbKB
G60060GI	HexNAc4Hex2dHex1NeuAc0NeuGc0Pent0S0P0KDN0HexA0	UniCarbKB
G60743GT	HexNAc(5)Hex(8)dHex(1)	Byonic
G60743GT	HexNAc5Hex8dHex1	ShortUniCarbKB
G60743GT	HexNAc5Hex8dHex1NeuAc0NeuGc0Pent0S0P0KDN0HexA0	UniCarbKB
G60923RB	HexNAc(4)Hex(5)dHex(2)	Byonic
G60923RB	HexNAc4Hex5dHex2	ShortUniCarbKB
G60923RB	HexNAc4Hex5dHex2NeuAc0NeuGc0Pent0S0P0KDN0HexA0	UniCarbKB
G61084RR	Hex2Pent1HexA1	ShortUniCarbKB
G61084RR	HexNAc0Hex2dHex0NeuAc0NeuGc0Pent1S0P0KDN0HexA1	UniCarbKB
G61099GA	HexNAc(3)Hex(2)dHex(2)	Byonic
G61099GA	HexNAc3Hex2dHex2	ShortUniCarbKB
G61099GA	HexNAc3Hex2dHex2NeuAc0NeuGc0Pent0S0P0KDN0HexA0	UniCarbKB
G61466PB	HexNAc(4)Hex(6)dHex(3)NeuAc(1)	Byonic
G61466PB	HexNAc4Hex6dHex3NeuAc1	ShortUniCarbKB
G61466PB	HexNAc4Hex6dHex3NeuAc1NeuGc0Pent0S0P0KDN0HexA0	UniCarbKB
G61605LI	HexNAc(5)Hex(5)dHex(4)	Byonic
G61605LI	HexNAc5Hex5dHex4	ShortUniCarbKB
G61605LI	HexNAc5Hex5dHex4NeuAc0NeuGc0Pent0S0P0KDN0HexA0	UniCarbKB
G61613II	HexNAc(6)Hex(5)dHex(2)	Byonic
G61613II	HexNAc6Hex5dHex2	ShortUniCarbKB
G61613II	HexNAc6Hex5dHex2NeuAc0NeuGc0Pent0S0P0KDN0HexA0	UniCarbKB
G61855PQ	HexNAc(4)Hex(3)dHex(2)	Byonic
G61855PQ	HexNAc4Hex3dHex2	ShortUniCarbKB
G61855PQ	HexNAc4Hex3dHex2NeuAc0NeuGc0Pent0S0P0KDN0HexA0	UniCarbKB
G61944JN	H5N4F	ShortComp
G61944JN	HexNAc(4)Hex(5)Fuc(1)	Byonic
G62111GI	H2N5	ShortComp
G62111GI	HexNAc(5)Hex(2)	Byonic
G62111GI	HexNAc5Hex2	ShortUniCarbKB
G62111GI	HexNAc5Hex2dHex0NeuAc0NeuGc0Pent0S0P0KDN0HexA0	UniCarbKB
G62150KR	HexNAc1Hex2Pent1HexA2	ShortUniCarbKB
G62150KR	HexNAc1Hex2dHex0NeuAc0NeuGc0Pent1S0P0KDN0HexA2	UniCarbKB
G62273EM	HexNAc(5)Hex(4)dHex(1)Sulpho(2)	Byonic
G62273EM	HexNAc5Hex4dHex1NeuAc0NeuGc0Pent0S2P0KDN0HexA0	UniCarbKB
G62273EM	HexNAc5Hex4dHex1S2	ShortUniCarbKB
G62470AK	HexNAc(1)Hex(2)dHex(2)	Byonic
G62470AK	HexNAc1Hex2dHex2	ShortUniCarbKB
G62470AK	HexNAc1Hex2dHex2NeuAc0NeuGc0Pent0S0P0KDN0HexA0	UniCarbKB
G62595EF	HexNAc(4)Hex(7)dHex(1)	Byonic
G62595EF	HexNAc4Hex7dHex1	ShortUniCarbKB
G62595EF	HexNAc4Hex7dHex1NeuAc0NeuGc0Pent0S0P0KDN0HexA0	UniCarbKB
G62630PF	HexNAc(1)Hex(4)NeuGc(2)	Byonic
G62630PF	HexNAc1Hex4NeuGc2	ShortUniCarbKB
G62630PF	HexNAc1Hex4dHex0NeuAc0NeuGc2Pent0S0P0KDN0HexA0	UniCarbKB
G62695XZ	H3NS3	ShortComp
G62695XZ	HexNAc(1)Hex(3)NeuAc(3)	Byonic
G62695XZ	HexNAc1Hex3NeuAc3	ShortUniCarbKB
G62695XZ	HexNAc1Hex3dHex0NeuAc3NeuGc0Pent0S0P0KDN0HexA0	UniCarbKB
G62765YT	H8N2	ShortComp
G62765YT	HexNAc(2)Hex(8)	Byonic
G62765YT	HexNAc2Hex8	ShortUniCarbKB
G62765YT	HexNAc2Hex8dHex0NeuAc0NeuGc0Pent0S0P0KDN0HexA0	UniCarbKB
G62792OG	HexNAc(5)Hex(3)dHex(1)NeuAc(1)	Byonic
G62792OG	HexNAc5Hex3dHex1NeuAc1	ShortUniCarbKB
G62792OG	HexNAc5Hex3dHex1NeuAc1NeuGc0Pent0S0P0KDN0HexA0	UniCarbKB
G62940AJ	HexNAc2Hex4HexA1	ShortUniCarbKB
G62940AJ	HexNAc2Hex4dHex0NeuAc0NeuGc0Pent0S0P0KDN0HexA1	UniCarbKB
G62959JR	HexNAc1Hex3HexA1	ShortUniCarbKB
G62959JR	HexNAc1Hex3dHex0NeuAc0NeuGc0Pent0S0P0KDN0HexA1	UniCarbKB
G63236GA	HexNAc(4)Hex(5)dHex(1)Sulpho(1)	Byonic
G63236GA	HexNAc4Hex5dHex1NeuAc0NeuGc0Pent0S1P0KDN0HexA0	UniCarbKB
G63236GA	HexNAc4Hex5dHex1S1	ShortUniCarbKB
G63273GB	HexNAc(5)Hex(3)Sulpho(1)	Byonic
G63273GB	HexNAc5Hex3S1	ShortUniCarbKB
G63273GB	HexNAc5Hex3dHex0NeuAc0NeuGc0Pent0S1P0KDN0HexA0	UniCarbKB
G63276XU	H3N6S	ShortComp
G63276XU	HexNAc(6)Hex(3)NeuAc(1)	Byonic
G63276XU	HexNAc6Hex3NeuAc1	ShortUniCarbKB
G63276XU	HexNAc6Hex3dHex0NeuAc1NeuGc0Pent0S0P0KDN0HexA0	UniCarbKB
G63386TM	HexNAc2Hex4S1HexA1	ShortUniCarbKB
G63386TM	HexNAc2Hex4dHex0NeuAc0NeuGc0Pent0S1P0KDN0HexA1	UniCarbKB
G63543FL	HexNAc(6)Hex(3)dHex(1)NeuAc(2)	Byonic
G63543FL	HexNAc6Hex3dHex1NeuAc2	ShortUniCarbKB
G63543FL	HexNAc6Hex3dHex1NeuAc2NeuGc0Pent0S0P0KDN0HexA0	UniCarbKB
G63600AJ	HexNAc(1)Hex(3)dHex(1)NeuAc(2)	Byonic
G63600AJ	HexNAc1Hex3dHex1NeuAc2	ShortUniCarbKB
G63600AJ	HexNAc1Hex3dHex1NeuAc2NeuGc0Pent0S0P0KDN0HexA0	UniCarbKB
G63612VM	HexNAc(6)	Byonic
G63612VM	HexNAc6	ShortUniCarbKB
G63612VM	HexNAc6Hex0dHex0NeuAc0NeuGc0Pent0S0P0KDN0HexA0	UniCarbKB
G63612VM	N6	ShortComp
G63976XX	H6N8	ShortComp
G63976XX	HexNAc(8)Hex(6)	Byonic
G63976XX	HexNAc8Hex6	ShortUniCarbKB
G63976XX	HexNAc8Hex6dHex0NeuAc0NeuGc0Pent0S0P0KDN0HexA0	UniCarbKB
G64239ON	HexNAc(3)Hex(3)dHex(1)NeuAc(1)	Byonic
G64239ON	HexNAc3Hex3dHex1NeuAc1	ShortUniCarbKB
G64239ON	HexNAc3Hex3dHex1NeuAc1NeuGc0Pent0S0P0KDN0HexA0	UniCarbKB
G64615IX	HexNAc(7)Hex(8)dHex(1)NeuAc(4)	Byonic
G64615IX	HexNAc7Hex8dHex1NeuAc4	ShortUniCarbKB
G64615IX	HexNAc7Hex8dHex1NeuAc4NeuGc0Pent0S0P0KDN0HexA0	UniCarbKB
G64876LY	HexNAc(4)Hex(2)dHex(2)	Byonic
G64876LY	HexNAc4Hex2dHex2	ShortUniCarbKB
G64876LY	HexNAc4Hex2dHex2NeuAc0NeuGc0Pent0S0P0KDN0HexA0	UniCarbKB
G64916EE	HexNAc(6)Hex(5)dHex(2)NeuAc(1)	Byonic
G64916EE	HexNAc6Hex5dHex2NeuAc1	ShortUniCarbKB
G64916EE	HexNAc6Hex5dHex2NeuAc1NeuGc0Pent0S0P0KDN0HexA0	UniCarbKB
G65225MN	HexNAc(7)Hex(5)dHex(1)NeuAc(2)	Byonic
G65225MN	HexNAc7Hex5dHex1NeuAc2	ShortUniCarbKB
G65225MN	HexNAc7Hex5dHex1NeuAc2NeuGc0Pent0S0P0KDN0HexA0	UniCarbKB
G65449OV	HexNAc(5)Hex(4)dHex(4)NeuAc(1)	Byonic
G65449OV	HexNAc5Hex4dHex4NeuAc1	ShortUniCarbKB
G65449OV	HexNAc5Hex4dHex4NeuAc1NeuGc0Pent0S0P0KDN0HexA0	UniCarbKB
G65681LR	H4N5	ShortComp
G65681LR	HexNAc(5)Hex(4)	Byonic
G65681LR	HexNAc5Hex4	ShortUniCarbKB
G65681LR	HexNAc5Hex4dHex0NeuAc0NeuGc0Pent0S0P0KDN0HexA0	UniCarbKB
G65807AE	HexNAc(5)Hex(4)dHex(3)	Byonic
G65807AE	HexNAc5Hex4dHex3	ShortUniCarbKB
G65807AE	HexNAc5Hex4dHex3NeuAc0NeuGc0Pent0S0P0KDN0HexA0	UniCarbKB
G65957XL	HexNAc(8)Hex(7)dHex(1)	Byonic
G65957XL	HexNAc8Hex7dHex1	ShortUniCarbKB
G65957XL	HexNAc8Hex7dHex1NeuAc0NeuGc0Pent0S0P0KDN0HexA0	UniCarbKB
G66362RJ	HexNAc(7)Hex(7)dHex(1)NeuAc(4)	Byonic
G66362RJ	HexNAc7Hex7dHex1NeuAc4	ShortUniCarbKB
G66362RJ	HexNAc7Hex7dHex1NeuAc4NeuGc0Pent0S0P0KDN0HexA0	UniCarbKB
G66620ON	HexNAc(7)Hex(7)dHex(3)NeuAc(2)	Byonic
G66620ON	HexNAc7Hex7dHex3NeuAc2	ShortUniCarbKB
G66620ON	HexNAc7Hex7dHex3NeuAc2NeuGc0Pent0S0P0KDN0HexA0	UniCarbKB
G66863RH	HexNAc(2)Hex(2)Sulpho(1)	Byonic
G66863RH	HexNAc2Hex2S1	ShortUniCarbKB
G66863RH	HexNAc2Hex2dHex0NeuAc0NeuGc0Pent0S1P0KDN0HexA0	UniCarbKB
G66933CM	HexNAc(5)Hex(6)dHex(2)	Byonic
G66933CM	HexNAc5Hex6dHex2	ShortUniCarbKB
G66933CM	HexNAc5Hex6dHex2NeuAc0NeuGc0Pent0S0P0KDN0HexA0	UniCarbKB
G67172VF	Hex(4)dHex(2)	Byonic
G67172VF	Hex4dHex2	ShortUniCarbKB
G67172VF	HexNAc0Hex4dHex2NeuAc0NeuGc0Pent0S0P0KDN0HexA0	UniCarbKB
G67324HN	HexNAc(3)Hex(5)dHex(1)NeuAc(1)	Byonic
G67324HN	HexNAc3Hex5dHex1NeuAc1	ShortUniCarbKB
G67324HN	HexNAc3Hex5dHex1NeuAc1NeuGc0Pent0S0P0KDN0HexA0	UniCarbKB
G67367OT	HexNAc(7)Hex(3)dHex(1)	Byonic
G67367OT	HexNAc7Hex3dHex1	ShortUniCarbKB
G67367OT	HexNAc7Hex3dHex1NeuAc0NeuGc0Pent0S0P0KDN0HexA0	UniCarbKB
G67486RJ	HexNAc(4)Hex(3)Sulpho(1)	Byonic
G67486RJ	HexNAc4Hex3S1	ShortUniCarbKB
G67486RJ	HexNAc4Hex3dHex0NeuAc0NeuGc0Pent0S1P0KDN0HexA0	UniCarbKB
G67531TM	HexNAc(2)Hex(2)dHex(3)	Byonic
G67531TM	HexNAc2Hex2dHex3	ShortUniCarbKB
G67531TM	HexNAc2Hex2dHex3NeuAc0NeuGc0Pent0S0P0KDN0HexA0	UniCarbKB
G67631MS	HexNAc(2)Hex(2)dHex(1)Sulpho(1)	Byonic
G67631MS	HexNAc2Hex2dHex1NeuAc0NeuGc0Pent0S1P0KDN0HexA0	UniCarbKB
G67631MS	HexNAc2Hex2dHex1S1	ShortUniCarbKB
G68193LO	HexNAc(9)Hex(11)dHex(2)	Byonic
G68193LO	HexNAc9Hex11dHex2	ShortUniCarbKB
G68193LO	HexNAc9Hex11dHex2NeuAc0NeuGc0Pent0S0P0KDN0HexA0	UniCarbKB
G68318VE	HexNAc(5)Hex(4)dHex(1)	Byonic
G68318VE	HexNAc5Hex4dHex1	ShortUniCarbKB
G68318VE	HexNAc5Hex4dHex1NeuAc0NeuGc0Pent0S0P0KDN0HexA0	UniCarbKB
G68513DO	HexNAc(4)Hex(5)dHex(1)NeuAc(4)	Byonic
G68513DO	HexNAc4Hex5dHex1NeuAc4	ShortUniCarbKB
G68513DO	HexNAc4Hex5dHex1NeuAc4NeuGc0Pent0S0P0KDN0HexA0	UniCarbKB
G68627ND	HexNAc(1)dHex(1)Pent(1)	Byonic
G68627ND	HexNAc1Hex0dHex1NeuAc0NeuGc0Pent1S0P0KDN0HexA0	UniCarbKB
G68627ND	HexNAc1dHex1Pent1	ShortUniCarbKB
G68814VP	HexNAc(7)Hex(6)dHex(6)	Byonic
G68814VP	HexNAc7Hex6dHex6	ShortUniCarbKB
G68814VP	HexNAc7Hex6dHex6NeuAc0NeuGc0Pent0S0P0KDN0HexA0	UniCarbKB
G68985JM	HexNAc(2)NeuAc(1)	Byonic
G68985JM	HexNAc2Hex0dHex0NeuAc1NeuGc0Pent0S0P0KDN0HexA0	UniCarbKB
G68985JM	HexNAc2NeuAc1	ShortUniCarbKB
G68985JM	N2S	ShortComp
G69031IF	HexNAc(2)Hex(8)dHex(1)	Byonic
G69031IF	HexNAc2Hex8dHex1	ShortUniCarbKB
G69031IF	HexNAc2Hex8dHex1NeuAc0NeuGc0Pent0S0P0KDN0HexA0	UniCarbKB
G69107AL	HexNAc(5)Hex(5)dHex(3)	Byonic
G69107AL	HexNAc5Hex5dHex3	ShortUniCarbKB
G69107AL	HexNAc5Hex5dHex3NeuAc0NeuGc0Pent0S0P0KDN0HexA0	UniCarbKB
G69121UK	HexNAc(5)Hex(3)dHex(1)Sulpho(1)	Byonic
G69121UK	HexNAc5Hex3dHex1NeuAc0NeuGc0Pent0S1P0KDN0HexA0	UniCarbKB
G69121UK	HexNAc5Hex3dHex1S1	ShortUniCarbKB
G69364JQ	HexNAc(6)Hex(5)dHex(1)	Byonic
G69364JQ	HexNAc6Hex5dHex1	ShortUniCarbKB
G69364JQ	HexNAc6Hex5dHex1NeuAc0NeuGc0Pent0S0P0KDN0HexA0	UniCarbKB
G69579SR	HexNAc(2)Hex(9)dHex(1)	Byonic
G69579SR	HexNAc2Hex9dHex1	ShortUniCarbKB
G69579SR	HexNAc2Hex9dHex1NeuAc0NeuGc0Pent0S0P0KDN0HexA0	UniCarbKB
G69768VE	HexNAc(3)Hex(3)dHex(3)	Byonic
G69768VE	HexNAc3Hex3dHex3	ShortUniCarbKB
G69768VE	HexNAc3Hex3dHex3NeuAc0NeuGc0Pent0S0P0KDN0HexA0	UniCarbKB
G69861RB	HexNAc(4)Hex(6)dHex(3)NeuAc(2)	Byonic
G69861RB	HexNAc4Hex6dHex3NeuAc2	ShortUniCarbKB
G69861RB	HexNAc4Hex6dHex3NeuAc2NeuGc0Pent0S0P0KDN0HexA0	UniCarbKB
G70087PV	HexNAc(5)Hex(4)dHex(2)NeuAc(1)	Byonic
G70087PV	HexNAc5Hex4dHex2NeuAc1	ShortUniCarbKB
G70087PV	HexNAc5Hex4dHex2NeuAc1NeuGc0Pent0S0P0KDN0HexA0	UniCarbKB
G70333IQ	HexNAc(4)Hex(5)dHex(5)	Byonic
G70333IQ	HexNAc4Hex5dHex5	ShortUniCarbKB
G70333IQ	HexNAc4Hex5dHex5NeuAc0NeuGc0Pent0S0P0KDN0HexA0	UniCarbKB
G70696MD	H7N3S	ShortComp
G70696MD	HexNAc(3)Hex(7)NeuAc(1)	Byonic
G70696MD	HexNAc3Hex7NeuAc1	ShortUniCarbKB
G70696MD	HexNAc3Hex7dHex0NeuAc1NeuGc0Pent0S0P0KDN0HexA0	UniCarbKB
G70787JZ	HexNAc(3)Hex(5)dHex(4)	Byonic
G70787JZ	HexNAc3Hex5dHex4	ShortUniCarbKB
G70787JZ	HexNAc3Hex5dHex4NeuAc0NeuGc0Pent0S0P0KDN0HexA0	UniCarbKB
G71600XR	HexNAc(1)Hex(4)Sulpho(1)	Byonic
G71600XR	HexNAc1Hex4S1	ShortUniCarbKB
G71600XR	HexNAc1Hex4dHex0NeuAc0NeuGc0Pent0S1P0KDN0HexA0	UniCarbKB
G71640LP	HexNAc(6)Hex(3)dHex(1)Sulpho(2)	Byonic
G71640LP	HexNAc6Hex3dHex1NeuAc0NeuGc0Pent0S2P0KDN0HexA0	UniCarbKB
G71640LP	HexNAc6Hex3dHex1S2	ShortUniCarbKB
G71889QA	HexNAc(1)Hex(5)dHex(1)	Byonic
G71889QA	HexNAc1Hex5dHex1	ShortUniCarbKB
G71889QA	HexNAc1Hex5dHex1NeuAc0NeuGc0Pent0S0P0KDN0HexA0	UniCarbKB
G72731KV	HexNAc(2)Hex(3)Pent(1)	Byonic
G72731KV	HexNAc2Hex3Pent1	ShortUniCarbKB
G72731KV	HexNAc2Hex3dHex0NeuAc0NeuGc0Pent1S0P0KDN0HexA0	UniCarbKB
G72791KH	HexNAc(3)Hex(4)dHex(1)NeuAc(1)	Byonic
G72791KH	HexNAc3Hex4dHex1NeuAc1	ShortUniCarbKB
G72791KH	HexNAc3Hex4dHex1NeuAc1NeuGc0Pent0S0P0KDN0HexA0	UniCarbKB
G73430PD	H3N7	ShortComp
G73430PD	HexNAc(7)Hex(3)	Byonic
G73430PD	HexNAc7Hex3	ShortUniCarbKB
G73430PD	HexNAc7Hex3dHex0NeuAc0NeuGc0Pent0S0P0KDN0HexA0	UniCarbKB
G73686WG	HexNAc(6)Hex(7)dHex(1)NeuAc(1)	Byonic
G73686WG	HexNAc6Hex7dHex1NeuAc1	ShortUniCarbKB
G73686WG	HexNAc6Hex7dHex1NeuAc1NeuGc0Pent0S0P0KDN0HexA0	UniCarbKB
G73857SS	HexNAc(1)Hex(2)Sulpho(2)	Byonic
G73857SS	HexNAc1Hex2S2	ShortUniCarbKB
G73857SS	HexNAc1Hex2dHex0NeuAc0NeuGc0Pent0S2P0KDN0HexA0	UniCarbKB
G73885NP	H3NS4	ShortComp
G73885NP	HexNAc(1)Hex(3)NeuAc(4)	Byonic
G73885NP	HexNAc1Hex3NeuAc4	ShortUniCarbKB
G73885NP	HexNAc1Hex3dHex0NeuAc4NeuGc0Pent0S0P0KDN0HexA0	UniCarbKB
G73918EY	HexNAc(6)Hex(7)dHex(3)NeuAc(1)	Byonic
G73918EY	HexNAc6Hex7dHex3NeuAc1	ShortUniCarbKB
G73918EY	HexNAc6Hex7dHex3NeuAc1NeuGc0Pent0S0P0KDN0HexA0	UniCarbKB
G73943YH	HexNAc(5)Hex(4)dHex(1)Sulpho(1)	Byonic
G73943YH	HexNAc5Hex4dHex1NeuAc0NeuGc0Pent0S1P0KDN0HexA0	UniCarbKB
G73943YH	HexNAc5Hex4dHex1S1	ShortUniCarbKB
G73997SB	HexNAc(4)Hex(4)NeuGc(1)	Byonic
G73997SB	HexNAc4Hex4NeuGc1	ShortUniCarbKB
G73997SB	HexNAc4Hex4dHex0NeuAc0NeuGc1Pent0S0P0KDN0HexA0	UniCarbKB
G74392IM	HexNAc(1)dHex(2)	Byonic
G74392IM	HexNAc1Hex0dHex2NeuAc0NeuGc0Pent0S0P0KDN0HexA0	UniCarbKB
G74392IM	HexNAc1dHex2	ShortUniCarbKB
G75397RL	HexNAc(6)Hex(4)dHex(3)	Byonic
G75397RL	HexNAc6Hex4dHex3	ShortUniCarbKB
G75397RL	HexNAc6Hex4dHex3NeuAc0NeuGc0Pent0S0P0KDN0HexA0	UniCarbKB
G75407BJ	HexNAc(2)Hex(5)dHex(2)	Byonic
G75407BJ	HexNAc2Hex5dHex2	ShortUniCarbKB
G75407BJ	HexNAc2Hex5dHex2NeuAc0NeuGc0Pent0S0P0KDN0HexA0	UniCarbKB
G75959TE	HexNAc(1)Hex(3)Sulpho(1)	Byonic
G75959TE	HexNAc1Hex3S1	ShortUniCarbKB
G75959TE	HexNAc1Hex3dHex0NeuAc0NeuGc0Pent0S1P0KDN0HexA0	UniCarbKB
G76080EE	HexNAc(1)Hex(3)NeuGc(1)	Byonic
G76080EE	HexNAc1Hex3NeuGc1	ShortUniCarbKB
G76080EE	HexNAc1Hex3dHex0NeuAc0NeuGc1Pent0S0P0KDN0HexA0	UniCarbKB
G76685HR	HexNAc0Hex0dHex0NeuAc1NeuGc0Pent0S0P0KDN0HexA0	UniCarbKB
G76685HR	NeuAc(1)	Byonic
G76685HR	NeuAc1	ShortUniCarbKB
G76685HR	S	ShortComp
G77277EH	HexNAc(7)Hex(9)dHex(1)NeuAc(1)	Byonic
G77277EH	HexNAc7Hex9dHex1NeuAc1	ShortUniCarbKB
G77277EH	HexNAc7Hex9dHex1NeuAc1NeuGc0Pent0S0P0KDN0HexA0	UniCarbKB
G77330IO	HexNAc(1)Hex(2)NeuGc(1)	Byonic
G77330IO	HexNAc1Hex2NeuGc1	ShortUniCarbKB
G77330IO	HexNAc1Hex2dHex0NeuAc0NeuGc1Pent0S0P0KDN0HexA0	UniCarbKB
G77338BR	HexNAc(5)Hex(7)dHex(1)NeuAc(2)	Byonic
G77338BR	HexNAc5Hex7dHex1NeuAc2	ShortUniCarbKB
G77338BR	HexNAc5Hex7dHex1NeuAc2NeuGc0Pent0S0P0KDN0HexA0	UniCarbKB
G77380JK	HexNAc(6)Hex(3)dHex(4)	Byonic
G77380JK	HexNAc6Hex3dHex4	ShortUniCarbKB
G77380JK	HexNAc6Hex3dHex4NeuAc0NeuGc0Pent0S0P0KDN0HexA0	UniCarbKB
G78811TO	HexNAc(6)Hex(7)dHex(5)	Byonic
G78811TO	HexNAc6Hex7dHex5	ShortUniCarbKB
G78811TO	HexNAc6Hex7dHex5NeuAc0NeuGc0Pent0S0P0KDN0HexA0	UniCarbKB
G78983WZ	HexNAc(1)Hex(3)NeuGc(2)	Byonic
G78983WZ	HexNAc1Hex3NeuGc2	ShortUniCarbKB
G78983WZ	HexNAc1Hex3dHex0NeuAc0NeuGc2Pent0S0P0KDN0HexA0	UniCarbKB
G79485UE	HexNAc2Hex0dHex0NeuAc0NeuGc0Pent0S2P0KDN0HexA2	UniCarbKB
G79485UE	HexNAc2S2HexA2	ShortUniCarbKB
G79635DB	HexNAc(7)Hex(8)dHex(6)	Byonic
G79635DB	HexNAc7Hex8dHex6	ShortUniCarbKB
G79635DB	HexNAc7Hex8dHex6NeuAc0NeuGc0Pent0S0P0KDN0HexA0	UniCarbKB
G79941IJ	HexNAc(6)Hex(4)dHex(1)NeuAc(1)	Byonic
G79941IJ	HexNAc6Hex4dHex1NeuAc1	ShortUniCarbKB
G79941IJ	HexNAc6Hex4dHex1NeuAc1NeuGc0Pent0S0P0KDN0HexA0	UniCarbKB
G80280AS	HexNAc(4)Hex(5)dHex(1)NeuGc(1)	Byonic
G80280AS	HexNAc4Hex5dHex1NeuAc0NeuGc1Pent0S0P0KDN0HexA0	UniCarbKB
G80280AS	HexNAc4Hex5dHex1NeuGc1	ShortUniCarbKB
G80351KB	HexNAc(5)	Byonic
G80351KB	HexNAc5	ShortUniCarbKB
G80351KB	HexNAc5Hex0dHex0NeuAc0NeuGc0Pent0S0P0KDN0HexA0	UniCarbKB
G80351KB	N5	ShortComp
G80408KP	H9N5	ShortComp
G80408KP	HexNAc(5)Hex(9)	Byonic
G80408KP	HexNAc5Hex9	ShortUniCarbKB
G80408KP	HexNAc5Hex9dHex0NeuAc0NeuGc0Pent0S0P0KDN0HexA0	UniCarbKB
G80475RE	HexNAc(3)Hex(3)dHex(1)	Byonic
G80475RE	HexNAc3Hex3dHex1	ShortUniCarbKB
G80475RE	HexNAc3Hex3dHex1NeuAc0NeuGc0Pent0S0P0KDN0HexA0	UniCarbKB
G80586MF	HexNAc(6)Hex(8)dHex(1)NeuAc(3)	Byonic
G80586MF	HexNAc6Hex8dHex1NeuAc3	ShortUniCarbKB
G80586MF	HexNAc6Hex8dHex1NeuAc3NeuGc0Pent0S0P0KDN0HexA0	UniCarbKB
G80723WE	HexNAc(6)Hex(8)dHex(1)	Byonic
G80723WE	HexNAc6Hex8dHex1	ShortUniCarbKB
G80723WE	HexNAc6Hex8dHex1NeuAc0NeuGc0Pent0S0P0KDN0HexA0	UniCarbKB
G80735OA	HexNAc(6)Hex(6)dHex(1)	Byonic
G80735OA	HexNAc6Hex6dHex1	ShortUniCarbKB
G80735OA	HexNAc6Hex6dHex1NeuAc0NeuGc0Pent0S0P0KDN0HexA0	UniCarbKB
G80920RR	H9N2	ShortComp
G80920RR	HexNAc(2)Hex(9)	Byonic
G80920RR	HexNAc2Hex9	ShortUniCarbKB
G80920RR	HexNAc2Hex9dHex0NeuAc0NeuGc0Pent0S0P0KDN0HexA0	UniCarbKB
G81124ET	H9N7	ShortComp
G81124ET	HexNAc(7)Hex(9)	Byonic
G81124ET	HexNAc7Hex9	ShortUniCarbKB
G81124ET	HexNAc7Hex9dHex0NeuAc0NeuGc0Pent0S0P0KDN0HexA0	UniCarbKB
G81128KB	HexNAc(6)Hex(7)dHex(4)NeuAc(1)	Byonic
G81128KB	HexNAc6Hex7dHex4NeuAc1	ShortUniCarbKB
G81128KB	HexNAc6Hex7dHex4NeuAc1NeuGc0Pent0S0P0KDN0HexA0	UniCarbKB
G81216TA	Hex(2)Pent(1)	Byonic
G81216TA	Hex2Pent1	ShortUniCarbKB
G81216TA	HexNAc0Hex2dHex0NeuAc0NeuGc0Pent1S0P0KDN0HexA0	UniCarbKB
G81399MY	H	ShortComp
G81399MY	Hex(1)	Byonic
G81399MY	Hex1	ShortUniCarbKB
G81399MY	HexNAc0Hex1dHex0NeuAc0NeuGc0Pent0S0P0KDN0HexA0	UniCarbKB
G81572SC	HexNAc(4)Hex(4)dHex(1)NeuAc(2)	Byonic
G81572SC	HexNAc4Hex4dHex1NeuAc2	ShortUniCarbKB
G81572SC	HexNAc4Hex4dHex1NeuAc2NeuGc0Pent0S0P0KDN0HexA0	UniCarbKB
G81920JR	HexNAc(4)Hex(3)dHex(1)Pent(1)	Byonic
G81920JR	HexNAc4Hex3dHex1NeuAc0NeuGc0Pent1S0P0KDN0HexA0	UniCarbKB
G81920JR	HexNAc4Hex3dHex1Pent1	ShortUniCarbKB
G82364UA	HexNAc(2)Hex(4)dHex(1)	Byonic
G82364UA	HexNAc2Hex4dHex1	ShortUniCarbKB
G82364UA	HexNAc2Hex4dHex1NeuAc0NeuGc0Pent0S0P0KDN0HexA0	UniCarbKB
G82458HY	HexNAc(1)Hex(1)dHex(2)	Byonic
G82458HY	HexNAc1Hex1dHex2	ShortUniCarbKB
G82458HY	HexNAc1Hex1dHex2NeuAc0NeuGc0Pent0S0P0KDN0HexA0	UniCarbKB
G82985VK	H8N	ShortComp
G82985VK	HexNAc(1)Hex(8)	Byonic
G82985VK	HexNAc1Hex8	ShortUniCarbKB
G82985VK	HexNAc1Hex8dHex0NeuAc0NeuGc0Pent0S0P0KDN0HexA0	UniCarbKB
G83141DC	HexNAc(7)Hex(7)dHex(1)NeuAc(2)	Byonic
G83141DC	HexNAc7Hex7dHex1NeuAc2	ShortUniCarbKB
G83141DC	HexNAc7Hex7dHex1NeuAc2NeuGc0Pent0S0P0KDN0HexA0	UniCarbKB
G83460ZZ	H10N2	ShortComp
G83460ZZ	HexNAc(2)Hex(10)	Byonic
G83460ZZ	HexNAc2Hex10	ShortUniCarbKB
G83460ZZ	HexNAc2Hex10dHex0NeuAc0NeuGc0Pent0S0P0KDN0HexA0	UniCarbKB
G83555HU	HexNAc(4)Hex(5)dHex(1)	Byonic
G83555HU	HexNAc4Hex5dHex1	ShortUniCarbKB
G83555HU	HexNAc4Hex5dHex1NeuAc0NeuGc0Pent0S0P0KDN0HexA0	UniCarbKB
G83973UR	HexNAc(5)Hex(6)Sulpho(2)	Byonic
G83973UR	HexNAc5Hex6S2	ShortUniCarbKB
G83973UR	HexNAc5Hex6dHex0NeuAc0NeuGc0Pent0S2P0KDN0HexA0	UniCarbKB
G84164DF	HexNAc(3)Hex(3)dHex(1)Pent(1)	Byonic
G84164DF	HexNAc3Hex3dHex1NeuAc0NeuGc0Pent1S0P0KDN0HexA0	UniCarbKB
G84164DF	HexNAc3Hex3dHex1Pent1	ShortUniCarbKB
G84289JA	HexNAc1Hex0dHex0NeuAc0NeuGc0Pent0S3P0KDN0HexA1	UniCarbKB
G84289JA	HexNAc1S3HexA1	ShortUniCarbKB
G84291SQ	HexNAc(4)Hex(5)dHex(2)NeuAc(2)	Byonic
G84291SQ	HexNAc4Hex5dHex2NeuAc2	ShortUniCarbKB
G84291SQ	HexNAc4Hex5dHex2NeuAc2NeuGc0Pent0S0P0KDN0HexA0	UniCarbKB
G84320LV	HexNAc(5)Hex(6)dHex(2)NeuAc(2)	Byonic
G84320LV	HexNAc5Hex6dHex2NeuAc2	ShortUniCarbKB
G84320LV	HexNAc5Hex6dHex2NeuAc2NeuGc0Pent0S0P0KDN0HexA0	UniCarbKB
G84322TE	H5	ShortComp
G84322TE	Hex(5)	Byonic
G84322TE	Hex5	ShortUniCarbKB
G84322TE	HexNAc0Hex5dHex0NeuAc0NeuGc0Pent0S0P0KDN0HexA0	UniCarbKB
G84435MS	HexNAc(4)	Byonic
G84435MS	HexNAc4	ShortUniCarbKB
G84435MS	HexNAc4Hex0dHex0NeuAc0NeuGc0Pent0S0P0KDN0HexA0	UniCarbKB
G84435MS	N4	ShortComp
G84492TS	HexNAc(5)Hex(5)dHex(2)NeuAc(1)	Byonic
G84492TS	HexNAc5Hex5dHex2NeuAc1	ShortUniCarbKB
G84492TS	HexNAc5Hex5dHex2NeuAc1NeuGc0Pent0S0P0KDN0HexA0	UniCarbKB
G84664JR	HexNAc(7)Hex(9)dHex(1)	Byonic
G84664JR	HexNAc7Hex9dHex1	ShortUniCarbKB
G84664JR	HexNAc7Hex9dHex1NeuAc0NeuGc0Pent0S0P0KDN0HexA0	UniCarbKB
G84701HV	H2S2	ShortComp
G84701HV	Hex(2)NeuAc(2)	Byonic
G84701HV	Hex2NeuAc2	ShortUniCarbKB
G84701HV	HexNAc0Hex2dHex0NeuAc2NeuGc0Pent0S0P0KDN0HexA0	UniCarbKB
G84712KL	HexNAc(7)Hex(3)dHex(2)NeuAc(1)	Byonic
G84712KL	HexNAc7Hex3dHex2NeuAc1	ShortUniCarbKB
G84712KL	HexNAc7Hex3dHex2NeuAc1NeuGc0Pent0S0P0KDN0HexA0	UniCarbKB
G84825UQ	HexNAc(2)Hex(1)dHex(1)Pent(1)	Byonic
G84825UQ	HexNAc2Hex1dHex1NeuAc0NeuGc0Pent1S0P0KDN0HexA0	UniCarbKB
G84825UQ	HexNAc2Hex1dHex1Pent1	ShortUniCarbKB
G84854EH	HexNAc0Hex0dHex0NeuAc0NeuGc0Pent1S0P0KDN0HexA1	UniCarbKB
G84854EH	Pent1HexA1	ShortUniCarbKB
G84862JD	HexNAc2Hex0dHex0NeuAc0NeuGc0Pent0S5P0KDN0HexA2	UniCarbKB
G84862JD	HexNAc2S5HexA2	ShortUniCarbKB
G85144OK	HexNAc(5)Hex(6)dHex(1)NeuAc(2)	Byonic
G85144OK	HexNAc5Hex6dHex1NeuAc2	ShortUniCarbKB
G85144OK	HexNAc5Hex6dHex1NeuAc2NeuGc0Pent0S0P0KDN0HexA0	UniCarbKB
G85335EW	HexNAc(2)Hex(4)Pent(1)	Byonic
G85335EW	HexNAc2Hex4Pent1	ShortUniCarbKB
G85335EW	HexNAc2Hex4dHex0NeuAc0NeuGc0Pent1S0P0KDN0HexA0	UniCarbKB
G85373BL	HexNAc3Hex0dHex0NeuAc0NeuGc0Pent0S3P0KDN0HexA2	UniCarbKB
G85373BL	HexNAc3S3HexA2	ShortUniCarbKB
G85582CB	H4N4S2	ShortComp
G85582CB	HexNAc(4)Hex(4)NeuAc(2)	Byonic
G85582CB	HexNAc4Hex4NeuAc2	ShortUniCarbKB
G85582CB	HexNAc4Hex4dHex0NeuAc2NeuGc0Pent0S0P0KDN0HexA0	UniCarbKB
G85740DB	HexNAc(5)Hex(5)dHex(1)	Byonic
G85740DB	HexNAc5Hex5dHex1	ShortUniCarbKB
G85740DB	HexNAc5Hex5dHex1NeuAc0NeuGc0Pent0S0P0KDN0HexA0	UniCarbKB
G85945LZ	H7N	ShortComp
G85945LZ	HexNAc(1)Hex(7)	Byonic
G85945LZ	HexNAc1Hex7	ShortUniCarbKB
G85945LZ	HexNAc1Hex7dHex0NeuAc0NeuGc0Pent0S0P0KDN0HexA0	UniCarbKB
G85987RP	HexNAc(5)Hex(7)dHex(1)	Byonic
G85987RP	HexNAc5Hex7dHex1	ShortUniCarbKB
G85987RP	HexNAc5Hex7dHex1NeuAc0NeuGc0Pent0S0P0KDN0HexA0	UniCarbKB
G86270PX	HexNAc(4)Hex(4)dHex(1)Sulpho(1)	Byonic
G86270PX	HexNAc4Hex4dHex1NeuAc0NeuGc0Pent0S1P0KDN0HexA0	UniCarbKB
G86270PX	HexNAc4Hex4dHex1S1	ShortUniCarbKB
G86364NQ	HexNAc(4)Hex(5)dHex(3)NeuAc(3)	Byonic
G86364NQ	HexNAc4Hex5dHex3NeuAc3	ShortUniCarbKB
G86364NQ	HexNAc4Hex5dHex3NeuAc3NeuGc0Pent0S0P0KDN0HexA0	UniCarbKB
G86458FO	HexNAc(4)Hex(2)dHex(3)	Byonic
G86458FO	HexNAc4Hex2dHex3	ShortUniCarbKB
G86458FO	HexNAc4Hex2dHex3NeuAc0NeuGc0Pent0S0P0KDN0HexA0	UniCarbKB
G86509KY	HexNAc(7)Hex(5)dHex(4)NeuAc(1)	Byonic
G86509KY	HexNAc7Hex5dHex4NeuAc1	ShortUniCarbKB
G86509KY	HexNAc7Hex5dHex4NeuAc1NeuGc0Pent0S0P0KDN0HexA0	UniCarbKB
G86577AW	HexNAc(6)Hex(4)dHex(5)NeuAc(1)	Byonic
G86577AW	HexNAc6Hex4dHex5NeuAc1	ShortUniCarbKB
G86577AW	HexNAc6Hex4dHex5NeuAc1NeuGc0Pent0S0P0KDN0HexA0	UniCarbKB
G86752LQ	HexNAc(5)Hex(6)dHex(1)NeuAc(1)	Byonic
G86752LQ	HexNAc5Hex6dHex1NeuAc1	ShortUniCarbKB
G86752LQ	HexNAc5Hex6dHex1NeuAc1NeuGc0Pent0S0P0KDN0HexA0	UniCarbKB
G86800DW	H12N	ShortComp
G86800DW	HexNAc(1)Hex(12)	Byonic
G86800DW	HexNAc1Hex12	ShortUniCarbKB
G86800DW	HexNAc1Hex12dHex0NeuAc0NeuGc0Pent0S0P0KDN0HexA0	UniCarbKB
G87046BF	HexNAc3Hex0dHex0NeuAc0NeuGc0Pent0S4P0KDN0HexA2	UniCarbKB
G87046BF	HexNAc3S4HexA2	ShortUniCarbKB
G87051GH	HexNAc(4)Hex(5)dHex(3)	Byonic
G87051GH	HexNAc4Hex5dHex3	ShortUniCarbKB
G87051GH	HexNAc4Hex5dHex3NeuAc0NeuGc0Pent0S0P0KDN0HexA0	UniCarbKB
G87139BK	HexNAc(6)Hex(4)dHex(1)NeuAc(2)	Byonic
G87139BK	HexNAc6Hex4dHex1NeuAc2	ShortUniCarbKB
G87139BK	HexNAc6Hex4dHex1NeuAc2NeuGc0Pent0S0P0KDN0HexA0	UniCarbKB
G87183DD	HexNAc(7)Hex(7)dHex(5)	Byonic
G87183DD	HexNAc7Hex7dHex5	ShortUniCarbKB
G87183DD	HexNAc7Hex7dHex5NeuAc0NeuGc0Pent0S0P0KDN0HexA0	UniCarbKB
G87208AT	H8N6S	ShortComp
G87208AT	HexNAc(6)Hex(8)NeuAc(1)	Byonic
G87208AT	HexNAc6Hex8NeuAc1	ShortUniCarbKB
G87208AT	HexNAc6Hex8dHex0NeuAc1NeuGc0Pent0S0P0KDN0HexA0	UniCarbKB
G87661QW	H5N5F2	ShortComp
G87661QW	HexNAc(5)Hex(5)Fuc(2)	Byonic
G87831WZ	H4NS2	ShortComp
G87831WZ	HexNAc(1)Hex(4)NeuAc(2)	Byonic
G87831WZ	HexNAc1Hex4NeuAc2	ShortUniCarbKB
G87831WZ	HexNAc1Hex4dHex0NeuAc2NeuGc0Pent0S0P0KDN0HexA0	UniCarbKB
G87849GZ	HexNAc(6)Hex(4)dHex(2)NeuAc(2)	Byonic
G87849GZ	HexNAc6Hex4dHex2NeuAc2	ShortUniCarbKB
G87849GZ	HexNAc6Hex4dHex2NeuAc2NeuGc0Pent0S0P0KDN0HexA0	UniCarbKB
G87849RX	HexNAc(5)Hex(5)dHex(5)	Byonic
G87849RX	HexNAc5Hex5dHex5	ShortUniCarbKB
G87849RX	HexNAc5Hex5dHex5NeuAc0NeuGc0Pent0S0P0KDN0HexA0	UniCarbKB
G87875QF	H4N4S4	ShortComp
G87875QF	HexNAc(4)Hex(4)NeuAc(4)	Byonic
G87875QF	HexNAc4Hex4NeuAc4	ShortUniCarbKB
G87875QF	HexNAc4Hex4dHex0NeuAc4NeuGc0Pent0S0P0KDN0HexA0	UniCarbKB
G88198IB	HexNAc(5)Hex(5)dHex(3)NeuAc(1)	Byonic
G88198IB	HexNAc5Hex5dHex3NeuAc1	ShortUniCarbKB
G88198IB	HexNAc5Hex5dHex3NeuAc1NeuGc0Pent0S0P0KDN0HexA0	UniCarbKB
G88374WZ	HexNAc(4)Hex(5)dHex(1)NeuAc(2)	Byonic
G88374WZ	HexNAc4Hex5dHex1NeuAc2	ShortUniCarbKB
G88374WZ	HexNAc4Hex5dHex1NeuAc2NeuGc0Pent0S0P0KDN0HexA0	UniCarbKB
G88431DQ	HexNAc1Hex0dHex0NeuAc0NeuGc0Pent0S2P0KDN0HexA1	UniCarbKB
G88431DQ	HexNAc1S2HexA1	ShortUniCarbKB
G88713AC	HN3	ShortComp
G88713AC	HexNAc(3)Hex(1)	Byonic
G88713AC	HexNAc3Hex1	ShortUniCarbKB
G88713AC	HexNAc3Hex1dHex0NeuAc0NeuGc0Pent0S0P0KDN0HexA0	UniCarbKB
G88725PI	HexNAc(5)Hex(3)dHex(1)	Byonic
G88725PI	HexNAc5Hex3dHex1	ShortUniCarbKB
G88725PI	HexNAc5Hex3dHex1NeuAc0NeuGc0Pent0S0P0KDN0HexA0	UniCarbKB
G88775CU	HexNAc(3)Hex(1)dHex(2)	Byonic
G88775CU	HexNAc3Hex1dHex2	ShortUniCarbKB
G88775CU	HexNAc3Hex1dHex2NeuAc0NeuGc0Pent0S0P0KDN0HexA0	UniCarbKB
G89009DQ	HexNAc(7)Hex(6)dHex(1)	Byonic
G89009DQ	HexNAc7Hex6dHex1	ShortUniCarbKB
G89009DQ	HexNAc7Hex6dHex1NeuAc0NeuGc0Pent0S0P0KDN0HexA0	UniCarbKB
G89373FA	H3N7S2	ShortComp
G89373FA	HexNAc(7)Hex(3)NeuAc(2)	Byonic
G89373FA	HexNAc7Hex3NeuAc2	ShortUniCarbKB
G89373FA	HexNAc7Hex3dHex0NeuAc2NeuGc0Pent0S0P0KDN0HexA0	UniCarbKB
G89430VM	HexNAc(6)Hex(3)Sulpho(1)	Byonic
G89430VM	HexNAc6Hex3S1	ShortUniCarbKB
G89430VM	HexNAc6Hex3dHex0NeuAc0NeuGc0Pent0S1P0KDN0HexA0	UniCarbKB
G89864HJ	Hex(2)dHex(1)	Byonic
G89864HJ	Hex2dHex1	ShortUniCarbKB
G89864HJ	HexNAc0Hex2dHex1NeuAc0NeuGc0Pent0S0P0KDN0HexA0	UniCarbKB
G90085MT	HexNAc(1)NeuAc(1)	Byonic
G90085MT	HexNAc1Hex0dHex0NeuAc1NeuGc0Pent0S0P0KDN0HexA0	UniCarbKB
G90085MT	HexNAc1NeuAc1	ShortUniCarbKB
G90085MT	NS	ShortComp
G90245IA	HexNAc(7)Hex(4)dHex(1)NeuAc(1)	Byonic
G90245IA	HexNAc7Hex4dHex1NeuAc1	ShortUniCarbKB
G90245IA	HexNAc7Hex4dHex1NeuAc1NeuGc0Pent0S0P0KDN0HexA0	UniCarbKB
G90306QO	H4	ShortComp
G90306QO	Hex(4)	Byonic
G90306QO	Hex4	ShortUniCarbKB
G90306QO	HexNAc0Hex4dHex0NeuAc0NeuGc0Pent0S0P0KDN0HexA0	UniCarbKB
G90415UF	Hex2Pent1S1HexA1	ShortUniCarbKB
G90415UF	HexNAc0Hex2dHex0NeuAc0NeuGc0Pent1S1P0KDN0HexA1	UniCarbKB
G90423UY	HexNAc(2)dHex(2)	Byonic
G90423UY	HexNAc2Hex0dHex2NeuAc0NeuGc0Pent0S0P0KDN0HexA0	UniCarbKB
G90423UY	HexNAc2dHex2	ShortUniCarbKB
G90444EI	HexNAc(9)Hex(8)dHex(1)	Byonic
G90444EI	HexNAc9Hex8dHex1	ShortUniCarbKB
G90444EI	HexNAc9Hex8dHex1NeuAc0NeuGc0Pent0S0P0KDN0HexA0	UniCarbKB
G90519UC	HexNAc(2)Hex(4)NeuGc(2)	Byonic
G90519UC	HexNAc2Hex4NeuGc2	ShortUniCarbKB
G90519UC	HexNAc2Hex4dHex0NeuAc0NeuGc2Pent0S0P0KDN0HexA0	UniCarbKB
G90627TW	H2	ShortComp
G90627TW	Hex(2)	Byonic
G90627TW	Hex2	ShortUniCarbKB
G90627TW	HexNAc0Hex2dHex0NeuAc0NeuGc0Pent0S0P0KDN0HexA0	UniCarbKB
G90665OT	HexNAc(2)Hex(4)dHex(3)	Byonic
G90665OT	HexNAc2Hex4dHex3	ShortUniCarbKB
G90665OT	HexNAc2Hex4dHex3NeuAc0NeuGc0Pent0S0P0KDN0HexA0	UniCarbKB
G90881NN	HexNAc(7)Hex(7)dHex(3)NeuAc(1)	Byonic
G90881NN	HexNAc7Hex7dHex3NeuAc1	ShortUniCarbKB
G90881NN	HexNAc7Hex7dHex3NeuAc1NeuGc0Pent0S0P0KDN0HexA0	UniCarbKB
G90885MZ	HexNAc(6)Hex(6)dHex(1)NeuAc(3)	Byonic
G90885MZ	HexNAc6Hex6dHex1NeuAc3	ShortUniCarbKB
G90885MZ	HexNAc6Hex6dHex1NeuAc3NeuGc0Pent0S0P0KDN0HexA0	UniCarbKB
G91158SA	HexNAc(8)Hex(6)dHex(3)	Byonic
G91158SA	HexNAc8Hex6dHex3	ShortUniCarbKB
G91158SA	HexNAc8Hex6dHex3NeuAc0NeuGc0Pent0S0P0KDN0HexA0	UniCarbKB
G91491VF	HexNAc(10)Hex(10)dHex(2)	Byonic
G91491VF	HexNAc10Hex10dHex2	ShortUniCarbKB
G91491VF	HexNAc10Hex10dHex2NeuAc0NeuGc0Pent0S0P0KDN0HexA0	UniCarbKB
G92050GC	H4N2	ShortComp
G92050GC	HexNAc(2)Hex(4)	Byonic
G92050GC	HexNAc2Hex4	ShortUniCarbKB
G92050GC	HexNAc2Hex4dHex0NeuAc0NeuGc0Pent0S0P0KDN0HexA0	UniCarbKB
G92119WG	HexNAc(4)Hex(4)Sulpho(1)	Byonic
G92119WG	HexNAc4Hex4S1	ShortUniCarbKB
G92119WG	HexNAc4Hex4dHex0NeuAc0NeuGc0Pent0S1P0KDN0HexA0	UniCarbKB
G92198TI	HexNAc(6)Hex(3)dHex(5)	Byonic
G92198TI	HexNAc6Hex3dHex5	ShortUniCarbKB
G92198TI	HexNAc6Hex3dHex5NeuAc0NeuGc0Pent0S0P0KDN0HexA0	UniCarbKB
G92275SC	H3N2F	ShortComp
G92275SC	HexNAc(2)Hex(3)Fuc(1)	Byonic
G92597CK	HexNAc(3)Hex(4)dHex(2)	Byonic
G92597CK	HexNAc3Hex4dHex2	ShortUniCarbKB
G92597CK	HexNAc3Hex4dHex2NeuAc0NeuGc0Pent0S0P0KDN0HexA0	UniCarbKB
G92646KL	HexNAc(6)Hex(4)dHex(5)	Byonic
G92646KL	HexNAc6Hex4dHex5	ShortUniCarbKB
G92646KL	HexNAc6Hex4dHex5NeuAc0NeuGc0Pent0S0P0KDN0HexA0	UniCarbKB
G93526NJ	HexNAc(6)Hex(3)dHex(3)	Byonic
G93526NJ	HexNAc6Hex3dHex3	ShortUniCarbKB
G93526NJ	HexNAc6Hex3dHex3NeuAc0NeuGc0Pent0S0P0KDN0HexA0	UniCarbKB
G93579XB	HexNAc(2)Hex(2)dHex(1)	Byonic
G93579XB	HexNAc2Hex2dHex1	ShortUniCarbKB
G93579XB	HexNAc2Hex2dHex1NeuAc0NeuGc0Pent0S0P0KDN0HexA0	UniCarbKB
G93718GY	H7N6FS	ShortComp
G93718GY	HexNAc(6)Hex(7)Fuc(1)NeuAc(1)	Byonic
G94094XU	H2S	ShortComp
G94094XU	Hex(2)NeuAc(1)	Byonic
G94094XU	Hex2NeuAc1	ShortUniCarbKB
G94094XU	HexNAc0Hex2dHex0NeuAc1NeuGc0Pent0S0P0KDN0HexA0	UniCarbKB
G94583DZ	HexNAc(2)Hex(1)dHex(1)	Byonic
G94583DZ	HexNAc2Hex1dHex1	ShortUniCarbKB
G94583DZ	HexNAc2Hex1dHex1NeuAc0NeuGc0Pent0S0P0KDN0HexA0	UniCarbKB
G94917XT	HexNAc(5)Hex(6)dHex(1)NeuAc(3)	Byonic
G94917XT	HexNAc5Hex6dHex1NeuAc3	ShortUniCarbKB
G94917XT	HexNAc5Hex6dHex1NeuAc3NeuGc0Pent0S0P0KDN0HexA0	UniCarbKB
G95440AJ	HexNAc(2)Hex(2)dHex(1)Pent(1)	Byonic
G95440AJ	HexNAc2Hex2dHex1NeuAc0NeuGc0Pent1S0P0KDN0HexA0	UniCarbKB
G95440AJ	HexNAc2Hex2dHex1Pent1	ShortUniCarbKB
G95484XN	HexNAc(7)Hex(8)dHex(1)NeuAc(2)	Byonic
G95484XN	HexNAc7Hex8dHex1NeuAc2	ShortUniCarbKB
G95484XN	HexNAc7Hex8dHex1NeuAc2NeuGc0Pent0S0P0KDN0HexA0	UniCarbKB
G95678HJ	HexNAc(6)Hex(7)dHex(1)NeuAc(4)	Byonic
G95678HJ	HexNAc6Hex7dHex1NeuAc4	ShortUniCarbKB
G95678HJ	HexNAc6Hex7dHex1NeuAc4NeuGc0Pent0S0P0KDN0HexA0	UniCarbKB
G95835XS	HexNAc(5)Hex(4)dHex(1)NeuAc(2)	Byonic
G95835XS	HexNAc5Hex4dHex1NeuAc2	ShortUniCarbKB
G95835XS	HexNAc5Hex4dHex1NeuAc2NeuGc0Pent0S0P0KDN0HexA0	UniCarbKB
G96002QE	HexNAc(7)Hex(7)dHex(2)	Byonic
G96002QE	HexNAc7Hex7dHex2	ShortUniCarbKB
G96002QE	HexNAc7Hex7dHex2NeuAc0NeuGc0Pent0S0P0KDN0HexA0	UniCarbKB
G96430BV	H3N8	ShortComp
G96430BV	HexNAc(8)Hex(3)	Byonic
G96430BV	HexNAc8Hex3	ShortUniCarbKB
G96430BV	HexNAc8Hex3dHex0NeuAc0NeuGc0Pent0S0P0KDN0HexA0	UniCarbKB
G96970RU	H3NS2	ShortComp
G96970RU	HexNAc(1)Hex(3)NeuAc(2)	Byonic
G96970RU	HexNAc1Hex3NeuAc2	ShortUniCarbKB
G96970RU	HexNAc1Hex3dHex0NeuAc2NeuGc0Pent0S0P0KDN0HexA0	UniCarbKB
G97205DE	H4N2S	ShortComp
G97205DE	HexNAc(2)Hex(4)NeuAc(1)	Byonic
G97205DE	HexNAc2Hex4NeuAc1	ShortUniCarbKB
G97205DE	HexNAc2Hex4dHex0NeuAc1NeuGc0Pent0S0P0KDN0HexA0	UniCarbKB
G97591GH	H8	ShortComp
G97591GH	Hex(8)	Byonic
G97591GH	Hex8	ShortUniCarbKB
G97591GH	HexNAc0Hex8dHex0NeuAc0NeuGc0Pent0S0P0KDN0HexA0	UniCarbKB
G97746VZ	HexNAc(3)Hex(6)dHex(2)NeuAc(2)	Byonic
G97746VZ	HexNAc3Hex6dHex2NeuAc2	ShortUniCarbKB
G97746VZ	HexNAc3Hex6dHex2NeuAc2NeuGc0Pent0S0P0KDN0HexA0	UniCarbKB
G97949VC	HexNAc(1)Hex(3)dHex(1)NeuAc(1)	Byonic
G97949VC	HexNAc1Hex3dHex1NeuAc1	ShortUniCarbKB
G97949VC	HexNAc1Hex3dHex1NeuAc1NeuGc0Pent0S0P0KDN0HexA0	UniCarbKB
G98129ME	HexNAc(11)Hex(11)dHex(2)	Byonic
G98129ME	HexNAc11Hex11dHex2	ShortUniCarbKB
G98129ME	HexNAc11Hex11dHex2NeuAc0NeuGc0Pent0S0P0KDN0HexA0	UniCarbKB
G98218GX	H5NS2	ShortComp
G98218GX	HexNAc(1)Hex(5)NeuAc(2)	Byonic
G98218GX	HexNAc1Hex5NeuAc2	ShortUniCarbKB
G98218GX	HexNAc1Hex5dHex0NeuAc2NeuGc0Pent0S0P0KDN0HexA0	UniCarbKB
G98385AL	HexNAc(7)Hex(7)dHex(3)	Byonic
G98385AL	HexNAc7Hex7dHex3	ShortUniCarbKB
G98385AL	HexNAc7Hex7dHex3NeuAc0NeuGc0Pent0S0P0KDN0HexA0	UniCarbKB
G98544EX	HexNAc(6)Hex(6)dHex(2)NeuAc(2)	Byonic
G98544EX	HexNAc6Hex6dHex2NeuAc2	ShortUniCarbKB
G98544EX	HexNAc6Hex6dHex2NeuAc2NeuGc0Pent0S0P0KDN0HexA0	UniCarbKB
G98553XA	H4N2S2	ShortComp
G98553XA	HexNAc(2)Hex(4)NeuAc(2)	Byonic
G98553XA	HexNAc2Hex4NeuAc2	ShortUniCarbKB
G98553XA	HexNAc2Hex4dHex0NeuAc2NeuGc0Pent0S0P0KDN0HexA0	UniCarbKB
G98596OT	HexNAc(6)Hex(6)dHex(1)NeuAc(2)	Byonic
G98596OT	HexNAc6Hex6dHex1NeuAc2	ShortUniCarbKB
G98596OT	HexNAc6Hex6dHex1NeuAc2NeuGc0Pent0S0P0KDN0HexA0	UniCarbKB
G98611JV	H5N5S2	ShortComp
G98611JV	HexNAc(5)Hex(5)NeuAc(2)	Byonic
G98611JV	HexNAc5Hex5NeuAc2	ShortUniCarbKB
G98611JV	HexNAc5Hex5dHex0NeuAc2NeuGc0Pent0S0P0KDN0HexA0	UniCarbKB
G99679NM	H7N6S3	ShortComp
G99679NM	HexNAc(6)Hex(7)NeuAc(3)	Byonic
G99679NM	HexNAc6Hex7NeuAc3	ShortUniCarbKB
G99679NM	HexNAc6Hex7dHex0NeuAc3NeuGc0Pent0S0P0KDN0HexA0	UniCarbKB
G99931NX	HexNAc(7)Hex(10)dHex(4)NeuAc(1)	Byonic
G99931NX	HexNAc7Hex10dHex4NeuAc1	ShortUniCarbKB
G99931NX	HexNAc7Hex10dHex4NeuAc1NeuGc0Pent0S0P0KDN0HexA0	UniCarbKB
